batch_index,time_a,time_b,pair_a,pair_b,face_a,mixed_with_wall,batch_events
1,2,1,I2,O1,SW,false,pair:I2:O1:SW|pair:I3:O2:NW
1,2,1,I3,O2,NW,false,pair:I2:O1:SW|pair:I3:O2:NW
4,6,3,I3,O1,SW,false,pair:I3:O1:SW
5,7,7/2,I0,O0,SE,false,pair:I0:O0:SE
7,17/2,4,I0,O2,W,false,pair:I0:O2:W
9,21/2,5,I0,O0,SE,false,pair:I0:O0:SE|pair:I2:I3:W
9,21/2,5,I2,I3,W,false,pair:I0:O0:SE|pair:I2:I3:W
11,25/2,6,I3,O1,SW,true,wall:I0:N|pair:I3:O1:SW
13,27/2,6,I2,O0,N,false,pair:I2:O0:N
16,17,8,I3,O2,NW,false,pair:I3:O2:NW
17,35/2,8,I0,O0,SE,false,pair:I0:O0:SE
20,85/4,10,O1,O2,N,false,pair:O1:O2:N
24,53/2,10,I0,O1,N,false,pair:I0:O1:N
25,25,23/2,I2,O2,E,false,pair:I2:O2:E
26,103/4,12,I3,O2,W,false,pair:I3:O2:W
30,59/2,13,O0,O1,W,false,pair:O0:O1:W
31,119/4,27/2,I0,O2,N,false,pair:I0:O2:N
37,69/2,31/2,I0,O1,E,false,pair:I0:O1:E
38,135/4,65/4,I2,O1,SW,false,pair:I2:O1:SW
43,39,35/2,I0,I3,N,false,pair:I0:I3:N
47,169/4,75/4,I2,O2,N,false,pair:I2:O2:N
49,44,41/2,I0,I3,N,false,pair:I0:I3:N
51,227/5,207/10,I0,O2,SE,false,pair:I0:O2:SE
52,271/6,64/3,I0,O1,SW,false,pair:I0:O1:SW
53,418/9,377/18,I2,O2,N,false,pair:I2:O2:N
56,287/6,70/3,I0,O0,NE,false,pair:I0:O0:NE
57,587/12,271/12,I2,O1,N,false,pair:I2:O1:N
59,319/6,68/3,O0,O2,S,false,pair:O0:O2:S
61,421/8,187/8,I3,O2,NW,false,pair:I3:O2:NW
62,1479/28,93/4,O0,O2,S,false,pair:O0:O2:S
63,637/12,277/12,I3,O2,NW,false,pair:I3:O2:NW
66,213/4,95/4,I0,O1,S,false,pair:I0:O1:S
68,109/2,73/3,I0,O1,S,false,pair:I0:O1:S
73,347/6,28,I2,I3,NE,false,pair:I2:I3:NE
78,2751/44,1235/44,O1,O2,NE,false,pair:O1:O2:NE
79,1001/16,451/16,I2,O0,NW,false,pair:I2:O0:NW
81,4053/64,1831/64,O0,O2,W,false,pair:O0:O2:W
82,698/11,643/22,I2,I3,E,false,pair:I2:I3:E
83,3657/56,1599/56,I2,O0,W,false,pair:I2:O0:W
84,2345/36,1061/36,O0,O1,SW,false,pair:O0:O1:SW
87,865/12,313/12,I2,I3,E,false,pair:I2:I3:E
89,2221/32,975/32,I2,I3,SE,false,pair:I2:I3:SE
91,957/14,235/7,I0,I2,SW,false,pair:I0:I2:SW
93,1575/22,378/11,I0,O2,N,false,pair:I0:O2:N
98,3317/44,1549/44,O0,O2,E,false,pair:O0:O2:E
100,331/4,123/4,I2,O1,NE,false,pair:I2:O1:NE
101,313/4,415/12,O0,O1,SW,false,pair:O0:O1:SW
103,5027/64,2385/64,I2,O0,NE,false,pair:I2:O0:NE
105,325/4,1385/36,I2,O1,SW,false,pair:I2:O1:SW
110,1102/13,1049/26,I0,O2,NW,false,pair:I0:O2:NW
111,2650/31,2483/62,I2,O2,E,false,pair:I2:O2:E
112,2287/27,245/6,I2,O1,NW,false,pair:I2:O1:NW
116,2405/27,763/18,I0,I2,W,false,pair:I0:I2:W
118,1576/17,1441/34,I3,O2,NE,false,pair:I3:O2:NE
120,71,361/6,I2,O2,NW,false,pair:I2:O2:NW
121,95,617/14,O0,O1,NE,false,pair:O0:O1:NE
125,2256/23,2119/46,I2,O2,NW,false,pair:I2:O2:NW
126,497/5,277/6,I0,O1,NW,false,pair:I0:O1:NW
130,703/7,4623/98,I2,O2,NW,false,pair:I2:O2:NW
132,2873/29,2795/58,I0,O1,NW,false,pair:I0:O1:NW
135,1508/15,4301/90,I2,O0,E,false,pair:I2:O0:E
136,1437/14,985/21,I2,O2,NW,false,pair:I2:O2:NW
138,1471/14,1004/21,I3,O1,E,false,pair:I3:O1:E
140,974/9,877/18,I0,O1,NW,false,pair:I0:O1:NW
143,4469/42,356/7,O0,O1,SE,false,pair:O0:O1:SE
144,3079/30,54,I0,O1,N,false,pair:I0:O1:N
146,5905/54,1333/27,I2,I3,NE,false,pair:I2:I3:NE
152,19777/170,4612/85,O0,O1,SW,false,pair:O0:O1:SW
154,13781/119,13309/238,I0,I3,N,false,pair:I0:I3:N
155,8498/71,7595/142,I0,I2,W,false,pair:I0:I2:W
156,11083/94,7852/141,I0,O0,S,false,pair:I0:O0:S
162,517/4,2395/44,I0,I3,S,false,pair:I0:I3:S
165,14933/119,14333/238,I0,O0,S,false,pair:I0:O0:S
166,35533/280,3343/56,I0,O1,N,false,pair:I0:O1:N
169,1945/14,379/7,I0,O0,SW,false,pair:I0:O0:SW
172,13172/99,12523/198,I3,O1,NE,false,pair:I3:O1:NE
175,2653/19,2241/38,I2,O2,E,false,pair:I2:O2:E
177,27921/206,6425/103,I0,O0,W,false,pair:I0:O0:W
180,23427/172,11227/172,I2,O0,S,false,pair:I2:O0:S
181,11207/83,10981/166,I0,I3,N,false,pair:I0:I3:N
182,36883/267,11431/178,I0,O1,E,false,pair:I0:O1:E
183,43502/315,40487/630,I3,O2,NW,false,pair:I3:O2:NW
184,21088/149,18525/298,I0,I3,N,false,pair:I0:I3:N
185,31216/225,29273/450,I0,O0,W,false,pair:I0:O0:W
190,2703/19,2541/38,I2,O2,NW,false,pair:I2:O2:NW
193,57488/393,51569/786,I0,O1,SE,false,pair:I0:O1:SE
195,81572/563,76099/1126,I2,I3,SE,false,pair:I2:I3:SE
196,1312/9,6061/90,I0,O1,SE,false,pair:I0:O1:SE
198,46682/321,44021/642,I0,O0,SW,false,pair:I0:O0:SW
199,7421/50,1704/25,I3,O1,S,false,pair:I3:O1:S
201,12913/87,12253/174,O0,O1,E,false,pair:O0:O1:E
203,154164/1025,143713/2050,I0,I2,N,false,pair:I0:I2:N
205,72168/479,67271/958,I0,I2,N,false,pair:I0:I2:N
207,174238/1145,159109/2290,I0,I3,S,false,pair:I0:I3:S
208,51035/333,45919/666,I0,I2,N,false,pair:I0:I2:N
213,156182/1007,148251/2014,I0,O1,SE,false,pair:I0:O1:SE
215,108822/709,107745/1418,I0,O2,N,false,pair:I0:O2:N
216,97674/593,82149/1186,I2,O1,S,false,pair:I2:O1:S
219,36554/225,232243/3150,O0,O1,NE,false,pair:O0:O1:NE
227,367690/2203,339839/4406,I2,I3,NE,false,pair:I2:I3:NE
229,33357/202,8292/101,I3,O1,S,false,pair:I3:O1:S
231,235774/1357,219417/2714,I2,O2,E,false,pair:I2:O2:E
232,68283/389,62311/778,I0,I3,NE,false,pair:I0:I3:NE
234,362492/2079,340063/4158,I0,O1,S,false,pair:I0:O1:S
237,733266/4237,706801/8474,I3,O2,NW,false,pair:I3:O2:NW
238,642998/3645,118789/1458,I2,O0,NW,false,pair:I2:O0:NW
242,1237262/6967,1152051/13934,I0,I3,E,false,pair:I0:I3:E
244,866830/4911,832747/9822,I0,O1,SW,false,pair:I0:O1:SW
247,571726/3131,1588357/18786,O0,O1,E,false,pair:O0:O1:E
249,2037810/11197,1943009/22394,I0,I2,N,false,pair:I0:I2:N
254,426194/2293,1237195/13758,I2,I3,SW,false,pair:I2:I3:SW
257,4788882/24925,4442049/49850,I0,I3,E,false,pair:I0:I3:E
258,376484/1941,341621/3882,O0,O2,S,false,pair:O0:O2:S
259,274974/1415,2273531/25470,O1,O2,N,false,pair:O1:O2:N
264,620878/3131,573143/6262,O0,O1,W,false,pair:O0:O1:W
265,2902786/14621,2677153/29242,I0,O2,NE,false,pair:I0:O2:NE
267,2805494/14159,8002865/84954,I0,I2,SE,false,pair:I0:I2:SE
273,210543/1028,98391/1028,I0,O1,N,false,pair:I0:O1:N
278,4671434/22225,4315621/44450,I3,O2,W,false,pair:I3:O2:W
280,154002/721,140725/1442,I0,O1,N,false,pair:I0:O1:N
281,5004678/23399,4572275/46798,I3,O1,SW,false,pair:I3:O1:SW
283,12716594/59909,11888745/119818,I2,I3,NW,false,pair:I2:I3:NW
284,796914/3821,778513/7642,I3,O1,SW,false,pair:I3:O1:SW
286,7231498/34337,6946613/68674,I3,O1,SW,false,pair:I3:O1:SW
290,10074922/46753,1369507/13358,O1,O2,SW,false,pair:O1:O2:SW
291,2870682/13393,2784453/26786,I3,O0,S,false,pair:I3:O0:S
294,6412938/29473,6111541/58946,I0,I3,W,false,pair:I0:I3:W
297,13240882/59909,12413033/119818,I2,O2,NW,false,pair:I2:O2:NW
302,16507462/73527,5235137/49018,I0,O2,S,false,pair:I0:O2:S
305,2350814/10451,6799405/62706,I2,O0,N,false,pair:I2:O0:N
306,34505078/149871,31922651/299742,I2,O2,E,false,pair:I2:O2:E
307,14972838/65095,42008633/390570,I2,I3,NW,false,pair:I2:I3:NW
308,7714602/33473,7209109/66946,O0,O1,W,false,pair:O0:O1:W
309,40394110/173379,12354453/115586,I3,O1,N,false,pair:I3:O1:N
319,3165594/13393,3046597/26786,I2,O1,S,false,pair:I2:O1:S
321,9450214/39303,9079507/78606,O0,O2,S,false,pair:O0:O2:S
324,6065094/24919,17215529/149514,I3,O2,N,false,pair:I3:O2:N
326,19266762/77393,17562469/154786,I0,I3,W,false,pair:I0:I3:W
331,16262630/64039,874051/7534,I2,O2,N,false,pair:I2:O2:N
335,11481018/43561,10085149/87122,I0,I2,SW,false,pair:I0:I2:SW
340,26916826/103353,8444495/68902,I2,O2,NW,false,pair:I2:O2:NW
342,42670882/162381,39371281/324762,I3,O1,NW,false,pair:I3:O1:NW
343,3224318/12291,19035599/155686,I3,O0,E,false,pair:I3:O0:E
345,5061110/19407,14548657/116442,I0,O2,SW,false,pair:I0:O2:SW
346,110941550/421083,35102909/280722,I2,I3,NE,false,pair:I2:I3:NE
349,279086990/1039531,261871175/2079062,I2,O0,N,false,pair:I2:O0:N
352,118010198/436479,111047723/872958,O1,O2,N,false,pair:O1:O2:N
353,155333726/574323,146219695/1148646,I0,O2,SW,false,pair:I0:O2:SW
358,81432450/289981,72797505/579962,O1,O2,N,false,pair:O1:O2:N
360,300999542/1084367,279008059/2168734,O0,O2,S,false,pair:O0:O2:S
361,109783546/397193,103105277/794386,O1,O2,N,false,pair:O1:O2:N
364,55078218/196433,50783077/392866,O1,O2,N,false,pair:O1:O2:N
367,322286/1147,3929579/29822,O0,O2,SW,false,pair:O0:O2:SW
369,27969194/99073,26319829/198146,I0,O2,SW,false,pair:I0:O2:SW
372,67625822/236851,62479471/473702,I0,O2,SW,false,pair:I0:O2:SW
373,107820778/381985,102729077/763970,I3,O2,NW,false,pair:I3:O2:NW
376,72154894/254059,68540679/508118,I2,I3,W,false,pair:I2:I3:W
377,68900994/242621,66978369/485242,I3,O1,S,false,pair:I3:O1:S
380,79778758/274135,74432227/548270,I0,I2,S,false,pair:I0:I2:S
384,158717382/540439,147828003/1080878,I0,O2,W,false,pair:I0:O2:W
388,74684722/252789,70630745/505578,I2,O1,S,false,pair:I2:O1:S
389,141146250/468913,128341061/937826,I3,O0,S,false,pair:I3:O0:S
391,18676654/62651,123266081/877114,I0,O1,SW,false,pair:I0:O1:SW
394,32435206/107959,151462223/1079590,I2,O2,W,false,pair:I2:O2:W
396,329208666/1090169,310147245/2180338,I3,O2,NW,false,pair:I3:O2:NW
397,93873718/310991,88732859/621982,O0,O1,NE,false,pair:O0:O1:NE
402,106859506/337429,92930937/674858,I2,O1,NW,false,pair:I2:O1:NW
405,123077018/399321,117014669/798642,I3,O1,S,false,pair:I3:O1:S
409,214794010/681689,202151053/1363378,I2,O0,W,false,pair:I2:O0:W
414,441262494/1376275,408509903/2752550,O0,O2,SW,false,pair:O0:O2:SW
415,463533058/1452029,434835841/2904058,I2,I3,SE,false,pair:I2:I3:SE
418,192920518/596279,179770435/1192558,I3,O2,SW,false,pair:I3:O2:SW
420,90617014/283311,87478939/566622,I0,O1,SE,false,pair:I0:O1:SE
424,568427422/1753235,107673923/701294,I0,I2,NW,false,pair:I0:I2:NW
425,189750382/579931,175822007/1159862,I0,I3,SW,false,pair:I0:I3:SW
426,387193394/1186613,363411737/2373226,I0,O1,SE,false,pair:I0:O1:SE
427,169136002/522493,486044291/3134958,O0,O1,N,false,pair:O0:O1:N
428,60107306/190433,61316277/380866,I0,O1,SE,false,pair:I0:O1:SE
430,75380294/230587,71010791/461174,I3,O0,SE,false,pair:I3:O0:SE
431,237080430/724859,670464389/4349154,I3,O2,W,false,pair:I3:O2:W
434,25518502/78055,63764075/405886,I0,I3,SW,false,pair:I0:I3:SW
435,180341530/542289,168458693/1084578,I2,O2,SW,false,pair:I2:O2:SW
439,315758166/944255,296842667/1888510,O0,O1,E,false,pair:O0:O1:E
440,365345294/1078219,332357991/2156438,I3,O0,SE,false,pair:I3:O0:SE
441,1323603378/3943157,1236953049/7886314,I0,I2,W,false,pair:I0:I2:W
442,4699083/13927,4354201/27854,I2,I3,W,false,pair:I2:I3:W
445,80289306/239033,529215227/3346462,I2,O0,S,false,pair:I2:O0:S
447,651376382/1933139,616224335/3866278,I0,I2,SW,false,pair:I0:I2:SW
448,10213850/30243,48306883/302430,I2,O2,S,false,pair:I2:O2:S
449,1056154326/3105167,991679035/6210334,I2,I3,NW,false,pair:I2:I3:NW
453,66389962/192441,560691317/3463938,I3,O0,SE,false,pair:I3:O0:SE
461,158413602/449917,57142937/346090,I2,O0,NE,false,pair:I2:O0:NE
462,240942426/685831,227277355/1371662,I3,O0,S,false,pair:I3:O0:S
466,944008570/2650969,882537037/5301938,I0,I3,SW,false,pair:I0:I3:SW
469,426912726/1198631,404756371/2397262,O1,O2,SE,false,pair:O1:O2:SE
470,1393502122/3889345,15336513/91514,I0,O1,S,false,pair:I0:O1:S
471,1530025982/4259827,1430856175/8519654,O0,O1,N,false,pair:O0:O1:N
472,12313765/34047,11406877/68094,I2,O0,NW,false,pair:I2:O0:NW
475,1042702142/2878899,980708143/5757798,I3,O1,N,false,pair:I3:O1:N
478,1133458198/3094927,1049445819/6189854,I2,O2,W,false,pair:I2:O2:W
479,925694566/2547287,2625399145/15283722,I3,O0,SE,false,pair:I3:O0:SE
483,589038662/1609335,185631617/1072890,I0,I2,S,false,pair:I0:I2:S
486,1761720158/4836067,1732854687/9672134,I2,O0,W,false,pair:I2:O0:W
488,2780405598/7507747,2629355999/15015494,I2,O0,W,false,pair:I2:O0:W
490,209744900/563499,196498811/1126998,I0,O0,SE,false,pair:I0:O0:SE
494,307518042/821329,292837701/1642658,O0,O2,SW,false,pair:O0:O2:SW
500,3951184246/10356071,3696940947/20712142,I0,O2,E,false,pair:I0:O2:E
501,432372782/1146565,24744289/134890,I0,O1,SE,false,pair:I0:O1:SE
504,2487132126/6427435,460823099/2570974,O0,O1,S,false,pair:O0:O1:S
505,2028034450/5285729,1923057381/10571458,O1,O2,E,false,pair:O1:O2:E
506,456541302/1164119,1229826313/6984714,I0,I3,S,false,pair:I0:I3:S
508,7157603826/18474205,6697009793/36948410,I0,O0,E,false,pair:I0:O0:E
509,70477473/180970,16327866/90485,I3,O1,SE,false,pair:I3:O1:SE
515,3072302446/7845171,2761097/14986,O1,O2,NE,false,pair:O1:O2:NE
521,1683656794/4218777,2634418859/14062590,I0,O2,NE,false,pair:I0:O2:NE
524,5848051546/14639233,5532118261/29278466,I3,O0,SW,false,pair:I3:O0:SW
527,1174452402/2917621,12163764819/64187662,I0,I2,S,false,pair:I0:I2:S
529,7350466814/18262667,6941346119/36525334,I3,O2,E,false,pair:I3:O2:E
530,9849083046/24331399,9186883155/48662798,I0,I2,S,false,pair:I0:I2:S
531,4492332542/11126011,4239630647/22252022,I0,O0,NE,false,pair:I0:O0:NE
534,9323212622/22907939,8677009407/45815878,I3,O2,E,false,pair:I3:O2:E
536,3721377410/8986573,3374646993/17973146,I2,O1,W,false,pair:I2:O1:W
538,16584046418/40546413,5205501083/27030942,I0,I3,E,false,pair:I0:I3:E
541,1142878014/2840051,1140499823/5680102,I2,O0,N,false,pair:I2:O0:N
543,7974671314/19282509,2518167355/12855006,I3,O2,NE,false,pair:I3:O2:NE
547,6099709786/14639233,5750222069/29278466,I0,I3,NE,false,pair:I0:I3:NE
548,12542587526/29926951,11661792051/59853902,I0,I2,S,false,pair:I0:I2:S
551,209615018/500369,13246909679/67049446,I0,I2,S,false,pair:I0:I2:S
552,18033497214/42811963,16781443959/85623926,I0,I3,NE,false,pair:I0:I3:NE
555,5449848710/12877279,5083267243/25754558,I0,O0,N,false,pair:I0:O0:N
556,23597346418/55995117,22254406673/111990234,I3,O0,SW,false,pair:I3:O0:SW
557,12697648998/30240559,12087872187/60481118,I0,O0,N,false,pair:I0:O0:N
558,69981774478/165631667,65683253391/331263334,I3,O2,N,false,pair:I3:O2:N
559,4435591330/10485249,4157789029/20970498,I3,O0,SW,false,pair:I3:O0:SW
561,5029412950/11764727,4613470947/23529454,I3,O2,NW,false,pair:I3:O2:NW
564,19313831278/45527731,18310205647/91055462,I0,O2,NE,false,pair:I0:O2:NE
567,14940249898/34707609,4630591759/23138406,I3,O0,SW,false,pair:I3:O0:SW
569,4408475594/10202073,53684071241/265253898,I0,I2,E,false,pair:I0:I2:E
574,13772400106/31684857,4320184751/21123238,O0,O2,SW,false,pair:O0:O2:SW
575,13260233794/30171413,12282501337/60342826,I3,O0,S,false,pair:I3:O0:S
577,5615149582/12673603,5126485407/25347206,I3,O1,NE,false,pair:I3:O1:NE
579,17986204402/40678021,16582506857/81356042,I0,O1,NW,false,pair:I0:O1:NW
580,21861679850/49809441,6865124135/33206294,I2,O2,NW,false,pair:I2:O2:NW
581,31653827962/71932297,29627657725/143864594,I3,O1,E,false,pair:I3:O1:E
588,38620447706/87750705,2433078155/11700094,I0,O1,N,false,pair:I0:O1:N
590,2447180234/5428905,728426367/3619270,O0,O2,SE,false,pair:O0:O2:SE
592,18517201806/41832443,17461422103/83664886,I0,O2,SW,false,pair:I0:O2:SW
593,85389468090/192003233,79781660501/384006466,I3,O0,S,false,pair:I3:O0:S
596,121990269210/271165681,113972587877/542331362,O0,O2,NE,false,pair:O0:O2:NE
597,41340820502/91887791,38623859675/183775582,I0,I2,SW,false,pair:I0:I2:SW
601,61384122366/135221027,56913006239/270442054,I0,O1,SE,false,pair:I0:O1:SE
602,146460767486/322115499,15180029935/71581222,I2,O0,SW,false,pair:I2:O0:SW
606,27649809894/60149671,25933761523/120299342,I0,O0,E,false,pair:I0:O0:E
611,102610783990/223683751,97742831059/447367502,I2,O1,S,false,pair:I2:O1:S
612,97955938222/210989491,91102469967/421978982,I2,O2,N,false,pair:I2:O2:N
615,74787243830/161340103,70243829875/322680206,I2,O0,W,false,pair:I2:O0:W
616,225159978842/486417857,212328918069/972835714,I2,O2,N,false,pair:I2:O2:N
617,273926147730/590274557,256702772065/1180549114,I3,O0,SE,false,pair:I3:O0:SE
618,220505133074/473723597,205688556977/947447194,I2,O1,S,false,pair:I2:O1:S
622,382581072446/819130859,357373734183/1638261718,I2,O0,W,false,pair:I2:O0:W
623,205565895686/441985119,194643443243/883970238,O0,O2,NW,false,pair:O0:O2:NW
629,260738248458/554890937,247300883597/1109781874,I0,I3,NW,false,pair:I0:I3:NW
631,264774634426/548595873,237553885013/1097191746,I3,O0,E,false,pair:I3:O0:E
632,225336971282/473723597,209983524273/947447194,I2,O1,S,false,pair:I2:O1:S
635,351710157114/735873025,65679958769/294349210,I2,O2,SW,false,pair:I2:O2:SW
639,237141382734/486875875,217157469887/973751750,I0,O1,N,false,pair:I0:O1:N
641,767733244782/1590806291,720993084463/3181612582,I0,O2,SW,false,pair:I0:O2:SW
643,255020364302/529659203,241733845151/1059318406,I0,O1,NE,false,pair:I0:O1:NE
644,399277303050/820026097,369404317829/1640052194,O0,O2,E,false,pair:O0:O2:E
646,19839153482/41053681,467930865533/2052684050,O0,O2,E,false,pair:O0:O2:E
648,62498185826/129015109,176958596315/774090654,I3,O1,SW,false,pair:I3:O1:SW
653,583241953874/1186429965,182756715899/790953310,I3,O1,N,false,pair:I3:O1:N
664,2823365742466/5589605173,2639753945465/11179210346,I3,O2,E,false,pair:I3:O2:E
666,395383910098/782059101,373487685697/1564118202,I2,O0,SW,false,pair:I2:O0:SW
669,21476811334/42078759,33752387797/140262530,I0,O0,NE,false,pair:I0:O0:NE
677,260337419738/495710401,237018487349/991420802,I2,I3,N,false,pair:I2:I3:N
678,265654181614/513427131,12085290619/48897822,I0,I2,NE,false,pair:I0:I2:NE
685,898469494758/1697579759,839769146235/3395159518,I2,O1,SW,false,pair:I2:O1:SW
687,64670528266/120589285,59013546009/241178570,O1,O2,S,false,pair:O1:O2:S
689,254239412050/489465901,252266087313/978931802,I2,O0,SW,false,pair:I2:O0:SW
692,991276274282/1855027105,928628090357/3710054210,I3,O0,E,false,pair:I3:O0:E
694,250156358170/465427169,233016393941/930854338,I0,I2,E,false,pair:I0:I2:E
695,463800874862/863021095,433992569059/1726042190,I3,O2,SE,false,pair:I3:O2:SE
699,24563617230/44899147,15167658553/61440938,I3,O0,N,false,pair:I3:O0:N
701,488100226106/908342257,468431321125/1816684514,I0,I2,NE,false,pair:I0:I2:NE
704,1564076446822/2886138223,48042399653/186202466,O1,O2,SE,false,pair:O1:O2:SE
705,95744630074/177087561,91936437053/354175122,I0,O1,SE,false,pair:I0:O1:SE
709,3884016873950/7048099083,3630092924935/14096198166,I3,O0,NE,false,pair:I3:O0:NE
717,196794215182/361126051,972313098491/3611260510,I2,O2,E,false,pair:I2:O2:E
718,5329826301542/9660470143,269036151209/1016891594,I0,I2,NE,false,pair:I0:I2:NE
719,3361884149722/6049209633,3167060675989/12098419266,I2,O2,E,false,pair:I2:O2:E
720,9721382602190/17424485411,9083245744895/34848970822,I2,O0,NW,false,pair:I2:O0:NW
721,18421239320782/33019494115,3461171293683/13207797646,I3,O0,E,false,pair:I3:O0:E
728,15657856702758/27556745407,14639350932811/55113490814,I3,O0,SE,false,pair:I3:O0:SE
732,1966598207698/3509395245,1920011290513/7018790490,I0,O1,N,false,pair:I0:O1:N
735,1324655952782/2327974375,50655896027/186237950,O1,O2,SE,false,pair:O1:O2:SE
736,1867657541750/3256003431,12271792545029/45584048034,O0,O2,W,false,pair:O0:O2:W
739,9596693075526/16810487599,9175111835387/33620975198,I3,O2,N,false,pair:I3:O2:N
742,656163598642/1147558061,3153524588437/11475580610,I0,O1,E,false,pair:I0:O1:E
743,9759568464794/16923952321,9221995513525/33847904642,I2,I3,N,false,pair:I2:I3:N
750,4726789150614/8101672663,4423213746755/16203345326,I0,O2,S,false,pair:I0:O2:S
751,4084067031382/6931759063,3731509533635/13863518126,O1,O2,NW,false,pair:O1:O2:NW
756,2547471219350/4337258679,26357026109569/95419690938,O0,O2,SW,false,pair:O0:O2:SW
757,30311351057662/51396518907,28364215347767/102793037814,I3,O2,NE,false,pair:I3:O2:NE
758,28074857136106/47863047145,26659133558653/95726094290,I2,O0,NW,false,pair:I2:O0:NW
760,290777863930/496520681,279459156573/993041362,I0,O0,NE,false,pair:I0:O0:NE
765,49179499122902/82946913047,46636870349315/165893826094,I0,I3,S,false,pair:I0:I3:S
768,7469175875794/12520634509,63580007797625/225371421162,I2,I3,SW,false,pair:I2:I3:SW
771,62736662355618/104789819221,59108784545369/209579638442,I2,O1,E,false,pair:I2:O1:E
774,3837814557638/6411707567,25400189111901/89763905938,I2,O1,E,false,pair:I2:O1:E
777,60998211854706/101207943517,57758801169409/202415887034,I0,I3,SE,false,pair:I0:I3:SE
779,788212949982/1293943787,6592720277791/23290988166,O0,O1,SW,false,pair:O0:O1:SW
783,59278897846366/97311188587,55655151003495/194622377174,I2,O2,SE,false,pair:I2:O2:SE
784,3422194586066/5652563349,3270922183993/11305126698,I0,O2,NW,false,pair:I0:O2:NW
785,11769945152462/19366265955,2240383820659/7746506382,I0,I3,SE,false,pair:I0:I3:SE
788,5825253630322/9465027973,285792121363/996318734,I2,O1,E,false,pair:I2:O1:E
790,1180159261886/1923101175,1108661607827/3846202350,I2,O1,E,false,pair:I2:O1:E
792,28440878604346/46328400273,80622494060623/277970401638,I3,O2,W,false,pair:I3:O2:W
798,58328150139066/94570597585,11075264942849/37828239034,I3,O2,SW,false,pair:I3:O2:SW
800,17130563114366/27639501083,16108754354007/55279002166,O0,O1,W,false,pair:O0:O1:W
801,55084114144226/88465568053,51285970819257/176931136106,I0,O0,W,false,pair:I0:O0:W
803,20822987915494/33186565887,6356154037081/22124377258,O0,O1,W,false,pair:O0:O1:W
806,12811754006450/20054512061,490681912263/1743870614,I0,O0,NW,false,pair:I0:O0:NW
807,40363638710170/64944229633,114601918499551/389665377798,I0,I3,SE,false,pair:I0:I3:SE
808,54139581062030/87389088419,51658117258751/174778176838,I0,O0,NW,false,pair:I0:O0:NW
810,13391483908390/21547073183,38275772976769/129282439098,O0,O1,SW,false,pair:O0:O1:SW
811,34627164618146/56117454997,33668622226329/112234909994,I2,O1,N,false,pair:I2:O1:N
812,74524689307226/119088041441,70437777387349/238176082882,I3,O2,S,false,pair:I3:O2:S
816,191738799682162/303274124829,13909602492037/46657557666,O1,O2,SE,false,pair:O1:O2:SE
818,20931523202494/32770968283,19296163840663/65541936566,I2,O1,NE,false,pair:I2:O1:NE
823,21500959529126/33970610335,4093637879663/13588244134,I3,O1,S,false,pair:I3:O1:S
827,118247495634034/185402015261,334650261254723/1112412091566,O1,O2,SW,false,pair:O1:O2:SW
830,296701181474262/464383909271,280933782648451/928767818542,I3,O1,SE,false,pair:I3:O1:SE
831,52302568369698/81741326933,444235873656097/1471343884794,I0,O2,NE,false,pair:I0:O2:NE
832,304125144166162/476928170157,290453871901841/953856340314,I2,I3,S,false,pair:I2:I3:S
835,733215692772502/1145533389943,700752983927523/2291066779886,I3,O0,SW,false,pair:I3:O0:SW
837,700239316771814/1084090927807,659907959131595/2168181855614,I0,O0,NE,false,pair:I0:O0:NE
840,23395750422154/35930965337,109284592131553/359309653370,O0,O2,N,false,pair:O0:O2:N
842,35117609705530/54129260433,55187582776307/180430868110,O0,O2,N,false,pair:O0:O2:N
844,778557569770474/1208011241673,747351378987869/2416022483346,I0,O0,E,false,pair:I0:O0:E
845,1987466525798770/3070582644381,1892185341426497/6141165288762,O0,O1,NE,false,pair:O0:O1:NE
849,237534939256366/361708772467,221887109798671/723417544934,I3,O0,SW,false,pair:I3:O0:SW
850,1448593463654282/2219166593497,1375723013322669/4438333186994,I2,O1,S,false,pair:I2:O1:S
851,145872835169926/223945032399,12661049463601/40717278618,I3,O1,E,false,pair:I3:O1:E
852,454377863590310/706433941791,448511023400875/1412867883582,I3,O0,SW,false,pair:I3:O0:SW
855,293049457724654/447302665555,281274307959151/894605331110,I0,O1,N,false,pair:I0:O1:N
858,824506747639126/1240128796247,770736670748227/2480257592494,I3,O0,SW,false,pair:I3:O0:SW
860,42595321664182/64176713159,89572509813859/286326874094,O0,O2,SE,false,pair:O0:O2:SE
861,1170336682378074/1762463352673,1102094689020629/3524926705346,I0,I2,N,false,pair:I0:I2:N
865,4112929696179714/6165446210053,3884888021116361/12330892420106,O0,O1,SE,false,pair:O0:O1:SE
867,61824851931774/92532873851,58420004876727/185065747702,I2,O2,NW,false,pair:I2:O2:NW
871,3554675329468422/5269522443535,3311018066752603/10539044887070,I0,O1,W,false,pair:I0:O1:W
874,5169294899030858/7679249509177,4910428276285581/15358499018354,O0,O2,E,false,pair:O0:O2:E
876,14271425908234/21387203385,4633375057839/14258135590,I2,O1,W,false,pair:I2:O1:W
878,2270923033892534/3351500622279,712693465903825/2234333748186,I0,O2,N,false,pair:I0:O2:N
880,1002553128016474/1477813932257,942639380529749/2955627864514,I3,O1,E,false,pair:I3:O1:E
884,1350624987569954/1981497693397,1277027763500761/3962995386794,O0,O1,E,false,pair:O0:O1:E
886,3360462480872306/4905578138525,3162063297965121/9811156277050,I2,O0,NW,false,pair:I2:O0:NW
887,90740261314978/137320578837,93341249205785/274641157674,I0,O2,E,false,pair:I0:O2:E
891,2411702370641570/3516779117461,2286870180125849/7033558234922,I2,O0,N,false,pair:I2:O0:N
894,4855162917419042/7050965481301,4583891593530201/14101930962602,I0,O2,SE,false,pair:I0:O2:SE
898,4297069164415430/6245806672239,4093168881294395/12491613344478,I3,O1,N,false,pair:I3:O1:N
900,3241293715469006/4675088151555,3041085525120991/9350176303110,I0,I2,NE,false,pair:I0:I2:NE
903,478319355966422/684014181015,442232771493763/1368028362030,I3,O1,N,false,pair:I3:O1:N
904,965007008673238/1391920504727,916639040690307/2783841009454,O1,O2,SW,false,pair:O1:O2:SW
906,623698045586714/897689610177,1768311557747743/5386137661062,I2,O0,NE,false,pair:I2:O0:NE
907,3769717470900138/5457795044905,516817840577691/1559370012830,I3,O2,NW,false,pair:I3:O2:NW
908,7949814991517206/11423344433207,7501792127924643/22846688866414,I2,O1,SE,false,pair:I2:O1:SE
913,509586667889674/726642055449,797481533850251/2422140184830,O0,O1,S,false,pair:O0:O1:S
915,764043710081630/1088906728683,240474718451533/725937819122,O0,O2,SW,false,pair:O0:O2:SW
920,7494813120075286/10645725571127,7115873548224931/21291451142254,O1,O2,NW,false,pair:O1:O2:NW
922,3303031235140894/4664566681035,3115929818332231/9329133362070,I2,O1,NW,false,pair:I2:O1:NW
924,12142372765075766/17090705287175,11401772841847731/34181410574350,I2,I3,E,false,pair:I2:I3:E
928,6879881374584686/9658999094163,2166536477972197/6439332729442,I0,I3,E,false,pair:I0:I3:E
929,3239184080091818/4533589299625,9121927864053047/27201535797750,I2,O1,SW,false,pair:I2:O1:SW
930,10661573430581882/14924736805169,10028439541049061/29849473610338,I0,I2,SW,false,pair:I0:I2:SW
931,57135722573978/80345980609,54459649873589/160691961218,I2,O1,S,false,pair:I2:O1:S
933,6585169616431726/9197315456787,2057516133916517/6131543637858,I2,O1,S,false,pair:I2:O1:S
935,6834898857819430/9534059672031,6403351178248043/19068119344062,I2,O0,NW,false,pair:I2:O0:NW
937,7934169214911114/11197850547545,1541705516170505/4479140219018,I2,O2,N,false,pair:I2:O2:N
938,4009130344107794/5612225937581,11452029857754547/33673355625486,I2,O1,SE,false,pair:I2:O1:SE
942,13589208527632510/18866769873467,12803138154185591/37733539746934,I0,O0,S,false,pair:I0:O0:S
944,4989816533582762/6972026202153,14456821050001079/41832157212918,O0,O1,SW,false,pair:O0:O1:SW
947,51689526670599994/71409762031889,48795196211169349/142819524063778,O0,O1,W,false,pair:O0:O1:W
950,69817199506731358/96438935824491,66107466316052327/192877871648982,O1,O2,NW,false,pair:O1:O2:NW
953,5626363815389662/7751495808427,2276831445553187/6644139264366,I2,O2,E,false,pair:I2:O2:E
954,49199355983568242/67513452369053,46172889346656577/135026904738106,O1,O2,NW,false,pair:O1:O2:NW
956,43304679126332006/59338074216191,203940706327085879/593380742161910,I0,O2,S,false,pair:I0:O2:S
957,132268309021405702/181603437798927,41787271749899721/121068958532618,I2,O1,E,false,pair:I2:O1:E
959,22602352115349858/30816005628533,21148086732837113/61632011257066,I2,O2,NE,false,pair:I2:O2:NE
960,223444766051975102/305457954315355,42167935494599275/122183181726142,I0,I3,SE,false,pair:I0:I3:SE
966,53363006971396334/72448487745363,50747784608916335/144896975490726,I0,O2,E,false,pair:I0:O2:E
972,44611366197955594/60149695515929,127115263172838343/360898173095574,I0,I3,S,false,pair:I0:I3:S
973,4080130350427918/5471660157603,172189845516702419/492449414184270,I0,O2,N,false,pair:I0:O2:N
975,170256226064044334/226879711743987,52804928388768133/151253141162658,I0,O0,SE,false,pair:I0:O0:SE
976,194787000482319898/261278813997633,184417094824815413/522557627995266,O1,O2,SE,false,pair:O1:O2:SE
979,62251199697205574/83754260158511,59605246639725051/167508520317022,I2,O2,NW,false,pair:I2:O2:NW
980,319830651568312994/427532263891349,301375335307598489/855064527782698,I0,I2,W,false,pair:I0:I2:W
981,23608617593163566/30838407752435,12590869749739657/37006089302922,I2,O2,NW,false,pair:I2:O2:NW
985,267709440007955046/355420611309311,251898175720201995/710841222618622,O0,O2,W,false,pair:O0:O2:W
986,167321194672174398/222562034991643,158405218145213655/445124069983286,I3,O1,NW,false,pair:I3:O1:NW
991,132026060104895338/177117128334217,129393043085217053/354234256668434,I2,I3,S,false,pair:I2:I3:S
992,409418319918763138/539883175199301,386667907305648905/1079766350398602,O0,O1,NW,false,pair:O0:O1:NW
995,229345800497645214/297304832753035,41601166237899931/118921933101214,I3,O0,NW,false,pair:I3:O0:NW
996,578968549518718906/762549304525393,78400503017319955/217871229864398,I0,I2,E,false,pair:I0:I2:E
997,591988261476482082/779893769349461,564186950168151385/1559787538698922,I2,O1,E,false,pair:I2:O1:E
1001,332165240783382038/435180497133623,314847025531806115/870360994267246,I3,O0,SW,false,pair:I3:O0:SW
1004,852569220985365322/1113652521117497,804540960903728269/2227305042234994,I2,I3,S,false,pair:I2:I3:S
1005,87423512828705362/110687446404301,76676633720282929/221374892808602,I3,O0,SE,false,pair:I3:O0:SE
1009,952731581612590758/1227778447878559,885779253974866475/2455556895757118,I0,I3,E,false,pair:I0:I3:E
1012,397075296643690598/513685694067199,374811262838357515/1027371388134398,I0,I3,SE,false,pair:I0:I3:SE
1014,209152504392593942/270528295214647,197526192004741027/541056590429294,I0,O1,N,false,pair:I0:O1:N
1015,146511573642228390/189475828930463,138431168393535531/378951657860926,I0,I3,SE,false,pair:I0:I3:SE
1017,43659032815049698/56487957477557,124184854258881707/338927744865342,I2,O2,S,false,pair:I2:O2:S
1020,1580640056722005230/2035060761627987,494032439880526629/1356707174418658,I3,O0,SE,false,pair:I3:O0:SE
1022,2562671796333042374/3292913790299119,2406702188150603963/6585827580598238,O0,O2,E,false,pair:O0:O2:E
1026,1262758250373306982/1619575279491839,1196477597936597771/3239150558983678,I2,I3,W,false,pair:I2:I3:W
1028,1305095635004795602/1671471696872973,1232829506066426225/3342943393745946,I2,O1,N,false,pair:I2:O1:N
1029,2720246238534687674/3474204553010257,2561357158447375493/6948409106020514,I2,O2,SE,false,pair:I2:O2:SE
1035,744196131903339450/943159769197649,700092361666999429/1886319538395298,I3,O0,SW,false,pair:I3:O0:SW
1039,479485967341168690/607566999400317,454082598533144993/1215133998800634,I0,O0,N,false,pair:I0:O0:N
1040,789357729727598622/997962960164171,745044085955463623/1995925920328342,I2,I3,E,false,pair:I2:I3:E
1044,1559657773036387538/1962449154142989,489689483042837371/1308299436095326,O0,O2,SE,false,pair:O0:O2:SE
1046,915484470040496186/1147182019709841,858714303966043333/2294364039419682,I2,I3,SE,false,pair:I2:I3:SE
1048,661782781600805182/831736668239899,625518784477301463/1663473336479798,I2,I3,SE,false,pair:I2:I3:SE
1049,2164185754926298886/2711555231724175,407962618460601951/1084622092689670,I2,O1,SW,false,pair:I2:O1:SW
1052,167530192335590322/209177007225917,3321427640280056053/8785434303488514,I0,O0,N,false,pair:I0:O0:N
1058,14830729488130174/18526696663611,99493900047648833/259373753290554,I0,O2,SE,false,pair:I0:O2:SE
1062,10561304057589530/13157980610753,30492987046103839/78947883664518,I2,O1,W,false,pair:I2:O1:W
1065,5812695384202372218/7139464446218801,237888740448185699/620822995323374,I0,O1,NE,false,pair:I0:O1:NE
1069,3201298181054132206/3926430605933779,3034628348187719407/7852861211867558,I3,O2,S,false,pair:I3:O2:S
1071,448567833332128758/548840573699815,425551892925757459/1097681147399630,I0,O0,NE,false,pair:I0:O0:NE
1073,2069884055293488878/2541651704257107,661444124399511077/1694434469504738,O0,O1,NE,false,pair:O0:O1:NE
1076,3524072667295864174/4282409777142419,3312561074691010479/8564819554284838,O0,O1,NE,false,pair:O0:O1:NE
1077,2797831355766767294/3404278858234331,2644217220280022935/6808557716468662,I3,O1,S,false,pair:I3:O1:S
1081,3239578777886781422/3926430605933779,3066153545579312879/7852861211867558,O1,O2,S,false,pair:O1:O2:S
1082,4120907561761947190/4973715849694343,3861985581817756211/9947431699388686,I3,O1,SW,false,pair:I3:O1:SW
1083,3186852361606031238/3849021698616271,2993642893833847323/7698043397232542,I0,I3,W,false,pair:I0:I3:W
1084,3108006300458905070/3742587507939283,2899193583934934511/7485175015878566,O0,O1,NE,false,pair:O0:O1:NE
1085,591413052820479854/717556963505043,3942061267857885385/10045797489070602,I2,O1,S,false,pair:I2:O1:S
1090,7295547414352842318/8783461470951619,6903367734430008223/17566922941903238,I0,I2,NW,false,pair:I0:I2:NW
1091,2174573849601826562/2619560362504325,2066858236902749769/5239120725008650,I3,O2,S,false,pair:I3:O2:S
1092,468671562857136718/564586731014851,1336462106151377117/3387520386089106,O0,O2,NE,false,pair:O0:O2:NE
1094,3051118876528057978/3670367352759089,20252426039321587267/51385142938627246,I3,O1,NW,false,pair:I3:O1:NW
1095,15209358847453074582/18286170113635447,14409256993310606051/36572340227270894,I3,O2,S,false,pair:I3:O2:S
1096,33497963230240003054/40187903517873875,252590283776853723/643006456285982,O0,O2,NE,false,pair:O0:O2:NE
1097,3079245535333853890/3615563290602981,2755271485485503273/7231126581205962,I3,O2,S,false,pair:I3:O2:S
1099,18745129859779172658/22418423060638205,17672611406355684897/44836846121276410,I2,O1,SW,false,pair:I2:O1:SW
1102,28863728829884056910/34365581761675843,27088037563973745439/68731163523351686,I0,O1,W,false,pair:I0:O1:W
1106,34692095439215059130/41029102528735441,32356582412481960709/82058205057470882,I0,I3,SE,false,pair:I0:I3:SE
1107,62944468992538425390/74839881062265203,59558858063130719247/149679762124530406,O0,O2,NE,false,pair:O0:O2:NE
1110,92939656667473963366/110357982881120383,88323397330255273611/220715965762240766,I0,I2,W,false,pair:I0:I2:W
1114,26525113661942318378/31378235058752489,25213521531209185533/62756470117504978,O1,O2,N,false,pair:O1:O2:N
1116,81987798978965943422/96433224517967931,77004374159944012151/192866449035935862,I2,O1,W,false,pair:I2:O1:W
1117,10727887280222558662/12633343733950831,30420134944692229297/75800062403704986,O0,O1,N,false,pair:O0:O1:N
1121,119879943112035207566/140309267270208739,112861065236549944895/280618534540417478,O1,O2,NE,false,pair:O1:O2:NE
1123,29488935781474682122/34610843587894169,28208400097291029613/69221687175788338,I2,I3,SW,false,pair:I2:I3:SW
1124,183866371224738816950/214661936436587079,15798164198405120441/39029442988470378,O0,O1,N,false,pair:O0:O1:N
1127,75471450036801234106/88349227807814353,72183048791521340677/176698455615628706,I0,O0,NW,false,pair:I0:O0:NW
1131,83861816276588384886/97580016124829479,79380119015779593555/195160032249658958,I2,O2,NW,false,pair:I2:O2:NW
1135,355838300034144446142/414131192497036763,337794763451924507543/828262384994073526,O0,O1,N,false,pair:O0:O1:N
1136,60167854230016573750/69768208997766151,56722673442127751091/139536417995532302,I2,I3,S,false,pair:I2:I3:S
1139,447239417752402832422/517673100680988511,60457346524322075901/147906600194568146,I0,O0,NW,false,pair:I0:O0:NW
1142,266504650774144155566/306955251043869747,250531727938443412943/613910502087739494,O1,O2,SE,false,pair:O1:O2:SE
1146,597692164248457726310/686413548876230783,563602875282584637067/1372827097752461566,I3,O1,W,false,pair:I3:O1:W
1154,295716117701067947774/333758239609207419,274019342727408775351/667516479218414838,O0,O1,SW,false,pair:O0:O1:SW
1156,359038912814106742698/407351848847181353,337972398910583060541/814703697694362706,I3,O1,NE,false,pair:I3:O1:NE
1159,892065614093270316994/1010527141386972773,842713527582185344425/2021054282773945546,I2,I3,S,false,pair:I2:I3:S
1160,1110219013405065433866/1248916742164135577,1041555515644019477357/2497833484328271154,I2,O1,SE,false,pair:I2:O1:SE
1162,2191388268418822479986/2478861438716615709,695148427509631352043/1652574292477743806,I2,O2,W,false,pair:I2:O2:W
1166,1129815069101336959522/1272617691939230805,356332526307056433523/848411794626153870,O1,O2,NW,false,pair:O1:O2:NW
1167,1501867138069445107522/1692762682600239397,1425057179360930525033/3385525365200478794,I3,O1,NE,false,pair:I3:O1:NE
1169,671731259587128201906/752864065953667517,629499959554912653537/1505728131907335034,I3,O1,NE,false,pair:I3:O1:NE
1170,1481226462058747059134/1647975869866697307,454919731532707533661/1098650579911131538,I2,O0,NW,false,pair:I2:O0:NW
1171,4957730284677349087666/5568849179427695421,1566148349599950658251/3712566119618463614,I0,O1,NW,false,pair:I0:O1:NW
1174,1912018766515230507034/2144925298444584769,1808416244488493763637/4289850596889169538,O0,O2,SE,false,pair:O0:O2:SE
1176,84255040787559362862/94388229695299571,79816950015833306255/188776459390599142,O1,O2,NW,false,pair:O1:O2:NW
1177,659421137565893983354/739272756808027697,3129887823944868511609/7392727568080276970,I0,I3,W,false,pair:I0:I3:W
1178,1535615375373832942202/1713530871698748721,4349080868115825916079/10281185230192492326,I0,O1,N,false,pair:I0:O1:N
1183,37462829324233554114/41270831276560613,34464804527531250217/82541662553121226,O0,O2,E,false,pair:O0:O2:E
1185,7525570486999300352802/8355478136955420373,7079724954613759383769/16710956273910840746,I2,O1,E,false,pair:I2:O1:E
1186,570355510796428478078/641361254813314363,553771123681355104887/1282722509626628726,O0,O2,E,false,pair:O0:O2:E
1188,8787111300663279218634/9767101684978017913,8319970163986801710285/19534203369956035826,I3,O2,NW,false,pair:I3:O2:NW
1190,6505689257477565306322/7201656665724760461,2034961889753793763579/4801104443816506974,O0,O2,E,false,pair:O0:O2:E
1192,6389490223912331755338/7125768483278138681,6114222674224801696397/14251536966556277362,O0,O2,E,false,pair:O0:O2:E
1194,5131267426772085517326/5681289983101674275,4836690115406531383679/11362579966203348550,I2,O2,SW,false,pair:I2:O2:SW
1195,2186017677903872725654/2423367381949820791,2076706065486178351587/4846734763899641582,I0,I3,NW,false,pair:I0:I3:NW
1197,497076711207598668970/537042626641966761,443994077459537044157/1074085253283933522,I0,O1,N,false,pair:I0:O1:N
1201,15246994595878279920554/16771455947036554281,14410471535846190349885/33542911894073108562,O0,O2,S,false,pair:O0:O2:S
1206,6062424074589901178970/6619725554112895969,5690693653123701270869/13239451108225791938,I2,O2,S,false,pair:I2:O2:S
1210,17519756267105092942430/19045890779238465259,16512745356827675738087/38091781558476930518,I3,O2,SW,false,pair:I3:O2:SW
1212,23462582126408020638082/25478444076428325573,22117273920116596776329/50956888152856651146,I0,I3,SW,false,pair:I0:I3:SW
1217,17032631070326641189642/18416972317570639513,16102462233390748930925/36833944635141279026,O0,O2,NE,false,pair:O0:O2:NE
1219,1743529508610041555446/1885401489245583847,4951240866636032234809/11312408935473503082,O1,O2,S,false,pair:O1:O2:S
1220,3245591173231331760190/3524089271129348507,3106881089118771796567/7048178542258697014,O0,O2,E,false,pair:O0:O2:E
1222,23909768876583658405946/25869726793315047313,22735342882156105406661/51739453586630094626,I3,O2,W,false,pair:I3:O2:W
1224,13545877182858031710782/14587956381276463771,12824643924108179257175/29175912762552927542,O0,O2,S,false,pair:O0:O2:S
1225,17048340936963345381578/18291030358658759929,15996742207376710376781/36582060717317519858,I0,I2,W,false,pair:I0:I2:W
1227,3707771313306083237470/3954930053298567403,10371181277148693939637/23729580319791404418,I2,O0,E,false,pair:I2:O0:E
1231,41327029402932448312310/44216656795610113767,13008781547918749233841/29477771197073409178,O0,O1,NE,false,pair:O0:O1:NE
1233,35619055689401828770394/38120097534672432353,33693194471048838737493/76240195069344864706,I3,O1,SW,false,pair:I3:O1:SW
1237,26961154781579404780510/28852817932322555563,25738971797860283034279/57705635864645111126,I2,O1,E,false,pair:I2:O1:E
1239,39799429595537220695014/42126513777686239935,37468217872303856549323/84253027555372479870,I2,I3,NE,false,pair:I2:I3:NE
1241,2557023300895438665130/2703331613267772713,2402648589972403847997/5406663226535545426,I2,I3,NE,false,pair:I2:I3:NE
1242,14235275037216384890746/15040744033057186225,13377056795539889187173/30081488066114372450,O0,O2,S,false,pair:O0:O2:S
1245,50007085052725422327806/52873212087947440379,47319450321253913942327/105746424175894880758,I2,I3,E,false,pair:I2:I3:E
1247,131967800129505614876710/138819165225871040863,124540247806751246660843/277638330451742081726,I3,O1,NE,false,pair:I3:O1:NE
1249,26244502684104993702702/27571694114338254067,123869798497967575153611/275716941143382540670,O1,O2,W,false,pair:O1:O2:W
1251,11509203740286169907218/12052814888657025837,3602714890057286443099/8035209925771350558,I0,I2,SE,false,pair:I0:I2:SE
1256,48810408950567347451478/50914812702681811159,46136590279317565629123/101829625405363622318,I2,I3,NE,false,pair:I2:I3:NE
1257,39595838242207691221398/41255830049252092151,37476541590382575534435/82511660098504184302,I3,O1,S,false,pair:I3:O1:S
1263,92919129132669569445742/96257938661522832275,3532005714661143372807/7700635092921826582,I0,I3,NE,false,pair:I0:I3:NE
1264,4267399543758502933774/4416295663871162787,93041790938312280495593/203149600538073488202,I2,O1,E,false,pair:I2:O1:E
1268,9929671977336921221438/10107841484035294235,9135712950499425863383/20215682968070588470,I2,O0,W,false,pair:I2:O0:W
1272,43688543445424904392090/44801032393799944449,41275957976645444598005/89602064787599888898,O1,O2,W,false,pair:O1:O2:W
1273,65029044039278468006498/66558288911265921269,61185801013823076014457/133116577822531842538,I2,O0,S,false,pair:I2:O0:S
1276,76243186922531238923018/78060564251846257305,72065240778790256502637/156121128503692514610,I3,O0,NW,false,pair:I3:O0:NW
1277,117635332603852478215542/120085110228355167911,110486196227229460163283/240170220456710335822,I0,I3,N,false,pair:I0:I3:N
1278,103508422282966772509790/105614389149433838571,97352428866526625505511/211228778298867677142,I0,O2,E,false,pair:I0:O2:E
1280,83439089418182002508974/85364827557522534579,79128428332592561830991/170729655115045069158,I3,O2,SE,false,pair:I3:O2:SE
1281,132027137595154005387454/134693636839707722459,124612571334834070819991/269387273679415444918,I3,O0,NW,false,pair:I3:O0:NW
1282,129349984863857640391722/131773278656132712809,121724767305829063758973/263546557312265425618,O1,O2,W,false,pair:O1:O2:W
1283,82400796817591563887326/84018652064190104619,77758392457803293427239/168037304128380209238,I0,O0,NE,false,pair:I0:O0:NE
1285,70029268194566887994722/71460229636272625781,66252468457925183389433/142920459272545251562,I0,O0,NE,false,pair:I0:O0:NE
1287,17492587104749380939082/17831422986318020665,16568134434350268922253/35662845972636041330,I0,I3,SE,false,pair:I0:I3:SE
1289,63663857789340479231938/65241022906691321445,61323583281738422787497/130482045813382642890,I0,O2,S,false,pair:I0:O2:S
1290,376749868751468453356498/382794367620329362573,355274235412562504468977/765588735240658725146,I3,O2,W,false,pair:I3:O2:W
1294,162412664020016051381950/164287639857702698459,153448724059120759868311/328575279715405396918,O0,O1,SW,false,pair:O0:O1:SW
1297,582359502724182466016794/587167083267255979585,547451994369128657764149/1174334166534511959170,I3,O1,NW,false,pair:I3:O1:NW
1298,232377618477867395381514/236364583718209084825,223710006081262046525037/472729167436418169650,I3,O0,N,false,pair:I3:O0:N
1299,979852064177882010108102/988256249556505225967,21497381048112195455665/45965406956116522138,I0,O1,E,false,pair:I0:O1:E
1304,1029694408668972722148218/1031079410551310722993,970774159937586683684709/2062158821102621445986,O0,O2,SE,false,pair:O0:O2:SE
1307,405086610309103624248414/403731015769960698859,382218081513811579902183/807462031539921397718,O1,O2,S,false,pair:O1:O2:S
1311,1559075328535892548161930/1553007593804841294553,1477891108881537824232621/3106015187609682589106,I0,O1,S,false,pair:I0:O1:S
1316,1393050016670522773609170/1382186541727924182541,1321892593289055031878001/2764373083455848365082,I2,O2,E,false,pair:I2:O2:E
1317,504062618434560729865798/499145724744589063343,476250028356535845707899/998291449489178126686,I0,I3,W,false,pair:I0:I3:W
1321,28421528411095994478982/28045201062553478351,26750206150616645324571/56090402125106956702,I0,I3,W,false,pair:I0:I3:W
1322,1001102713350795413569734/988256249556505225967,943276851000302985448379/1976512499113010451934,I0,O1,E,false,pair:I0:O1:E
1323,546358258773259501906022/539533032555649572351,515273552590436660255243/1079066065111299144702,I0,I3,W,false,pair:I0:I3:W
1325,199972447701697375989494/195593014926612997735,184660473550757429648787/391186029853225995470,I0,O2,E,false,pair:I0:O2:E
1326,262870110773907401204854/261722576823583968295,253853459033032189001299/523445153647167936590,O1,O2,SW,false,pair:O1:O2:SW
1327,1229031040655283831698646/1208407459430111102231,1156402334730482836442115/2416814918860222204462,I0,I2,SW,false,pair:I0:I2:SW
1333,266561509972207474730442/261130346998655618425,2766348845862375517861327/5744867633970423605350,I2,O1,NE,false,pair:I2:O1:NE
1334,1751596727919788438400894/1717408040285889516475,1656247421549870557682423/3434816080571779032950,I2,I3,SW,false,pair:I2:I3:SW
1335,190338948715098218255642/187460754528855743425,182048665745788532501173/374921509057711486850,I2,O1,NE,false,pair:I2:O1:NE
1341,3234410487906611280817334/3158404462929971552455,3067877489759167267724147/6316808925859943104910,I0,I3,SW,false,pair:I0:I3:SW
1343,2509115481101031963945786/2440634868028462695185,2362431013661641523608133/4881269736056925390370,I2,O1,NE,false,pair:I2:O1:NE
1344,111120538263310548961786/108116801833020764145,6175165786823283103573/12719623745061266370,I2,O0,SW,false,pair:I2:O0:SW
1346,999032521134533323818890/976839618598772802009,319409548653954994987663/651226412399181868006,I0,O1,NE,false,pair:I0:O1:NE
1347,2586309041967481765062446/2517052901292905948915,492460709532999586783619/1006821160517162379566,I3,O0,NW,false,pair:I3:O0:NW
1355,1132323213888930071732738/1091171482318357256197,56264757210977388445747/114860156033511290126,I3,O0,N,false,pair:I3:O0:N
1356,3430149634211674478163886/3302296825302699454515,3235941638237432321802703/6604593650605398909030,O0,O2,E,false,pair:O0:O2:E
1359,2888031102426027943448506/2782549131505696046673,2740103093571618122559109/5565098263011392093346,I3,O2,NE,false,pair:I3:O2:NE
1363,2791270838849270278851054/2681906663069325630931,2642854402209804957207535/5363813326138651261862,I3,O0,NW,false,pair:I3:O0:NW
1365,494966456761825418263538/473858872370506506461,470837254783715438084737/947717744741013012922,I3,O2,E,false,pair:I3:O2:E
1367,9693572348276293288760350/9241326936682823073611,9168891556025468306521031/18482653873365646147222,I0,O0,N,false,pair:I0:O0:N
1371,15534362254036951713253518/14769224093218737392227,14651188665228794807443903/29538448186437474784454,O0,O1,SE,false,pair:O0:O1:SE
1379,1201098032388155575613282/1178098148265244376437,1238393943314183276406777/2356196296530488752874,I0,O1,E,false,pair:I0:O1:E
1381,2467122354388274772085854/2319152590580930776043,6941582931793711308968629/13914915543485584656258,I2,I3,NE,false,pair:I2:I3:NE
1382,6182510396125364516351118/5832615326905693783139,5861000082446428258362303/11665230653811387566278,I3,O2,N,false,pair:I3:O2:N
1384,8773279362719475853216966/8274137736633085511919,8323800191713358972223931/16548275473266171023838,O0,O2,E,false,pair:O0:O2:E
1387,21852192820195196319527230/20531359916409137567771,20709315938707179955776215/41062719832818275135542,I2,O1,NW,false,pair:I2:O1:NW
1388,5632940351219949075491126/5283737418333300897799,5326921818439939693730739/10567474836666601795598,I2,I3,E,false,pair:I2:I3:E
1395,18238589861616811943946530/16979618930386427484629,17162432057834434512793561/33959237860772854969258,I0,O2,SE,false,pair:I0:O2:SE
1399,7576926172985788895843214/7055615546254422836707,21539527371769276192700861/42333693277526537020242,O1,O2,NE,false,pair:O1:O2:NE
1400,13366699375695411471702614/12404590433074049041111,12577368061102954359628995/24809180866148098082222,I0,I2,N,false,pair:I0:I2:N
1401,38726864180089668181327330/35997397133546470829493,36613593430198216040682809/71994794267092941658986,I3,O2,W,false,pair:I3:O2:W
1406,54052216789027495391113058/50064100099902515128693,51322006949111456978240505/100128200199805030257386,I2,I3,SE,false,pair:I2:I3:SE
1409,84368909824871858630568518/77780817214573593719471,79692887079740111915726459/155561634429147187438942,I0,I3,N,false,pair:I0:I3:N
1410,9520474095232213944453398/8752736094526599428023,26811831954986350018993513/52516416567159596568138,I2,O0,SE,false,pair:I2:O0:SE
1411,9721177052027266886062558/8963728078979228563883,1316714913154093849743713/2561065165422636732538,I2,O2,W,false,pair:I2:O2:W
1417,26592957682215628917414426/24694461376895770855489,25953551766344344035017013/49388922753791541710978,I3,O0,SE,false,pair:I3:O0:SE
1418,113893401403759425760513078/104300913728050260242311,107784564943852277211134259/208601827456100520484622,I0,I2,NW,false,pair:I0:I2:NW
1419,73640361110984788637787934/67234973654989210136267,69190772085808130442473799/134469947309978420272534,I2,I3,N,false,pair:I2:I3:N
1425,197567423074265652276654/179976469626828363571,933945866395861416929291/1799764696268283635710,I3,O2,NE,false,pair:I3:O2:NE
1426,21518957992890424713431534/19625967960633725009363,102155947557408414712503211/196259679606337250093630,I3,O1,W,false,pair:I3:O1:W
1428,147259374602701439558622022/134104373103297011240239,139602447986428901352690427/268208746206594022480478,I3,O2,NE,false,pair:I3:O2:NE
1433,99197746925121767431509238/89690531501872814458215,31102892420735951109478449/59793687667915209638810,I2,O1,NE,false,pair:I2:O1:NE
1435,228581042183238775554930182/207433624147273421377551,72564545586433425853168585/138289082764848947585034,I3,O0,S,false,pair:I3:O0:S
1436,9227155153351132779737694/8369153255052790024939,8810483896717063199947751/16738306510105580049878,O1,O2,SE,false,pair:O1:O2:SE
1441,151533604860638773910312982/136764427946519500946743,143450680853187931282547363/273528855893039001893486,I0,I2,NW,false,pair:I0:I2:NW
1446,3085173676082409884529586/2778394795064903412797,237128524078371261008999345/450099956800514352873114,O0,O2,N,false,pair:O0:O2:N
1447,252398681256985816653358990/226932612915030169499619,238569722771667211854769471/453865225830060338999238,O1,O2,S,false,pair:O1:O2:S
1448,58797559315995375240249694/52835450037284711526507,55578373666271742207778663/105670900074569423053014,I0,I3,SW,false,pair:I0:I3:SW
1449,661760873047179969508626678/593976763962567168121703,623801183741713601394661011/1187953527925134336243406,I0,O1,E,false,pair:I0:O1:E
1450,308975517151207718067128514/276964063738858898962661,290330941744083148147989033/553928127477717797925322,I0,I3,SW,false,pair:I0:I3:SW
1451,188136839223392809632493846/169504366184961712577463,59923643435024329664333409/113002910789974475051642,I2,I3,SE,false,pair:I2:I3:SE
1455,15874549024404722221109846/14274803358094332538583,15141177654035238852657347/28549606716188665077166,I3,O2,SE,false,pair:I3:O2:SE
1461,545030455009101789087034718/483990975293034719231595,170277995049926216527380941/322660650195356479487730,I0,O2,E,false,pair:I0:O2:E
1462,443813096975677451153436274/395676476973291070316317,420970455629185241959241153/791352953946582140632634,I2,O2,S,false,pair:I2:O2:S
1463,1431250118124971931683135726/1275807743081686798554963,1360758586950543729304654703/2551615486163373597109926,I0,O0,SE,false,pair:I0:O0:SE
1464,46446493656884827223884298/41631230562212977800217,44787937467314763538874093/83262461124425955600434,I3,O0,NE,false,pair:I3:O0:NE
1467,764713153013338759407039846/677564088951680128802431,718487271103769056544478347/1355128177903360257604862,I3,O1,E,false,pair:I3:O1:E
1470,1348415068495245693755550054/1199591892426017687879807,1286849128124106972260081291/2399183784852035375759614,I0,I2,E,false,pair:I0:I2:E
1472,1427377670219870867371884718/1265118044930414181836467,1350129773612319803452631631/2530236089860828363672934,O0,O1,S,false,pair:O0:O1:S
1473,3365466635712044107913490/2987640019218424256941,60837023109128772315106755/113530320730300121763758,I2,O0,SW,false,pair:I2:O0:SW
1475,43255121109872148684537678/38157642493490094969667,285436266390517654311010521/534206994908861329575338,I3,O0,N,false,pair:I3:O0:N
1477,1836474561593796562533237426/1620434608253215038345661,1736712552132560801085417697/3240869216506430076691322,I2,O1,SW,false,pair:I2:O1:SW
1479,2767643221181966053267461622/2445864075056634085713895,526016987940451350279035959/978345630022653634285558,I2,I3,NW,false,pair:I2:I3:NW
1480,645760379753930822076441582/568414125284340123770579,611449309464789028641030383/1136828250568680247541158,O0,O1,S,false,pair:O0:O1:S
1482,851833448408942145363966090/740715071314843347950681,785685496856277165885162541/1481430142629686695901362,I0,O2,SE,false,pair:I0:O2:SE
1483,617807047659611124971336558/542473394564890410100115,584254818210099804318693039/1084946789129780820200230,I0,I3,SW,false,pair:I0:I3:SW
1488,651009309466611252429389122/571104197927821787544613,619380792357319744324400745/1142208395855643575089226,I0,O1,W,false,pair:I0:O1:W
1494,191405037706238650078088142/167102279039446228046467,2365841568996035798246321363/4344659255025601929208142,I0,I2,SW,false,pair:I0:I2:SW
1495,592744800399539993406920050/516053909037042493366429,559772926507594580583236929/1032107818074084986732858,I3,O0,SE,false,pair:I3:O0:SE
1497,2486324459368729871668803890/2154919920843703100447229,776006693335832502928988683/1436613280562468733631486,O0,O2,N,false,pair:O0:O2:N
1498,26598513559381926473828446/23793436927522486501867,26997164955524463897992935/47586873855044973003734,I3,O0,E,false,pair:I3:O0:E
1500,3138696804609879407324368462/2727795260145963108481219,2984787906579628356893991839/5455590520291926216962438,I0,O0,SW,false,pair:I0:O0:SW
1507,8058667395784040591041654/6961568093430820105255,19827620762475912699937291/36200154085840264547326,I2,O1,E,false,pair:I2:O1:E
1509,217326978270725652208068278/187637937693911192261063,205630729671876148891762803/375275875387822384522126,I3,O1,W,false,pair:I3:O1:W
1510,4822648250207762104308583746/4160275480906690352137253,4557403702736483805004570217/8320550961813380704274506,I3,O0,S,false,pair:I3:O0:S
1512,200007730754125078541109890/172257616289453743258949,948948742840371824657633837/1722576162894537432589490,I2,I3,E,false,pair:I2:I3:E
1516,35778626755019762214381874/30776546566541903860221,1144441160752691164237590103/2072287468813821526588214,I0,I3,SW,false,pair:I0:I3:SW
1517,10486654786548043286077419202/8988226450202437227034597,9908842796448979729559725353/17976452900404874454069194,O0,O1,W,false,pair:O0:O1:W
1524,21191649660090195222167444602/18098661049320514855697969,20095700612590724142644686821/36197322098641029711395938,I0,I2,W,false,pair:I0:I2:W
1528,4352058303154373492199205754/3708700534834764099650481,4118991049406463001740227429/7417401069669528199300962,O0,O2,W,false,pair:O0:O2:W
1529,674445204283427365577819270/574164663090702700016719,4472855829821343314153603133/8038305283269837800234066,I2,O1,W,false,pair:I2:O1:W
1530,4005570924993564964109677954/3410836338956603066157253,3798287090201290339866389385/6821672677913206132314506,I3,O1,E,false,pair:I3:O1:E
1531,19966539755608278051825038526/16950222206152228809212123,18803651391974459778842028695/33900444412304457618424246,I0,I2,SW,false,pair:I0:I2:SW
1532,29211551610087177274912460190/24868463628109934240370443,27755928470958171437213290119/49736927256219868480740886,I0,O1,W,false,pair:I0:O1:W
1533,9304411657861522738964984714/7923060979360257048678361,8885605481090935861215333805/15846121958720514097356722,I3,O2,S,false,pair:I3:O2:S
1540,17149743444779273683454821546/14512448944159307042040489,16231276414534560596589029053/29024897888318614084080978,I2,O2,NW,false,pair:I2:O2:NW
1542,109544426974190495821673622/92463079011000286807159,103238705923557480970670819/184926158022000573614318,I3,O1,N,false,pair:I3:O1:N
1544,1366688652475883400604003778/1151541379887942919042405,36714688020819611249320643/65802364565025309659566,I3,O2,S,false,pair:I3:O2:S
1545,22994433040882828877447660426/19277751183838896680105945,21386345004741198430641165741/38555502367677793360211890,I3,O1,NW,false,pair:I3:O1:NW
1553,820683105644822624052780086/687286648864302702638983,5428675150501296128796272741/9622013084100237836945762,I0,I2,S,false,pair:I0:I2:S
1556,25250251295034039852652130218/21106333517963255784306217,23836833650445873034666993725/42212667035926511568612434,I2,O2,S,false,pair:I2:O2:S
1558,18483643927126841019253268210/15424562620487397827319901,17423211022589138668532047873/30849125240974795654639802,I3,O0,SW,false,pair:I3:O0:SW
1559,13760687816006523115913209014/11484320433863017947360455,1854211907063325825296349749/3281234409675147984960130,I0,I2,S,false,pair:I0:I2:S
1560,12009633442521438348567047046/10034112997754546631226831,11363194940979416370016506907/20068225995509093262453662,I2,I3,SE,false,pair:I2:I3:SE
1563,500442629150074636110277830/419629301502211999938799,8130618124051687555900624235/14267396251075207997919166,I0,I2,S,false,pair:I0:I2:S
1564,39472836917285897612269147358/32929898575769296201695531,37257418564894698793157682983/65859797151538592403391062,O0,O2,NW,false,pair:O0:O2:NW
1567,125067712716577568304698212450/104211721835389619324965877,118357602557757531099659350137/208423443670779238649931754,I0,O1,NE,false,pair:I0:O1:NE
1568,108052663325475030676948766230/89944325584314411327046711,102096366309654155987858101667/179888651168628822654093422,I0,I2,S,false,pair:I0:I2:S
1570,44215244232983803898898926478/36839574719946013420679651,126073646265813479278704938429/221037448319676080524077906,I2,I3,SE,false,pair:I2:I3:SE
1574,31758840620945951233290165194/26279477431723388023010425,89516171172290510995279786087/157676864590340328138062550,I0,O2,W,false,pair:I0:O2:W
1575,12037490663758760519224872226/10004193037183923838571477,11475629693050583112224158169/20008386074367847677142954,I2,I3,SE,false,pair:I2:I3:SE
1580,11593717643991764925893042802/9592585969817320834220317,10996995997316365739762868161/19185171939634641668440634,O0,O2,N,false,pair:O0:O2:N
1583,14790169353826058332595938094/12184893197670648008973555,2786097468413488125719148419/4873957279068259203589422,O0,O2,N,false,pair:O0:O2:N
1584,191428915658028852061709693506/158187237537956291627671717,182050952873314011749593375977/316374475075912583255343434,I3,O0,W,false,pair:I3:O0:W
1591,327522800046716935537459338002/268764249309856442863500973,309587513199485989570402826897/537528498619712885727001946,O1,O2,NW,false,pair:O1:O2:NW
1592,11422750231924842603423703522/9377475734589268799637429,10819731675957589979536504633/18754951469178537599274858,I2,O2,E,false,pair:I2:O2:E
1593,76647914828266076950206894866/62850210781719788896406189,72572219736883707357614749329/125700421563439577792812378,I3,O0,W,false,pair:I3:O0:W
1597,12160997333393582206619511126/9897091870269578440583255,2272131693400853455089779111/3958836748107831376233302,I0,I3,NW,false,pair:I0:I3:NW
1598,102739466848704558147604646398/84122097695492807607694843,97627551332101791207930962487/168244195390985615215389686,I3,O1,N,false,pair:I3:O1:N
1599,32947892507399634610109582986/26808316077719132051903321,30889855908781991647272920877/53616632155438264103806642,I2,O1,NE,false,pair:I2:O1:NE
1600,273608022437563832657203627934/223508852883609999461785611,259343165983067394350629770119/447017705767219998923571222,I2,O0,S,false,pair:I2:O0:S
1602,518553347572082731434016909606/422411204141552702845272031,488962788554719900297136645483/844822408283105405690544062,I0,O0,NW,false,pair:I0:O0:NW
1606,591211503286861028743944337098/481677375043914941453531129,560273608684573478593414829133/963354750087829882907062258,I0,I3,E,false,pair:I0:I3:E
1611,436601253206233616192755568778/353974129705390177695832153,413440508213336622226226786349/707948259410780355391664306,I0,O2,NE,false,pair:I0:O2:NE
1613,387775504438230192440509952098/313651235795316687402896373,6408571275093705478010178113/11005306519133918856241978,I3,O0,W,false,pair:I3:O0:W
1615,612106523596902729579626815882/495296368803996985050915545,578605776783980662113072184493/990592737607993970101831090,O0,O1,W,false,pair:O0:O1:W
1618,83101645416938847156328635966/66982215434197341936552091,78209431688528984459321120087/133964430868394683873104182,I2,I3,S,false,pair:I2:I3:S
1619,43610610217245145799978402822/35053406535545788110885647,122342423061519614788033263377/210320439213274728665313882,O0,O1,W,false,pair:O0:O1:W
1622,159849074030590932471338216318/128804796540624602527074747,151049573583125956098048755959/257609593081249205054149494,I0,O1,SE,false,pair:I0:O1:SE
1623,107426604325761733517557786654/86836121953280647992856907,307016175753728021272056766805/521016731719683887957141442,I2,O2,W,false,pair:I2:O2:W
1624,286020776762219292267140425258/230299497945645160454651497,270688360098601193374903963005/460598995891290320909302994,I3,O1,NW,false,pair:I3:O1:NW
1625,1222294098295304446242611771466/986304689214233011025550265,1163545371351016705692092926733/1972609378428466022051100530,I0,O2,NE,false,pair:I0:O2:NE
1626,68024478266516672874543584626/54606939505160507449491613,64039133832355235251340600641/109213879010321014898983226,I2,O1,S,false,pair:I2:O1:S
1628,577734472340734045137265051542/465287957494549123068408823,549513019843560663147979393123/930575914989098246136817646,I2,O2,W,false,pair:I2:O2:W
1630,3031755610167736487994670669922/2434651226193787142189802485,2866069551181490299790163312761/4869302452387574284379604970,I2,O1,SE,false,pair:I2:O1:SE
1632,1876286665486268397720140566838/1504075311204688896052984839,196338167943818774832689391835/334238958045486421345107742,I2,O2,W,false,pair:I2:O2:W
1635,748342699694763354825160335210/599056408636728746009709961,706113801229293065870950704925/1198112817273457492019419922,I3,O0,N,false,pair:I3:O0:N
1637,4026673537304668770825091111110/3219730043388069291753809647,3803733655139074517230345942971/6439460086776138583507619294,I2,O1,SE,false,pair:I2:O1:SE
1638,2787079726034757261166024088474/2226480819715573114561670145,2628624262313507031623837399029/4452961639431146229123340290,O0,O1,NE,false,pair:O0:O1:NE
1642,4226838636106336747065972748174/3365227141182885388326620131,4004709672125743794882894074175/6730454282365770776653240262,O0,O1,SE,false,pair:O0:O1:SE
1646,2984198513085687596691999806946/2373481375980785439105436085,2836060379993263063781824307513/4746962751961570878210872170,I3,O1,E,false,pair:I3:O1:E
1647,10390474131161842624638710317406/8223381120629569271079317611,9792514808890616945575071162215/16446762241259138542158635222,I0,O0,E,false,pair:I0:O0:E
1650,11174216478639408163433278286722/8854674586239242084746203077,10599656283073707826185510772361/17709349172478484169492406154,O0,O2,S,false,pair:O0:O2:S
1655,460712528192474634048896118522/368069462985708894867704945,448582649209855343207666946853/736138925971417789735409890,O0,O2,S,false,pair:O0:O2:S
1656,935617100513397601079627990962/741416670333922629698117181,893499975814477885592377630561/1482833340667845259396234362,O1,O2,NW,false,pair:O1:O2:NW
1660,601458541273929952760783987378/473019378830206333145702845,6216558733288929227307701023147/10406426334264539329205462590,O0,O1,S,false,pair:O0:O1:S
1663,6201522726447358268760400086430/4869361306898078807507024651,5855606731046399796139100121735/9738722613796157615014049302,I0,I2,E,false,pair:I0:I2:E
1667,13814350829630390895013237298454/10829343979081981226109236663,13050432237401280812684668269859/21658687958163962452218473326,I3,O1,SE,false,pair:I3:O1:SE
1669,53299115121504255501005372102/41455796031800724005936111,645311311080272215940144724351/1077850696826818824154338886,I2,O0,SW,false,pair:I2:O0:SW
1671,9835308897000908396040691957154/7716832495768192509887393045,9380637255980061461102844402713/15433664991536385019774786090,O1,O2,W,false,pair:O1:O2:W
1672,3682110814962284097827405741646/2886924683858877970031276227,3511674920285343640286723603359/5773849367717755940062552454,I3,O0,NW,false,pair:I3:O0:NW
1673,734507954716990936557343896986/575970571621038668565114113,701471381564515100049220496629/1151941143242077337130228226,I2,O0,SW,false,pair:I2:O0:SW
1674,4047146329544168875976641420190/3148713684530338924569121291,3790603256634027044818990640519/6297427369060677849138242582,I2,I3,S,false,pair:I2:I3:S
1677,6847355419224055476867946411574/5319585628075053915909396615,2132722396893571649895717376529/3546390418716702610606264410,I0,O0,E,false,pair:I0:O0:E
1679,12565068044155149459208206393766/9818765004718106694542175519,3974311930236556154867561058617/6545843336478737796361450346,O1,O2,SW,false,pair:O1:O2:SW
1680,5308711817421655595080438616118/4141785452225268366500878727,25089469771362444346163560323071/41417854522252683665008787270,I0,O0,E,false,pair:I0:O0:E
1684,17777626030184080032869106093882/13848339883112023089597553937,16759591742518425809943738719301/27696679766224046179195107874,I2,O0,SW,false,pair:I2:O0:SW
1686,5465135305480012278000579841154/4264377127518484586844078661,5180712275918855430128293294857/8528754255036969173688157322,I0,O0,E,false,pair:I0:O0:E
1687,4321928029249905600002095827686/3365583416443227378064389183,4085920575958556450078469645643/6731166832886454756128778366,I3,O0,W,false,pair:I3:O0:W
1688,37761116165690181452042956367822/29375520453932154962105866371,11919600099860849422683194922869/19583680302621436641403910914,I2,O1,SE,false,pair:I2:O1:SE
1693,10352242663939342238130499262738/7977583600626954861473692077,3222355300458961473625872360923/5318389067084636574315794718,O0,O2,N,false,pair:O0:O2:N
1694,927249068365483746277608949042/716627593798696171277514749,873290331149861661824775685153/1433255187597392342555029498,I2,O2,SE,false,pair:I2:O2:SE
1695,42252757576387723948891130871410/32715107398083588423865886493,39999796977952241322990432533953/65430214796167176847731772986,I0,I2,E,false,pair:I0:I2:E
1697,46581432684459377175827276262610/36051441152128889285428521741,14687630007979875323687987501947/24034294101419259523619014494,I0,I2,E,false,pair:I0:I2:E
1698,44053472285921909555734623026690/34007428088759262738101493253,41449655059818551876937615147465/68014856177518525476202986506,O1,O2,W,false,pair:O1:O2:W
1699,36849528426198421274876373066262/28495317031997661606331954743,34824035777160762610850950983587/56990634063995323212663909486,I2,O2,E,false,pair:I2:O2:E
1700,29645584566474932994018123105834/22983205975236060474562416233,28198416494502973344764286819709/45966411950472120949124832466,O1,O2,W,false,pair:O1:O2:W
1702,12800729297470475306019588218502/9918760606274260316502373711,12183337064286949679874667927963/19837521212548520633004747422,I0,I2,NE,false,pair:I0:I2:NE
1708,27602350496666094227959413799942/21159743597224801855988965135,5178832751512235608966258115295/8463897438889920742395586054,I0,I3,S,false,pair:I0:I3:S
1713,50087180838618970980938405889706/38335721001365389483250077609,47039397907528683247189547585469/76671442002730778966500155218,I0,O1,NW,false,pair:I0:O1:NW
1716,6598225339416204150719994060686/5057307776414736056847016931,6251380731933156727412358891839/10114615552829472113694033862,O0,O1,SW,false,pair:O0:O1:SW
1717,5486227015319386452515136982942/4194538421600937626476286987,5177969337320735477606938466183/8389076843201875252952573974,O0,O2,E,false,pair:O0:O2:E
1720,44864149310726086755871865117454/34357087016965421339213002915,42670547174473818027293533054207/68714174033930842678426005830,I3,O1,N,false,pair:I3:O1:N
1724,72536118950443755702804859510462/55139978625035471660611234267,68196892989370786770364831852439/110279957250070943321222468534,O0,O1,SW,false,pair:O0:O1:SW
1728,15817201026019912333383555222302/12011386856896532667415259339,14938007601730885469249268233031/24022773713793065334830518678,I0,O2,N,false,pair:I0:O2:N
1732,52217018255580012520534534693458/39545111610084844698424504525,21092106466174800655760126557973/33895809951501295455792432450,I0,I2,SE,false,pair:I0:I2:SE
1733,53802883948637515969463807200186/40608046664886246910744933457,50362284107679516848965238299781/81216093329772493821489866914,O0,O1,SW,false,pair:O0:O1:SW
1734,8886063446459176053312862240358/6754719375832308164946515199,8477604870603064251199931301131/13509438751664616329893030398,O1,O2,W,false,pair:O1:O2:W
1736,119088821196384714255623538214442/90247402200538437618507427433,112808178056408818298191195274621/180494804401076875237014854866,I2,I3,N,false,pair:I2:I3:N
1737,177931039362789664621203639987190/134347506592628628204682419943,167236473859729778384396367425555/268695013185257256409364839886,I0,O1,N,false,pair:I0:O1:N
1739,90846638683306452561472959610474/68691964068206314226879658761,85929252311753797630476677264029/137383928136412628453759317522,O0,O1,S,false,pair:O0:O1:S
1740,69369693819086456407448261635862/52595848621687836080490854071,66084743815503983143366827125283/105191697243375672160981708142,I0,I3,E,false,pair:I0:I3:E
1742,93582457651317360108719218463866/70325298516781229665921862193,87258398508321214202004877405157/140650597033562459331843724386,O0,O1,SE,false,pair:O0:O1:SE
1745,45990966841313872654701259581598/34693177095547573894479762059,43516537203713935627552519792647/69386354191095147788959524118,O0,O1,E,false,pair:O0:O1:E
1747,318555173581476782231377610040402/240091652031428489616454604237,300954580048367239282130017696817/480183304062856979232909208474,I3,O0,NE,false,pair:I3:O0:NE
1748,48839084337668682906154648492594/36742610601186501827342961789,46012239331996035167141495382689/73485221202373003654685923578,O0,O2,NW,false,pair:O0:O2:NW
1751,15529516666082339557076651860966/11668734555965999301834453695,14636189283899596974782913557963/23337469111931998603668907390,O0,O1,SE,false,pair:O0:O1:SE
1755,21940936474298230769181247388998/16488721858011392547991904815,20781954483586702709860232621051/32977443716022785095983809630,I2,I3,NW,false,pair:I2:I3:NW
1756,69631543235298003602181249368630/52157385295997088496175445639,196429775578155080964762783057049/312944311775982530977052673834,I0,I2,NE,false,pair:I0:I2:NE
1758,306888816801659064412635157053050/229699861207051845255861973809,289218622212244143250925902571749/459399722414103690511723947618,I3,O2,N,false,pair:I3:O2:N
1765,168102186660507032554311184264874/125586203296501054121099039657,159387985660321776483718127231933/251172406593002108242198079314,I0,I2,E,false,pair:I0:I2:E
1767,106782151498635851195329353346886/79471813060041008138432700207,33483304257008841220051442686377/52981208706694005425621800138,I0,I2,E,false,pair:I0:I2:E
1768,178371718284472407326221942558678/132824552949412194146775386263,168127070569638664971910746662275/265649105898824388293550772526,I2,I3,N,false,pair:I2:I3:N
1769,143314177206939598221004672335782/106968436624781949344162846751,407818610443791189005389052055553/641810619748691696064977080506,I3,O2,NW,false,pair:I3:O2:NW
1770,465690883871934985124056100303338/346895278209986676205331192777,439815979038328334477088711658077/693790556419973352410662385554,I2,O1,SE,false,pair:I2:O1:SE
1771,327946979599192684270842725915734/244641343842618099713442301911,103681763128871996391031160328001/163094229228412066475628201274,I2,I3,NW,false,pair:I2:I3:NW
1772,14880671704118985697505555810334/11062894271185831625417924939,13999984577004678341980566013383/22125788542371663250835849878,I0,O2,N,false,pair:I0:O2:N
1774,704573569804263789370104212623370/523640746016543859874605668121,221112625739765504748389068619599/349093830677695906583070445414,I2,O1,S,false,pair:I2:O1:S
1778,131931911526763450507921310109266/97898589070061718259503931085,124665606222998224910670616009009/195797178140123436519007862170,O0,O2,S,false,pair:O0:O2:S
1781,72054011872950966252181023919942/53376983495023083352289439535,340864984825568609329371301171431/533769834950230833522894395350,I2,O2,SW,false,pair:I2:O2:SW
1783,345175026877969574269304476680974/255230209489278520625707965603,325664199601988188259355648317695/510460418978557041251415931206,I0,O2,NE,false,pair:I0:O2:NE
1787,43003524261515645945125006685554/31069973315974826329107796125,38429864437853224524353899230529/62139946631949652658215592250,I2,I3,S,false,pair:I2:I3:S
1788,619035366448715858822836144437786/457019979878751251174620166209,585110052889493003205442118152501/914039959757502502349240332418,I0,O2,NE,false,pair:I0:O2:NE
1789,228186231970081175715307757314462/167680722093146796939465810187,213568516368285536541887009851527/335361444186293593878931620374,I3,O2,S,false,pair:I3:O2:S
1790,413368939678646705485490507943370/304291470870318767549823824249,388707168298717848559420120472525/608582941740637535099647648498,I2,I3,S,false,pair:I2:I3:S
1794,213778838797275935886100252645310/157839000398263279131728271451,203692510791583760848522922207255/315678000796526558263456542902,I3,O0,NW,false,pair:I3:O0:NW
1795,37356163187010990319550440715530/27428705038967856243292681113,456836530589931377196261158041993/713146331013164262325609708938,I2,O0,SW,false,pair:I2:O0:SW
1796,264230536654046280650908583888342/192992310936308572593410584471,245721657824047766913459806664835/385984621872617145186821168942,I2,I3,S,false,pair:I2:I3:S
1797,500788424750292078822882255562826/368171923783615137492537021369,474315751335989108572128569844493/736343847567230274985074042738,O0,O2,S,false,pair:O0:O2:S
1798,2191059762220990608714250515186890/1606910069090375693136744356601,2064292975433649609509868590601037/3213820138180751386273488713202,I0,O2,NE,false,pair:I0:O2:NE
1799,468594951911907370529830702991654/341693942937157302783005511647,435893797396579510224308514780523/683387885874314605566011023294,O0,O2,SW,false,pair:O0:O2:SW
1802,3329479296981149841524439184931082/2434427657016028713749417074073,3126594959627402044337355747030637/4868855314032057427498834148146,I0,O1,E,false,pair:I0:O1:E
1807,1898276229436466185235572051890530/1391191879068774546310501514869,1802644622333277273474129963064569/2782383758137549092621003029738,O0,O2,W,false,pair:O0:O2:W
1808,4663473590109481625206019828347774/3402525040461034121845837544891,4384937339379183504919411274599671/6805050080922068243691675089782,I3,O1,SW,false,pair:I3:O1:SW
1815,8113951938016989634844975224871314/5898897840464225059606188006125,7664204772301476472711215287092177/11797795680928450119212376012250,I0,O1,S,false,pair:I0:O1:S
1817,8405326825259098457172321087196318/6101335686661887844259034606731,7912339947757896452899110089705991/12202671373323775688518069213462,I3,O1,NW,false,pair:I3:O1:NW
1819,9912916001059833374554772594463218/7178725875576513996346502854621,9281751393304195503664649531377025/14357451751153027992693005709242,I0,O1,S,false,pair:I0:O1:S
1820,2384242011161444949048948203884446/1734246518215318001789971854347,2260725117389084142285742771320711/3468493036430636003579943708694,I3,O0,NE,false,pair:I3:O0:NE
1822,1372471723202489239158574897950714/996752953357125421075253571313,68435158709324782236744222208103/104921363511276360113184586454,I0,O0,SE,false,pair:I0:O0:SE
1824,1045169475142476281018571615958454/741132940654975860696580724551,932840898229569505570664523449331/1482265881309951721393161449102,I0,O0,SE,false,pair:I0:O0:SE
1825,3419932862824453373285879260456622/2469405535272222288611183560115,639966340640447802884537727403075/987762214108888915444473424046,I2,O1,N,false,pair:I2:O1:N
1829,4740570307498816263004153798498058/3426239564653265834973769590937,4473889789021559210103088392715629/6852479129306531669947539181874,I2,O1,NW,false,pair:I2:O1:NW
1831,4277675902633225943211672216520498/3099922420746340591526253501693,451645008577456434492837150169689/688871649054742353672500778154,O1,O2,NW,false,pair:O1:O2:NW
1832,1416445575594442378709889599951990/1021328341095855004675249808423,1330045021889350540418687229474387/2042656682191710009350499616846,I0,O0,E,false,pair:I0:O0:E
1833,19619127041699606901015171029006554/14184951392713839552546234275105,3715660120933901214267355032521297/5673980557085535821018493710042,I2,I3,SE,false,pair:I2:I3:SE
1834,30167668268681357693471537716206614/21765183335382745424301037618999,28497769172365496442673811869086883/43530366670765490848602075237998,I0,I2,S,false,pair:I0:I2:S
1836,14683779845668947112286783490947554/10577121526107813657833746604981,13864523837064632447986709740077881/21154243052215627315667493209962,I2,O1,SW,false,pair:I2:O1:SW
1839,10166985045563622752083263236488618/7252874505757776676485873236265,3128634239598527321956143980812223/4835249670505184450990582157510,I2,O0,N,false,pair:I2:O0:N
1844,12092762069002752434699715985251046/8658152307817532181164836453439,11400445277309037486777809370025291/17316304615635064362329672906878,I0,I3,W,false,pair:I0:I3:W
1846,9822499946830445303575450506266974/7028619007935656715818465068139,9276027138843966858127384579933031/14057238015871313431636930136278,I0,O2,NW,false,pair:I0:O2:NW
1853,23959756525326720679372352786041882/17077662508356058056666225698113,22648694243740848744816050321310261/34155325016712116113332451396226,I0,O2,W,false,pair:I0:O2:W
1855,6461893192370551284227468664438882/4584739611237201046929106400245,66875456983072980648280084330280243/100864271447218423032440340805390,I0,I2,SW,false,pair:I0:I2:SW
1859,8369883987151812326806456070039654/5883962441294484602589603167743,7757129646410783087832371543996939/11767924882588969205179206335486,I3,O1,NE,false,pair:I3:O1:NE
1861,15343448081940033590855774315133322/10834223776168317907295247171289,43289790816516167233701761060035079/65005342657009907443771483027734,O1,O2,E,false,pair:O1:O2:E
1862,6853641716890873288619284525575338/4776303792606347042888506273449,6242922948278898301644955720104637/9552607585212694085777012546898,O0,O2,NW,false,pair:O0:O2:NW
1865,102825567668921300162226300877259646/72575876036577790635727693465019,97334420496131783486839049485481207/145151752073155581271455386930038,I2,O1,NW,false,pair:I2:O1:NW
1868,920141554381269735415231947226346/665580506632379795338627864393,4638819185906578680604485447527249/6655805066323797953386278643930,I3,O2,N,false,pair:I3:O2:N
1869,8219099890221094759656965466530198/5792577119737868893145568548087,23354460539577900835776977912125481/34755462718427213358873411288522,I2,O2,E,false,pair:I2:O2:E
1874,1693353882959446398116508087835646/1177161346679783746283483595515,4705053605717021461548671764953509/7062968080078702477700901573090,I3,O0,E,false,pair:I3:O0:E
1877,24431597791855541853482329535038358/17123140964780577277733222984183,23159555121242638941029649800476259/34246281929561154555466445968366,I2,O1,W,false,pair:I2:O1:W
1879,26490797209208594088923127409738650/18459208301724383259944130138113,24913201565508561881141032315169781/36918416603448766519888260276226,I2,O2,N,false,pair:I2:O2:N
1884,1504820029718402711714756740466894/1044090720575341399837908962051,1411838737960044402291759415253727/2088181441150682799675817924102,I0,I3,NE,false,pair:I0:I3:NE
1888,87779091447272420160629847308842642/60962282179640529361127909409645,16641332279164933385825450164886237/24384912871856211744451163763858,O1,O2,NE,false,pair:O1:O2:NE
1892,64123235670286086350928545969292590/44374342784588866509993477214707,60652931303407085419364309123452559/88748685569177733019986954429414,I0,I3,E,false,pair:I0:I3:E
1896,114862680616614065169389344060631350/79409253936035924513252608669703,108632788748028655293774227038116787/158818507872071849026505217339406,O1,O2,N,false,pair:O1:O2:N
1900,9825347617176585957132906594443906/6773586908848947706791989934405,27951899501047173460897854288527899/40641521453093686240751939606430,O1,O2,NE,false,pair:O1:O2:NE
1901,76063582574333548941404403181637490/52387784472073849440013599592861,72043139082190311399385619961195073/104775568944147698880027199185722,I2,O2,W,false,pair:I2:O2:W
1905,46155261925112244967734574017957854/31615331888503183266575440458923,43419239299430033728929951178813607/63230663777006366533150880917846,I2,O0,SW,false,pair:I2:O0:SW
1906,6753503462882093958507326636505786/4633731583240930026446247987665,3830326107955608996134900745998339/5560477899889116031735497585198,O0,O2,SW,false,pair:O0:O2:SW
1907,83102804749542363326205529627692998/56982313774966325781055951761519,26183019316937866674983396241185385/37988209183310883854037301174346,I0,O1,SE,false,pair:I0:O1:SE
1909,6455367069981145949160402214399074/4423345427784863519649153573365,6097234566790806460665324590569081/8846690855569727039298307146730,I0,O1,E,false,pair:I0:O1:E
1912,1340571292601348896096282969210198/908253334472495572704015702615,9658323311403081470688886090612337/14168752017770930934182644960794,I0,I3,N,false,pair:I0:I3:N
1913,90525154723332154833125726195047470/61764098822285534772742088575859,85208824998004595698672892280198671/123528197644571069545484177151718,I0,O2,W,false,pair:I0:O2:W
1914,56230957198987702591958526462530362/38363754216203919229092608698129,53078958369774665169066093037841989/76727508432407838458185217396258,I3,O2,S,false,pair:I3:O2:S
1923,214351072711454983250806814756608546/145730999344144058801042906190933,202613328263724398041335633145359449/291461998688288117602085812381866,I3,O1,E,false,pair:I3:O1:E
1926,85119950936226183439882076716715450/57589857438576926142249521772881,79721821326803734430964143040898437/115179714877153852284499043545762,I0,O0,N,false,pair:I0:O0:N
1927,132229084226155360189558024434871158/90165629995838437747773531987367,126323311155081335938443064270880211/180331259991676875495547063974734,I2,O1,SE,false,pair:I2:O1:SE
1928,286186432708866453635969117663562394/194094937041481748133972821385601,269776520809710542649776774181890933/388189874082963496267945642771202,I2,I3,W,false,pair:I2:I3:W
1929,535409792856332965984290235477412822/363608772639581992266570607173271,506856111541233516677169728223785859/727217545279163984533141214346542,I0,O1,W,false,pair:I0:O1:W
1930,92856342852148116540190550711872150/62895408281564477484166060764023,261993005020390693725030186931958185/377372449689386864904996364584138,I2,O1,SE,false,pair:I2:O1:SE
1932,228046051536329047419099135963355778/155651084170277859971211017438533,219632683916537041743896272153285129/311302168340555719942422034877066,I2,O0,NE,false,pair:I2:O0:NE
1936,501100521954666455528859259592326230/339147871013778290762154576984023,474816459987708911821163482104339907/678295742027556581524309153968046,I0,O2,NW,false,pair:I0:O2:NW
1937,41360678380159898807920104102731130/27898232199914627884969289457841,116847214599799340784258260668046639/167389393199487767309815736747046,O0,O1,SW,false,pair:O0:O1:SW
1939,698424034253012303195580971575305750/471787625977350289800340993196087,660480447007418814050201575252935075/943575251954700579600681986392174,I3,O1,E,false,pair:I3:O1:E
1942,379218314247370550177558048312160942/254041503733192432888653907116979,352696163483088788334823752960551759/508083007466384865777307814233958,I2,I3,S,false,pair:I2:I3:S
1943,815572455672333347415855765377921390/549931309902588515747232943489171,110188940738324715473528667622050585/157123231400739575927780840996906,O1,O2,SE,false,pair:O1:O2:SE
1945,219692222613418389601776595156761614/148501295721222969017917846285091,209308426683417506241028158188370303/297002591442445938035835692570182,I3,O1,NE,false,pair:I3:O1:NE
1947,424325266131555955412325090256504370/285790970052239104180153430104701,402062655636192380947308436916750497/571581940104478208360306860209402,O0,O2,SW,false,pair:O0:O2:SW
1951,500048204761067341931426107002901294/335385236709669278896415685014771,471389458009119066014990593090194831/670770473419338557792831370029542,I0,I3,NW,false,pair:I0:I3:NW
1956,454425198210753525663014786716182962/303113911121407165452449761268541,426610429067117123558660269544429665/606227822242814330904899522537082,O0,O1,W,false,pair:O0:O1:W
1962,736537081066558696774079311003660102/490684852851505101940677620530991,697051018623113496969518067949645051/981369705703010203881355241061982,I0,O1,NW,false,pair:I0:O1:NW
1964,11621261179861965348879330475827998/7698820248118071233923463578827,90727334086720639675119046610035877/128313670801967853898724392980450,I3,O0,SW,false,pair:I3:O0:SW
1966,1853331057441199631476788196506999898/1230200161300645760019989829397985,349229419360068884795052597114668817/492080064520258304007995931759194,I0,O0,E,false,pair:I0:O0:E
1967,98743562779286156655550735560600014/65759733784119805232520495930755,657419087759696747873834426252913561/920636272977677273255286943030570,I3,O0,SW,false,pair:I3:O0:SW
1971,1343219677947836925742177684968829502/893154406780562055685590327646875,1275687439236926414155366684431224663/1786308813561124111371180655293750,I3,O0,S,false,pair:I3:O0:S
1972,1065258936212966081096391167458440826/705230571861293834791094841589553,1007311361658154534595707026297496805/1410461143722587669582189683179106,O0,O1,NW,false,pair:O0:O1:NW
1976,565299847596134428640994157579587322/375181830906149416071859392699505,540546492805855743329957119775367973/750363661812298832143718785399010,O0,O1,NE,false,pair:O0:O1:NE
1978,222268777997033616903964152412172946/146345094556724535753583185893741,208586928372477968216867608384623697/292690189113449071507166371787482,O0,O1,NE,false,pair:O0:O1:NE
1980,2722608300747389722042943426690039230/1796384820465822324626325542754139,2577380857674570932618793893789840151/3592769640931644649252651085508278,I0,O1,SW,false,pair:I0:O1:SW
1983,2236008447308051457105257301311709326/1472265171084544253686130915829347,2116359619448777414226182668772273599/2944530342169088507372261831658694,I3,O2,SE,false,pair:I3:O2:SE
1986,1066026423670312721010501909050480110/698080970004657562380500586404819,32220100828942433053928691350021169/45037481935784358863258102348698,I3,O1,S,false,pair:I3:O1:S
1989,370393121478559230511046255171050090/242373220957177313354322550587657,412480074525487003042061140580947595/572882158626055467928398755934462,I0,O1,N,false,pair:I0:O1:N
1993,2683057731880644554622597499122690950/1754689932433989948845191984829903,2539634568385926184119093682689111067/3509379864867979897690383969659806,I3,O1,S,false,pair:I3:O1:S
1995,2942832489769207039892776156406531614/1913902948132525541232061556800587,917487773629448454142797723615354605/1275935298755017027488041037867058,I3,O1,S,false,pair:I3:O1:S
2002,52591132974702211656456972377662566/34145566698376323329260403659775,1337419554859845626212836002719815977/1843860601712321459780061797627850,I0,O0,W,false,pair:I0:O0:W
2003,527743460443616666766898562447118634/341577826937047948023979031841257,494792404592074170274103975851183869/683155653874095896047958063682514,I2,O2,SE,false,pair:I2:O2:SE
2004,1580028557826215449564157438522856502/1027455321083458742223852961555335,166854892870142820984408507261528667/228323404685213053827522880345630,I3,O0,SE,false,pair:I3:O0:SE
2006,2893486845275158536148702642476162142/1877754942677174035784996866946027,2738839223072312216258867013723502823/3755509885354348071569993733892054,O0,O1,SW,false,pair:O0:O1:SW
2007,1726921353627815823714440938931704062/1122359194445872747273598962034555,1640852320530171697643657478174441911/2244718388891745494547197924069110,I0,O2,SW,false,pair:I0:O2:SW
2009,1056914592555331981397879181207018/685396555957503736317595844041,1000115903728784965187225668719709/1370793111915007472635191688082,I2,O1,W,false,pair:I2:O1:W
2013,345090103708225181141815786669315262/219950266398832350623596468252891,314096121266326060445394570046528151/439900532797664701247192936505782,I3,O1,S,false,pair:I3:O1:S
2017,568805139217512471122803545027310674/367439641368771370080356584308173,1621122409609095534799127946923199635/2204637848212628220482139505849038,I0,O0,NW,false,pair:I0:O0:NW
2018,3496466131209406661956075577288396858/2251960767978438202353861212741521,9895837930901109793732535908565320271/13511764607870629214123167276449126,I2,I3,SW,false,pair:I2:I3:SW
2022,4300304603609645734861384097515053350/2763338142875971271528687634918367,4054610768339912993278131705661882731/5526676285751942543057375269836734,I0,O2,S,false,pair:I0:O2:S
2024,6628475971907950496677359132983749966/4251320273410266932048208341460547,6231340545711335905670738704206065439/8502640546820533864096416682921094,I0,O0,NW,false,pair:I0:O0:NW
2027,235334162876100574893957309973760510/152450353106881977797792854636027,227251316206751607621400642831770167/304900706213763955595585709272054,I0,O1,SW,false,pair:I0:O1:SW
2028,4893574646557033307726849447625934050/3134730795637303540833105699938101,4596042708667176464350806656764310713/6269461591274607081666211399876202,O1,O2,S,false,pair:O1:O2:S
2029,3481569669300429858363105587783370990/2220028676996011674046348572121939,3232534811426666818622402799773689711/4440057353992023348092697144243878,I0,O1,SW,false,pair:I0:O1:SW
2033,2061279506251761341182769397883956662/1328509132091272983714123444241223,1975731313573717016141982937581707251/2657018264182545967428246888482446,I2,I3,SE,false,pair:I2:I3:SE
2034,4851917714601582213820485529702885366/3089804703826919025520124772963559,4532461665734452167799351411124837907/6179609407653838051040249545927118,I2,O2,SE,false,pair:I2:O2:SE
2036,6339078663614977630489151071519770934/4075298714272708057001488383903751,6067439451146018413253459281091619763/8150597428545416114002976767807502,I2,O2,SE,false,pair:I2:O2:SE
2043,7740754061705121272829517831228509266/4922843503881116816290854205594061,7281649657478733739936840112124940337/9845687007762233632581708411188122,I2,I3,E,false,pair:I2:I3:E
2044,8118893750808848312248495398315411566/5167542931678217190069618415745555,7656594777770288996696526064292074799/10335085863356434380139236831491110,I2,O0,W,false,pair:I2:O0:W
2046,2138579568455862519562678837345083534/1362444638306024237169212169086563,6086857539207790019307195535639136573/8174667829836145423015273014519378,I0,O0,N,false,pair:I0:O0:N
2048,1446838790627122199645916671909871842/914639984069039698679523429520693,1350116116505330974543361000957207225/1829279968138079397359046859041386,I2,O1,E,false,pair:I2:O1:E
2049,1978339731942543838095497360903615150/1258523042850437168557619441787827,1875825684232072043479010229071334223/2517046085700874337115238883575654,I3,O1,S,false,pair:I3:O1:S
2056,6006937156287870170433412765702901622/3772787467155685613520094353823655,5568059592360938225913647127583277011/7545574934311371227040188707647310,I0,I2,E,false,pair:I0:I2:E
2057,12981713484262224190008310517240103394/8198562832828173044137422171027381,12222667854561614327997430291968714553/16397125665656346088274844342054762,O0,O2,W,false,pair:O0:O2:W
2059,4069895457611220758802872893962941734/2579631427755907642161095706541535,3875197918462621286776661520159832939/5159262855511815284322191413083070,I2,I3,N,false,pair:I2:I3:N
2064,512837983712675162027826617832109370/323465205710645440366504691997713,7293442541503488738003239996769127691/9703956171319363210995140759931390,I3,O1,SW,false,pair:I3:O1:SW
2065,18896843486844340632530183542834565786/11889279359453017242002149495158145,17808344359231831100795195990667743093/23778558718906034484004298990316290,O1,O2,SW,false,pair:O1:O2:SW
2067,3847862772488077281469933837396060586/2428559162044057531301680578299689,3670753353854857243365222720184200509/4857118324088115062603361156599378,I2,I3,NW,false,pair:I2:I3:NW
2071,11546239762909477824783075764460295574/7247544454480217420998246508132087,994870068192315350884257014163477769/1317735355360039531090590274205834,I3,O2,S,false,pair:I3:O2:S
2073,9883724865527063309349914861867456030/6197932078380746457015362455512139,9353964978418499129348310064882001095/12395864156761492914030724911024278,I3,O2,S,false,pair:I3:O2:S
2074,21351009036589957387262216412952863650/13370973212693120280538808208993301,20166070915522209402505784611483248409/26741946425386240561077616417986602,I0,O2,NW,false,pair:I0:O2:NW
2076,4343678675716930317937325151506802626/2725329033477946063471517257623141,4132210561006662185473093126348744105/5450658066955892126943034515246282,I0,O0,NE,false,pair:I0:O0:NE
2077,344456202883585859455503195708619582/215038950712406370726482669089051,2916246777917740881606850701153965711/3870701112823314673076688043602918,I0,I2,S,false,pair:I0:I2:S
2081,3814676316006904954380044083605609810/2377855871890603448400429899031629,3594899571740989116981634374640557233/4755711743781206896800859798063258,O1,O2,NW,false,pair:O1:O2:NW
2084,25279631341532173457396823847975098230/15772707498418395661952283375553447,23974776056873030184065660773130929107/31545414996836791323904566751106894,I0,O1,NW,false,pair:I0:O1:NW
2090,349948170599036295759992869411890262/217719030243509659577913756056535,2984342999558410606674110977294450651/3918942544383173872402447609017630,O0,O1,SW,false,pair:O0:O1:SW
2091,21599469471043370360584873436130996710/13463799203587872283988721873229247,20586577375483562782824744463312581835/26927598407175744567977443746458494,I2,O1,SE,false,pair:I2:O1:SE
2093,21637114046255496084663585672732577638/13424192502879483940258628728889215,20433222684270548675605202269202090379/26848385005758967880517257457778430,I2,O2,W,false,pair:I2:O2:W
2095,28939017314704119373513671537191634586/17920624231690889342169969253513089,27259240918566884187099730037583182197/35841248463381778684339938507026178,I0,I2,NW,false,pair:I0:I2:NW
2098,73299775651714316384488917265060027470/45332174818159892957024662981114819,69037331814588182297785433695335056031/90664349636319785914049325962229638,I2,O2,W,false,pair:I2:O2:W
2102,72844122049317032392525527384848930622/45170205761982693305639164248700699,69262938931949415864586572614446945751/90340411523965386611278328497401398,I0,I2,NW,false,pair:I0:I2:NW
2104,2090431728539906091529861544362901014/1296665024568293457287253834316855,1995511242495011857329653156032671139/2593330049136586914574507668633710,O0,O1,SE,false,pair:O0:O1:SE
2105,4257706132738233806386250185557984550/2627856859964930717919211092788703,4017405200416781251243140189583270763/5255713719929861435838422185577406,I3,O1,E,false,pair:I3:O1:E
2106,21016651390334278891160656118613029566/12986204791047623237837373620927451,19888653891862425620293334750995472791/25972409582095246475674747241854902,I3,O0,N,false,pair:I3:O0:N
2110,115067483837801022947642295022775873478/71054002776119383906410192273277039,109165385827705865631849433506374164283/142108005552238767812820384546554078,I0,O1,SW,false,pair:I0:O1:SW
2116,23875952860125210667128882859940098030/14677723372645976378167945009642707,7531880389238748066465616524359640997/9785148915097317585445296673095138,I3,O0,NW,false,pair:I3:O0:NW
2118,61050237833819882136278641649598923978/37538317037039869214168370558868217,57860326445772546934082036994565608269/75076634074079738428336741117736434,I3,O1,SW,false,pair:I3:O1:SW
2119,4434238677753082168659872448354130858/2721132566839600374881211730666537,54421296873210863690848834512095910169/70749446737829609746911504997329962,I0,I2,NW,false,pair:I0:I2:NW
2122,106661921215943693125085008234365562326/65418207660949998037823089436300183,100985592996923535945788877907186363523/130836415321899996075646178872600366,I2,I3,S,false,pair:I2:I3:S
2125,52090697995418659585958447133418474938/31846279372607076920874714801813841,49091162072402877114353153618929902981/63692558745214153841749429603627682,I0,I3,W,false,pair:I0:I3:W
2127,15115591701626602620798842666816408782/9279262490006083085199807373227267,14396387645241010854545403720164084959/18558524980012166170399614746454534,I0,I3,W,false,pair:I0:I3:W
2129,90963259473415765955632150173234212478/55464370605882831383603707638255931,85563337020122857338116836914914899575/110928741211765662767207415276511862,O0,O2,SE,false,pair:O0:O2:SE
2131,39758411592163903769952388121368534262/24119810813949716407551363986282855,126315328743208632129753030755652951/164640346852899088106152655196470,I2,I3,E,false,pair:I2:I3:E
2133,61009259264938764948797223642484618394/37202751221785518424262927719205505,57545292897992241234212377193352964213/74405502443571036848525855438411010,I2,O0,SW,false,pair:I2:O0:SW
2134,82260106937713626127642059163600702526/50285691629621320440974491452128155,78080194474224353254407116375299613783/100571383259242640881948982904256310,I2,I3,E,false,pair:I2:I3:E
2137,96619201646651409784946060528117052766/58880791776401813234326790522851947,91260281397570883903248197186544445799/117761583552803626468653581045703894,I3,O2,S,false,pair:I3:O2:S
2140,15574481376995158634037972422713219426/9447293629780038606653099974898293,14599654655490955033760948823626621177/18894587259560077213306199949796586,I0,I3,SW,false,pair:I0:I3:SW
2141,129512799515971024937986378754106926/79113408361273327399800366056563,123869557531676430679299614151582479/158226816722546654799600732113126,I2,O0,S,false,pair:I2:O0:S
2143,21356302749587899422323319530165901602/12970118648607873700607718182212053,20159848641031957221487038603509254105/25940237297215747401215436364424106,I2,O0,S,false,pair:I2:O0:S
2145,81394435774439118715109579098021211086/49467755835372939702315313784062595,77140672014539318440882676109715945567/98935511670745879404630627568125190,I3,O0,NW,false,pair:I3:O0:NW
2150,92241422519676636618202058435759599438/56008679886252794170609590189697859,87785729835755771967493285138190727199/112017359772505588341219180379395718,I3,O1,NE,false,pair:I3:O1:NE
2155,26882193530614890060090487432409094442/16249266235697954835010674890055145,76617351996113827001131976957219215607/97495597414187729010064049340330870,I3,O0,W,false,pair:I3:O0:W
2160,93309458109704140066048959394251571430/56090393930901021744224775620279103,29257325530278133489342927109128570905/37393595953934014496149850413519402,I0,O0,SW,false,pair:I0:O0:SW
2163,37296419205294202059238664801257237578/22415410302786729406896225129659833,35259398549139777720425237850155406605/44830820605573458813792450259319666,I0,O0,W,false,pair:I0:O0:W
2165,101340240761028126860788001239906708590/60754888810894420012244822051263507,95322191336095319172121893264921868079/121509777621788840024489644102527014,I2,O2,N,false,pair:I2:O2:N
2166,158147434113143444483385320502877480114/95018533569225473713391053157279421,49865031292255279478814715321357118283/63345689046150315808927368771519614,O0,O1,NW,false,pair:O0:O1:NW
2169,256014924038914953541552178990254004194/153585991345088750754288824960609973,80723251693124618619694522139856481811/102390660896725833836192549973739982,I0,I3,E,false,pair:I0:I3:E
2173,95467672509243092141101311922223336182/57248109122599140469558655783849063,90656312601966057632654960357925419923/114496218245198280939117311567698126,I2,O1,SW,false,pair:I2:O1:SW
2178,67055548660113107813177570761503114898/39912398432906153284781327940291437,62716152136295078953024150807756140113/79824796865812306569562655880582874,I0,I3,E,false,pair:I0:I3:E
2179,54064586151705676427768727963737176482/32628087582193318082391619084428053,52358795582802885721622922949209541145/65256175164386636164783238168856106,I2,O1,W,false,pair:I2:O1:W
2181,114650275659217446784565791903288983266/68386777535837244103715615741095989,108220185317530218459643211827618593209/136773555071674488207431231482191978,O1,O2,N,false,pair:O1:O2:N
2185,257510305534172983898568961933069391842/153585991345088750754288824960609973,243498983075158771731987373479849790009/307171982690177501508577649921219946,I0,I3,E,false,pair:I0:I3:E
2186,26446486396499988152289293488757925554/15728867023199556501612557904292797,124162167979058558928171620313459291749/157288670231995565016125579042927970,I0,O1,N,false,pair:I0:O1:N
2189,23702523743362339491297408370832485394/14124838310233043346309176304445741,1724339535874600727261247673244368405/2173052047728160514816796354530114,I0,O1,NE,false,pair:I0:O1:NE
