bit_index,output
17,CAP.5
18,CAP.4
19,CAP.4
20,CAP.1
21,CAP.1
22,CAP.1
23,CAP.1
25,CAP.5
26,CAP.1
27,CAP.1
28,CAP.1
29,CAP.1
30,CAP.1
31,CAP.1
33,CAP.5
34,CAP.4
35,CAP.4
36,CAP.3
37,CAP.3
38,CAP.3
39,CAP.3
40,CAP.0
41,CAP.5
42,CAP.2
43,CAP.2
44,CAP.0
45,CAP.2
46,CAP.2
47,CAP.2
49,CAP.5
50,CAP.4
51,CAP.4
52,CAP.0
53,CAP.3
54,CAP.3
55,CAP.3
56,CAP.0
57,CAP.5
58,CAP.0
59,CAP.4
60,CAP.0
61,CAP.5
62,CAP.0
63,CAP.1
69,CAP.3
70,CAP.3
71,CAP.3
73,CAP.5
74,CAP.2
75,CAP.2
77,CAP.2
78,CAP.2
79,CAP.2
81,CAP.5
82,CAP.1
83,CAP.4
85,CAP.5
86,CAP.1
87,CAP.1
89,CAP.5
90,CAP.1
91,CAP.1
93,CAP.5
94,CAP.1
95,CAP.1
98,CAP.4
99,CAP.4
101,CAP.3
102,CAP.3
103,CAP.3
105,CAP.5
106,CAP.0
107,CAP.4
109,CAP.5
110,CAP.0
111,CAP.2
113,CAP.5
114,CAP.4
115,CAP.4
117,CAP.5
118,CAP.0
119,CAP.3
121,CAP.5
122,CAP.0
123,CAP.4
125,CAP.5
126,CAP.0
127,CAP.5
133,CAP.3
134,CAP.3
135,CAP.3
137,CAP.5
138,CAP.2
139,CAP.2
141,CAP.2
142,CAP.2
143,CAP.2
145,CAP.5
146,CAP.4
147,CAP.4
149,CAP.1
150,CAP.1
151,CAP.1
153,CAP.5
154,CAP.1
155,CAP.4
157,CAP.1
158,CAP.1
159,CAP.1
165,CAP.3
166,CAP.3
167,CAP.3
169,CAP.5
170,CAP.4
171,CAP.4
173,CAP.2
174,CAP.0
175,CAP.2
177,CAP.5
178,CAP.4
179,CAP.4
181,CAP.3
182,CAP.3
183,CAP.3
185,CAP.5
186,CAP.4
187,CAP.4
189,CAP.5
190,CAP.0
191,CAP.3
201,CAP.5
202,CAP.2
203,CAP.2
205,CAP.2
206,CAP.2
207,CAP.2
209,CAP.5
210,CAP.4
211,CAP.4
213,CAP.1
214,CAP.1
215,CAP.1
217,CAP.5
218,CAP.1
219,CAP.1
221,CAP.1
222,CAP.1
223,CAP.1
233,CAP.5
234,CAP.4
235,CAP.4
237,CAP.2
238,CAP.0
239,CAP.2
241,CAP.5
242,CAP.4
243,CAP.4
245,CAP.3
246,CAP.3
247,CAP.3
249,CAP.5
250,CAP.4
251,CAP.4
253,CAP.5
254,CAP.0
255,CAP.0
261,CAP.3
263,CAP.3
265,CAP.5
266,CAP.2
267,CAP.2
269,CAP.2
270,CAP.2
271,CAP.2
276,CAP.1
277,CAP.3
278,CAP.1
279,CAP.3
280,CAP.1
281,CAP.5
282,CAP.1
283,CAP.4
284,CAP.1
285,CAP.5
286,CAP.1
287,CAP.1
292,CAP.0
293,CAP.3
294,CAP.3
295,CAP.3
296,CAP.0
297,CAP.5
298,CAP.4
299,CAP.4
300,CAP.0
301,CAP.5
302,CAP.2
303,CAP.2
308,CAP.0
309,CAP.3
310,CAP.3
311,CAP.3
312,CAP.0
313,CAP.5
314,CAP.4
315,CAP.4
316,CAP.0
317,CAP.5
318,CAP.0
319,CAP.2
325,CAP.3
327,CAP.3
329,CAP.5
331,CAP.2
333,CAP.2
335,CAP.2
340,CAP.1
341,CAP.5
342,CAP.1
343,CAP.1
344,CAP.1
345,CAP.5
346,CAP.1
347,CAP.4
348,CAP.1
349,CAP.5
350,CAP.1
351,CAP.1
356,CAP.3
357,CAP.3
358,CAP.3
359,CAP.3
360,CAP.0
361,CAP.5
362,CAP.2
363,CAP.2
364,CAP.0
365,CAP.2
366,CAP.2
367,CAP.2
372,CAP.0
373,CAP.5
374,CAP.0
375,CAP.3
376,CAP.0
377,CAP.5
378,CAP.4
379,CAP.4
380,CAP.0
381,CAP.5
382,CAP.0
383,CAP.1
389,CAP.3
391,CAP.3
393,CAP.5
395,CAP.2
397,CAP.2
399,CAP.2
405,CAP.5
407,CAP.1
409,CAP.5
411,CAP.4
413,CAP.5
415,CAP.1
420,CAP.0
421,CAP.3
422,CAP.3
423,CAP.3
424,CAP.0
425,CAP.5
426,CAP.2
427,CAP.2
428,CAP.0
429,CAP.5
430,CAP.2
431,CAP.2
436,CAP.0
437,CAP.5
438,CAP.0
439,CAP.3
440,CAP.0
441,CAP.5
442,CAP.4
443,CAP.4
444,CAP.0
445,CAP.5
446,CAP.0
447,CAP.4
465,CAP.5
466,CAP.1
467,CAP.4
468,CAP.1
469,CAP.3
470,CAP.1
471,CAP.3
473,CAP.5
474,CAP.1
475,CAP.4
476,CAP.1
477,CAP.5
478,CAP.1
479,CAP.1
481,CAP.5
482,CAP.4
483,CAP.4
484,CAP.0
485,CAP.3
486,CAP.3
487,CAP.3
489,CAP.5
490,CAP.0
491,CAP.2
492,CAP.0
493,CAP.5
494,CAP.0
495,CAP.2
497,CAP.5
498,CAP.4
499,CAP.4
500,CAP.0
501,CAP.3
502,CAP.0
503,CAP.3
505,CAP.5
506,CAP.0
507,CAP.4
508,CAP.0
509,CAP.5
510,CAP.0
511,CAP.5
530,CAP.4
531,CAP.4
532,CAP.1
533,CAP.3
534,CAP.1
535,CAP.3
538,CAP.1
539,CAP.4
540,CAP.1
541,CAP.5
542,CAP.1
543,CAP.1
546,CAP.4
547,CAP.4
548,CAP.0
549,CAP.3
550,CAP.3
551,CAP.3
554,CAP.0
555,CAP.2
556,CAP.0
557,CAP.5
558,CAP.0
559,CAP.2
562,CAP.4
563,CAP.4
564,CAP.0
565,CAP.3
566,CAP.3
567,CAP.3
570,CAP.0
571,CAP.4
572,CAP.0
573,CAP.5
574,CAP.0
575,CAP.5
579,D0.4
581,D0.3
583,D0.3
584,D0.2
585,D0.5
586,D0.2
587,D0.2
588,D0.2
589,D0.2
590,D0.2
591,D0.2
593,D0.5
595,D0.4
597,D0.1
599,D0.1
600,D0.1
601,D0.5
602,D0.1
603,D0.4
604,D0.1
605,D0.1
606,D0.1
607,D0.1
611,D0.4
613,D0.3
615,D0.3
616,D0.0
617,D0.5
618,D0.4
619,D0.4
620,D0.0
621,D0.2
622,D0.2
623,D0.2
625,D0.5
627,D0.4
629,D0.5
631,D0.3
632,D0.0
633,D0.5
634,D0.4
635,D0.4
636,D0.0
637,D0.5
638,D0.0
639,D0.3
644,D0.3
645,D0.3
646,D0.3
647,D0.3
652,D0.2
653,D0.2
654,D0.2
655,D0.2
660,D0.1
661,D0.1
662,D0.1
663,D0.1
668,D0.1
669,D0.1
670,D0.1
671,D0.1
672,D0.0
673,D0.5
674,D0.4
675,D0.4
676,D0.3
677,D0.3
678,D0.3
679,D0.3
680,D0.0
681,D0.5
682,D0.0
683,D0.2
684,D0.0
685,D0.2
686,D0.0
687,D0.2
688,D0.0
689,D0.5
690,D0.4
691,D0.4
692,D0.0
693,D0.3
694,D0.0
695,D0.3
696,D0.0
697,D0.5
698,D0.0
699,D0.4
700,D0.0
701,D0.5
702,D0.0
703,D0.5
708,D0.3
709,D0.3
710,D0.3
711,D0.3
716,D0.2
717,D0.2
718,D0.2
719,D0.2
724,D0.1
725,D0.3
726,D0.1
727,D0.3
732,D0.1
733,D0.1
734,D0.1
735,D0.1
736,D0.0
737,D0.5
738,D0.4
739,D0.4
740,D0.3
741,D0.3
742,D0.3
743,D0.3
744,D0.0
745,D0.5
746,D0.2
747,D0.2
748,D0.0
749,D0.2
750,D0.2
751,D0.2
752,D0.0
753,D0.5
754,D0.4
755,D0.4
756,D0.0
757,D0.3
758,D0.3
759,D0.3
760,D0.0
761,D0.5
762,D0.4
763,D0.4
764,D0.0
765,D0.5
766,D0.0
767,D0.1
772,D0.3
773,D0.3
774,D0.3
775,D0.3
780,D0.2
781,D0.2
782,D0.2
783,D0.2
788,D0.1
789,D0.1
790,D0.1
791,D0.1
796,D0.1
797,D0.1
798,D0.1
799,D0.1
800,D0.0
801,D0.5
802,D0.4
803,D0.4
804,D0.3
805,D0.3
806,D0.3
807,D0.3
808,D0.0
809,D0.5
810,D0.2
811,D0.2
812,D0.0
813,D0.2
814,D0.2
815,D0.2
816,D0.0
817,D0.5
818,D0.4
819,D0.4
820,D0.0
821,D0.3
822,D0.0
823,D0.3
824,D0.0
825,D0.5
826,D0.0
827,D0.4
828,D0.0
829,D0.5
830,D0.0
831,D0.1
834,D0.4
835,D0.4
838,D0.3
839,D0.3
842,D0.2
843,D0.2
846,D0.2
847,D0.2
848,D0.1
849,D0.5
850,D0.1
851,D0.4
852,D0.1
853,D0.1
854,D0.1
855,D0.1
856,D0.1
857,D0.5
858,D0.1
859,D0.1
860,D0.1
861,D0.1
862,D0.1
863,D0.1
866,D0.4
867,D0.4
870,D0.3
871,D0.3
874,D0.0
875,D0.2
878,D0.0
879,D0.2
880,D0.0
881,D0.5
882,D0.4
883,D0.4
884,D0.0
885,D0.5
886,D0.0
887,D0.3
888,D0.0
889,D0.5
890,D0.0
891,D0.4
892,D0.0
893,D0.5
894,D0.0
895,D0.5
898,D0.4
899,D0.4
902,D0.3
903,D0.3
906,D0.2
907,D0.2
910,D0.2
911,D0.2
913,D0.5
914,D0.4
915,D0.4
916,D0.1
917,D0.3
918,D0.1
919,D0.3
921,D0.5
922,D0.1
923,D0.1
924,D0.1
925,D0.1
926,D0.1
927,D0.1
930,D0.4
931,D0.4
934,D0.3
935,D0.3
938,D0.0
939,D0.2
942,D0.0
943,D0.2
944,D0.0
945,D0.5
946,D0.4
947,D0.4
948,D0.0
949,D0.3
950,D0.3
951,D0.3
952,D0.0
953,D0.5
954,D0.0
955,D0.4
956,D0.0
957,D0.5
958,D0.0
959,D0.5
961,D0.5
963,D0.4
965,D0.3
967,D0.3
968,D0.2
969,D0.5
970,D0.2
971,D0.2
972,D0.2
973,D0.2
974,D0.2
975,D0.2
977,D0.5
979,D0.4
981,D0.5
983,D0.3
984,D0.1
985,D0.5
986,D0.1
987,D0.4
988,D0.1
989,D0.5
990,D0.1
991,D0.1
993,D0.5
995,D0.4
997,D0.3
999,D0.3
1000,D0.0
1001,D0.5
1002,D0.4
1003,D0.4
1004,D0.0
1005,D0.2
1006,D0.2
1007,D0.2
1009,D0.5
1011,D0.4
1013,D0.5
1015,D0.3
1016,D0.0
1017,D0.5
1018,D0.4
1019,D0.4
1020,D0.0
1021,D0.5
1022,D0.0
1023,D0.3
1025,D0.5
1027,D0.4
1029,D0.3
1031,D0.3
1032,D0.2
1033,D0.5
1034,D0.2
1035,D0.2
1036,D0.2
1037,D0.2
1038,D0.2
1039,D0.2
1041,D0.5
1043,D0.4
1045,D0.3
1047,D0.3
1048,D0.1
1049,D0.5
1050,D0.1
1051,D0.4
1052,D0.1
1053,D0.1
1054,D0.1
1055,D0.1
1057,D0.5
1059,D0.4
1061,D0.3
1063,D0.3
1064,D0.0
1065,D0.5
1066,D0.2
1067,D0.2
1068,D0.0
1069,D0.2
1070,D0.2
1071,D0.2
1073,D0.5
1075,D0.4
1077,D0.3
1079,D0.3
1080,D0.0
1081,D0.5
1082,D0.4
1083,D0.4
1084,D0.0
1085,D0.5
1086,D0.0
1087,D0.1
1089,D0.5
1091,D0.4
1093,D0.3
1095,D0.3
1096,D0.2
1097,D0.5
1098,D0.2
1099,D0.2
1100,D0.2
1101,D0.2
1102,D0.2
1103,D0.2
1105,D0.5
1107,D0.4
1109,D0.3
1111,D0.3
1112,D0.1
1113,D0.5
1114,D0.1
1115,D0.4
1116,D0.1
1117,D0.1
1118,D0.1
1119,D0.1
1121,D0.5
1123,D0.4
1125,D0.3
1127,D0.3
1128,D0.0
1129,D0.5
1130,D0.4
1131,D0.4
1132,D0.0
1133,D0.2
1134,D0.2
1135,D0.2
1137,D0.5
1139,D0.4
1141,D0.3
1143,D0.3
1144,D0.0
1145,D0.5
1146,D0.4
1147,D0.4
1148,D0.0
1149,D0.5
1150,D0.0
1151,D0.3
1157,D0.3
1159,D0.3
1164,D0.2
1165,D0.2
1166,D0.2
1167,D0.2
1172,D0.1
1173,D0.5
1174,D0.1
1175,D0.3
1180,D0.1
1181,D0.5
1182,D0.1
1183,D0.1
1184,D0.0
1185,D0.5
1186,D0.4
1187,D0.4
1188,D0.3
1189,D0.3
1190,D0.3
1191,D0.3
1192,D0.0
1193,D0.5
1194,D0.2
1195,D0.2
1196,D0.0
1197,D0.5
1198,D0.2
1199,D0.2
1200,D0.0
1201,D0.5
1202,D0.4
1203,D0.4
1204,D0.0
1205,D0.5
1206,D0.0
1207,D0.3
1208,D0.0
1209,D0.5
1210,D0.0
1211,D0.4
1212,D0.0
1213,D0.5
1214,D0.0
1215,D0.4
1218,D0.4
1219,D0.4
1222,D0.3
1223,D0.3
1226,D0.2
1227,D0.2
1230,D0.2
1231,D0.2
1232,D0.1
1233,D0.5
1234,D0.1
1235,D0.4
1236,D0.1
1237,D0.5
1238,D0.1
1239,D0.1
1240,D0.1
1241,D0.5
1242,D0.1
1243,D0.4
1244,D0.1
1245,D0.5
1246,D0.1
1247,D0.1
1250,D0.4
1251,D0.4
1254,D0.3
1255,D0.3
1258,D0.4
1259,D0.4
1262,D0.0
1263,D0.2
1264,D0.0
1265,D0.5
1266,D0.4
1267,D0.4
1268,D0.0
1269,D0.5
1270,D0.0
1271,D0.3
1272,D0.0
1273,D0.5
1274,D0.4
1275,D0.4
1276,D0.0
1277,D0.5
1278,D0.0
1279,D0.3
1282,D0.4
1283,D0.4
1286,D0.3
1287,D0.3
1290,D0.2
1291,D0.2
1294,D0.2
1295,D0.2
1296,D0.1
1297,D0.5
1298,D0.1
1299,D0.4
1300,D0.1
1301,D0.5
1302,D0.1
1303,D0.1
1304,D0.1
1305,D0.5
1306,D0.1
1307,D0.4
1308,D0.1
1309,D0.5
1310,D0.1
1311,D0.1
1314,D0.4
1315,D0.4
1318,D0.3
1319,D0.3
1322,D0.0
1323,D0.4
1326,D0.0
1327,D0.2
1328,D0.0
1329,D0.5
1330,D0.4
1331,D0.4
1332,D0.0
1333,D0.5
1334,D0.0
1335,D0.3
1336,D0.0
1337,D0.5
1338,D0.0
1339,D0.4
1340,D0.0
1341,D0.5
1342,D0.0
1343,D0.5
1347,D1.4
1349,D1.3
1351,D1.3
1352,D1.2
1353,D1.2
1354,D1.2
1355,D1.2
1356,D1.2
1357,D1.2
1358,D1.2
1359,D1.2
1363,D1.4
1365,D1.1
1367,D1.1
1368,D1.1
1369,D1.5
1370,D1.1
1371,D1.1
1372,D1.1
1373,D1.1
1374,D1.1
1375,D1.1
1377,D1.5
1379,D1.4
1380,D1.3
1381,D1.3
1382,D1.3
1383,D1.3
1384,D1.0
1385,D1.5
1386,D1.2
1387,D1.2
1388,D1.0
1389,D1.2
1390,D1.2
1391,D1.2
1393,D1.5
1394,D1.4
1395,D1.4
1396,D1.0
1397,D1.5
1398,D1.0
1399,D1.3
1400,D1.0
1401,D1.5
1402,D1.4
1403,D1.4
1404,D1.0
1405,D1.5
1406,D1.0
1407,D1.1
1411,D1.4
1413,D1.3
1415,D1.3
1416,D1.2
1417,D1.2
1418,D1.2
1419,D1.2
1420,D1.2
1421,D1.2
1422,D1.2
1423,D1.2
1427,D1.4
1429,D1.1
1431,D1.1
1432,D1.1
1433,D1.5
1434,D1.1
1435,D1.1
1436,D1.1
1437,D1.1
1438,D1.1
1439,D1.1
1441,D1.5
1443,D1.4
1445,D1.3
1447,D1.3
1448,D1.0
1449,D1.5
1450,D1.4
1451,D1.4
1452,D1.0
1453,D1.2
1454,D1.2
1455,D1.2
1457,D1.5
1459,D1.4
1461,D1.5
1463,D1.3
1464,D1.0
1465,D1.5
1466,D1.4
1467,D1.4
1468,D1.0
1469,D1.5
1470,D1.0
1471,D1.0
1473,D1.5
1475,D1.4
1477,D1.3
1479,D1.3
1480,D1.2
1481,D1.5
1482,D1.2
1483,D1.2
1484,D1.2
1485,D1.2
1486,D1.2
1487,D1.2
1489,D1.5
1491,D1.4
1493,D1.1
1495,D1.1
1496,D1.1
1497,D1.5
1498,D1.1
1499,D1.4
1500,D1.1
1501,D1.1
1502,D1.1
1503,D1.1
1505,D1.5
1507,D1.4
1509,D1.3
1511,D1.3
1512,D1.0
1513,D1.5
1514,D1.4
1515,D1.4
1516,D1.0
1517,D1.2
1518,D1.2
1519,D1.2
1521,D1.5
1523,D1.4
1525,D1.5
1527,D1.3
1528,D1.0
1529,D1.5
1530,D1.4
1531,D1.4
1532,D1.0
1533,D1.5
1534,D1.0
1535,D1.3
1542,D1.3
1543,D1.3
1547,D1.2
1548,D1.2
1549,D1.2
1550,D1.2
1551,D1.2
1554,D1.1
1555,D1.4
1556,D1.1
1557,D1.5
1558,D1.1
1559,D1.3
1562,D1.1
1563,D1.4
1564,D1.1
1565,D1.5
1566,D1.1
1567,D1.1
1568,D1.0
1569,D1.5
1570,D1.4
1571,D1.4
1572,D1.0
1573,D1.3
1574,D1.3
1575,D1.3
1576,D1.0
1577,D1.5
1578,D1.0
1579,D1.2
1580,D1.0
1581,D1.5
1582,D1.0
1583,D1.2
1584,D1.0
1585,D1.5
1586,D1.4
1587,D1.4
1588,D1.0
1589,D1.5
1590,D1.0
1591,D1.3
1592,D1.0
1593,D1.5
1594,D1.0
1595,D1.4
1596,D1.0
1597,D1.5
1598,D1.0
1599,D1.4
1604,D1.3
1605,D1.3
1606,D1.3
1607,D1.3
1612,D1.2
1613,D1.2
1614,D1.2
1615,D1.2
1620,D1.1
1621,D1.1
1622,D1.1
1623,D1.1
1628,D1.1
1629,D1.1
1630,D1.1
1631,D1.1
1632,D1.0
1633,D1.5
1634,D1.4
1635,D1.4
1636,D1.3
1637,D1.3
1638,D1.3
1639,D1.3
1640,D1.0
1641,D1.5
1642,D1.0
1643,D1.2
1644,D1.0
1645,D1.2
1646,D1.0
1647,D1.2
1648,D1.0
1649,D1.5
1650,D1.4
1651,D1.4
1652,D1.0
1653,D1.5
1654,D1.0
1655,D1.3
1656,D1.0
1657,D1.5
1658,D1.0
1659,D1.4
1660,D1.0
1661,D1.5
1662,D1.0
1663,D1.5
1670,D1.3
1671,D1.3
1676,D1.2
1677,D1.2
1678,D1.2
1679,D1.2
1684,D1.1
1685,D1.5
1686,D1.1
1687,D1.3
1692,D1.1
1693,D1.5
1694,D1.1
1695,D1.1
1696,D1.0
1697,D1.5
1698,D1.4
1699,D1.4
1700,D1.0
1701,D1.3
1702,D1.3
1703,D1.3
1704,D1.0
1705,D1.5
1706,D1.2
1707,D1.2
1708,D1.0
1709,D1.5
1710,D1.2
1711,D1.2
1712,D1.0
1713,D1.5
1714,D1.4
1715,D1.4
1716,D1.0
1717,D1.5
1718,D1.3
1719,D1.3
1720,D1.0
1721,D1.5
1722,D1.4
1723,D1.4
1724,D1.0
1725,D1.5
1726,D1.0
1727,D1.4
1732,D1.3
1733,D1.3
1734,D1.3
1735,D1.3
1740,D1.2
1741,D1.2
1742,D1.2
1743,D1.2
1748,D1.1
1749,D1.3
1750,D1.1
1751,D1.3
1756,D1.1
1757,D1.1
1758,D1.1
1759,D1.1
1760,D1.0
1761,D1.5
1762,D1.4
1763,D1.4
1764,D1.3
1765,D1.3
1766,D1.3
1767,D1.3
1768,D1.0
1769,D1.5
1770,D1.2
1771,D1.2
1772,D1.0
1773,D1.2
1774,D1.2
1775,D1.2
1776,D1.0
1777,D1.5
1778,D1.4
1779,D1.4
1780,D1.0
1781,D1.3
1782,D1.3
1783,D1.3
1784,D1.0
1785,D1.5
1786,D1.4
1787,D1.4
1788,D1.0
1789,D1.5
1790,D1.0
1791,D1.1
1796,D1.3
1797,D1.3
1798,D1.3
1799,D1.3
1804,D1.2
1805,D1.2
1806,D1.2
1807,D1.2
1812,D1.1
1813,D1.1
1814,D1.1
1815,D1.1
1820,D1.1
1821,D1.1
1822,D1.1
1823,D1.1
1824,D1.0
1825,D1.5
1826,D1.4
1827,D1.4
1828,D1.3
1829,D1.3
1830,D1.3
1831,D1.3
1832,D1.0
1833,D1.5
1834,D1.2
1835,D1.2
1836,D1.0
1837,D1.2
1838,D1.2
1839,D1.2
1840,D1.0
1841,D1.5
1842,D1.4
1843,D1.4
1844,D1.0
1845,D1.5
1846,D1.0
1847,D1.3
1848,D1.0
1849,D1.5
1850,D1.0
1851,D1.4
1852,D1.0
1853,D1.5
1854,D1.0
1855,D1.1
1858,D1.4
1859,D1.4
1862,D1.3
1863,D1.3
1865,D1.5
1866,D1.2
1867,D1.2
1869,D1.2
1870,D1.2
1871,D1.2
1873,D1.5
1874,D1.4
1875,D1.4
1877,D1.3
1878,D1.1
1879,D1.3
1880,D1.1
1881,D1.5
1882,D1.1
1883,D1.4
1884,D1.1
1885,D1.1
1886,D1.1
1887,D1.1
1890,D1.4
1891,D1.4
1894,D1.3
1895,D1.3
1897,D1.5
1898,D1.4
1899,D1.4
1900,D1.0
1901,D1.2
1902,D1.0
1903,D1.2
1904,D1.0
1905,D1.5
1906,D1.4
1907,D1.4
1908,D1.0
1909,D1.3
1910,D1.3
1911,D1.3
1912,D1.0
1913,D1.5
1914,D1.4
1915,D1.4
1916,D1.0
1917,D1.5
1918,D1.0
1919,D1.3
1922,D1.4
1923,D1.4
1926,D1.3
1927,D1.3
1930,D1.2
1931,D1.2
1934,D1.2
1935,D1.2
1937,D1.5
1938,D1.4
1939,D1.4
1941,D1.3
1942,D1.1
1943,D1.3
1944,D1.1
1945,D1.5
1946,D1.1
1947,D1.1
1948,D1.1
1949,D1.1
1950,D1.1
1951,D1.1
1954,D1.4
1955,D1.4
1958,D1.3
1959,D1.3
1962,D1.0
1963,D1.2
1966,D1.0
1967,D1.2
1968,D1.0
1969,D1.5
1970,D1.4
1971,D1.4
1972,D1.0
1973,D1.3
1974,D1.3
1975,D1.3
1976,D1.0
1977,D1.5
1978,D1.0
1979,D1.4
1980,D1.0
1981,D1.5
1982,D1.0
1983,D1.2
1986,D1.4
1987,D1.4
1990,D1.3
1991,D1.3
1994,D1.2
1995,D1.2
1998,D1.2
1999,D1.2
2000,D1.1
2001,D1.5
2002,D1.1
2003,D1.4
2004,D1.1
2005,D1.1
2006,D1.1
2007,D1.1
2008,D1.1
2009,D1.5
2010,D1.1
2011,D1.1
2012,D1.1
2013,D1.1
2014,D1.1
2015,D1.1
2018,D1.4
2019,D1.4
2022,D1.3
2023,D1.3
2026,D1.0
2027,D1.2
2030,D1.0
2031,D1.2
2032,D1.0
2033,D1.5
2034,D1.4
2035,D1.4
2036,D1.0
2037,D1.5
2038,D1.0
2039,D1.3
2040,D1.0
2041,D1.5
2042,D1.0
2043,D1.4
2044,D1.0
2045,D1.5
2046,D1.0
2047,D1.5
2050,D1.4
2051,D1.4
2054,D1.3
2055,D1.3
2058,D1.2
2059,D1.2
2062,D1.2
2063,D1.2
2064,D1.1
2065,D1.5
2066,D1.4
2067,D1.4
2068,D1.1
2069,D1.3
2070,D1.1
2071,D1.3
2072,D1.1
2073,D1.5
2074,D1.1
2075,D1.1
2076,D1.1
2077,D1.1
2078,D1.1
2079,D1.1
2082,D1.4
2083,D1.4
2086,D1.3
2087,D1.3
2090,D1.0
2091,D1.2
2094,D1.0
2095,D1.2
2096,D1.0
2097,D1.5
2098,D1.4
2099,D1.4
2100,D1.0
2101,D1.3
2102,D1.3
2103,D1.3
2104,D1.0
2105,D1.5
2106,D1.0
2107,D1.4
2108,D1.0
2109,D1.5
2110,D1.0
2111,D1.5
2116,D1.3
2117,D1.3
2118,D1.3
2119,D1.3
2124,D1.2
2125,D1.2
2126,D1.2
2127,D1.2
2132,D1.1
2133,D1.5
2134,D1.1
2135,D1.3
2140,D1.1
2141,D1.5
2142,D1.1
2143,D1.1
2144,D1.0
2145,D1.5
2146,D1.4
2147,D1.4
2148,D1.3
2149,D1.3
2150,D1.3
2151,D1.3
2152,D1.0
2153,D1.5
2154,D1.2
2155,D1.2
2156,D1.0
2157,D1.5
2158,D1.2
2159,D1.2
2160,D1.0
2161,D1.5
2162,D1.4
2163,D1.4
2164,D1.0
2165,D1.5
2166,D1.0
2167,D1.3
2168,D1.0
2169,D1.5
2170,D1.0
2171,D1.4
2172,D1.0
2173,D1.5
2174,D1.0
2175,D1.4
2177,D1.5
2179,D1.4
2181,D1.3
2183,D1.3
2184,D1.2
2185,D1.5
2186,D1.2
2187,D1.2
2188,D1.2
2189,D1.2
2190,D1.2
2191,D1.2
2193,D1.5
2195,D1.4
2197,D1.5
2199,D1.3
2200,D1.1
2201,D1.5
2202,D1.1
2203,D1.4
2204,D1.1
2205,D1.5
2206,D1.1
2207,D1.1
2209,D1.5
2211,D1.4
2213,D1.3
2215,D1.3
2216,D1.0
2217,D1.5
2218,D1.4
2219,D1.4
2220,D1.0
2221,D1.2
2222,D1.2
2223,D1.2
2225,D1.5
2227,D1.4
2229,D1.5
2231,D1.3
2232,D1.0
2233,D1.5
2234,D1.4
2235,D1.4
2236,D1.0
2237,D1.5
2238,D1.0
2239,D1.3
2241,D1.5
2243,D1.4
2245,D1.3
2247,D1.3
2248,D1.2
2249,D1.5
2250,D1.2
2251,D1.2
2252,D1.2
2253,D1.2
2254,D1.2
2255,D1.2
2257,D1.5
2259,D1.4
2261,D1.3
2263,D1.3
2264,D1.1
2265,D1.5
2266,D1.1
2267,D1.4
2268,D1.1
2269,D1.1
2270,D1.1
2271,D1.1
2273,D1.5
2275,D1.4
2277,D1.3
2279,D1.3
2280,D1.0
2281,D1.5
2282,D1.2
2283,D1.2
2284,D1.0
2285,D1.2
2286,D1.2
2287,D1.2
2289,D1.5
2291,D1.4
2293,D1.3
2295,D1.3
2296,D1.0
2297,D1.5
2298,D1.4
2299,D1.4
2300,D1.0
2301,D1.5
2302,D1.0
2303,D1.1
2305,D1.5
2307,D1.4
2309,D1.3
2311,D1.3
2312,D1.2
2313,D1.5
2314,D1.2
2315,D1.2
2316,D1.2
2317,D1.2
2318,D1.2
2319,D1.2
2321,D1.5
2323,D1.4
2325,D1.3
2327,D1.3
2328,D1.1
2329,D1.5
2330,D1.1
2331,D1.4
2332,D1.1
2333,D1.1
2334,D1.1
2335,D1.1
2337,D1.5
2339,D1.4
2341,D1.3
2343,D1.3
2344,D1.0
2345,D1.5
2346,D1.4
2347,D1.4
2348,D1.0
2349,D1.2
2350,D1.2
2351,D1.2
2353,D1.5
2355,D1.4
2357,D1.3
2359,D1.3
2360,D1.0
2361,D1.5
2362,D1.4
2363,D1.4
2364,D1.0
2365,D1.5
2366,D1.0
2367,D1.3
2370,D1.4
2371,D1.4
2374,D1.3
2375,D1.3
2378,D1.2
2379,D1.2
2382,D1.2
2383,D1.2
2384,D1.1
2385,D1.5
2386,D1.1
2387,D1.4
2388,D1.1
2389,D1.5
2390,D1.1
2391,D1.3
2392,D1.1
2393,D1.5
2394,D1.1
2395,D1.4
2396,D1.1
2397,D1.5
2398,D1.1
2399,D1.1
2402,D1.4
2403,D1.4
2406,D1.3
2407,D1.3
2410,D1.4
2411,D1.4
2414,D1.0
2415,D1.2
2416,D1.0
2417,D1.5
2418,D1.4
2419,D1.4
2420,D1.0
2421,D1.5
2422,D1.0
2423,D1.3
2424,D1.0
2425,D1.5
2426,D1.4
2427,D1.4
2428,D1.0
2429,D1.5
2430,D1.0
2431,D1.3
2434,D1.4
2435,D1.4
2438,D1.3
2439,D1.3
2442,D1.2
2443,D1.2
2446,D1.2
2447,D1.2
2448,D1.1
2449,D1.5
2450,D1.1
2451,D1.4
2452,D1.1
2453,D1.5
2454,D1.1
2455,D1.3
2456,D1.1
2457,D1.5
2458,D1.1
2459,D1.4
2460,D1.1
2461,D1.5
2462,D1.1
2463,D1.1
2466,D1.4
2467,D1.4
2470,D1.3
2471,D1.3
2474,D1.0
2475,D1.4
2478,D1.0
2479,D1.2
2480,D1.0
2481,D1.5
2482,D1.4
2483,D1.4
2484,D1.0
2485,D1.5
2486,D1.0
2487,D1.3
2488,D1.0
2489,D1.5
2490,D1.0
2491,D1.4
2492,D1.0
2493,D1.5
2494,D1.0
2495,D1.5
2499,LEAF.4
2501,LEAF.3
2503,LEAF.3
2505,LEAF.2
2506,LEAF.2
2507,LEAF.2
2508,LEAF.2
2509,LEAF.2
2510,LEAF.2
2511,LEAF.2
2514,LEAF.1
2515,LEAF.4
2516,LEAF.1
2517,LEAF.1
2518,LEAF.1
2519,LEAF.1
2520,LEAF.1
2521,LEAF.5
2522,LEAF.1
2523,LEAF.1
2524,LEAF.1
2525,LEAF.1
2526,LEAF.1
2527,LEAF.1
2529,LEAF.5
2530,LEAF.4
2531,LEAF.4
2532,LEAF.0
2533,LEAF.3
2534,LEAF.3
2535,LEAF.3
2537,LEAF.5
2538,LEAF.0
2539,LEAF.2
2540,LEAF.0
2541,LEAF.5
2542,LEAF.0
2543,LEAF.2
2544,LEAF.0
2545,LEAF.5
2546,LEAF.4
2547,LEAF.4
2548,LEAF.0
2549,LEAF.5
2550,LEAF.0
2551,LEAF.3
2552,LEAF.0
2553,LEAF.5
2554,LEAF.0
2555,LEAF.4
2556,LEAF.0
2557,LEAF.5
2558,LEAF.0
2559,LEAF.0
2563,LEAF.4
2565,LEAF.3
2567,LEAF.3
2569,LEAF.2
2570,LEAF.2
2571,LEAF.2
2572,LEAF.2
2573,LEAF.2
2574,LEAF.2
2575,LEAF.2
2578,LEAF.1
2579,LEAF.4
2580,LEAF.1
2581,LEAF.1
2582,LEAF.1
2583,LEAF.1
2584,LEAF.1
2585,LEAF.5
2586,LEAF.1
2587,LEAF.1
2588,LEAF.1
2589,LEAF.1
2590,LEAF.1
2591,LEAF.1
2593,LEAF.5
2594,LEAF.4
2595,LEAF.4
2596,LEAF.0
2597,LEAF.3
2598,LEAF.3
2599,LEAF.3
2601,LEAF.5
2602,LEAF.0
2603,LEAF.2
2604,LEAF.0
2605,LEAF.5
2606,LEAF.0
2607,LEAF.2
2608,LEAF.0
2609,LEAF.5
2610,LEAF.4
2611,LEAF.4
2612,LEAF.0
2613,LEAF.5
2614,LEAF.0
2615,LEAF.3
2616,LEAF.0
2617,LEAF.5
2618,LEAF.0
2619,LEAF.4
2620,LEAF.0
2621,LEAF.5
2622,LEAF.0
2623,LEAF.0
2641,LEAF.5
2642,LEAF.4
2643,LEAF.4
2644,LEAF.1
2645,LEAF.1
2646,LEAF.1
2647,LEAF.1
2648,LEAF.1
2649,LEAF.5
2650,LEAF.1
2651,LEAF.1
2652,LEAF.1
2653,LEAF.1
2654,LEAF.1
2655,LEAF.1
2657,LEAF.5
2658,LEAF.4
2659,LEAF.4
2660,LEAF.0
2661,LEAF.3
2662,LEAF.3
2663,LEAF.3
2664,LEAF.0
2665,LEAF.5
2666,LEAF.0
2667,LEAF.4
2668,LEAF.0
2669,LEAF.5
2670,LEAF.0
2671,LEAF.2
2673,LEAF.5
2674,LEAF.4
2675,LEAF.4
2676,LEAF.0
2677,LEAF.3
2678,LEAF.3
2679,LEAF.3
2680,LEAF.0
2681,LEAF.5
2682,LEAF.0
2683,LEAF.4
2684,LEAF.0
2685,LEAF.5
2686,LEAF.0
2687,LEAF.0
2705,LEAF.5
2706,LEAF.4
2707,LEAF.4
2708,LEAF.1
2709,LEAF.1
2710,LEAF.1
2711,LEAF.1
2712,LEAF.1
2713,LEAF.5
2714,LEAF.1
2715,LEAF.1
2716,LEAF.1
2717,LEAF.1
2718,LEAF.1
2719,LEAF.1
2721,LEAF.5
2722,LEAF.4
2723,LEAF.4
2724,LEAF.0
2725,LEAF.3
2726,LEAF.3
2727,LEAF.3
2728,LEAF.0
2729,LEAF.5
2730,LEAF.0
2731,LEAF.4
2732,LEAF.0
2733,LEAF.5
2734,LEAF.0
2735,LEAF.2
2737,LEAF.5
2738,LEAF.4
2739,LEAF.4
2740,LEAF.0
2741,LEAF.3
2742,LEAF.0
2743,LEAF.3
2744,LEAF.0
2745,LEAF.5
2746,LEAF.0
2747,LEAF.4
2748,LEAF.0
2749,LEAF.5
2750,LEAF.0
2751,LEAF.0
2755,LEAF.4
2757,LEAF.3
2758,LEAF.3
2759,LEAF.3
2761,LEAF.2
2763,LEAF.2
2764,LEAF.2
2765,LEAF.2
2766,LEAF.2
2767,LEAF.2
2769,LEAF.5
2770,LEAF.4
2771,LEAF.4
2773,LEAF.3
2774,LEAF.1
2775,LEAF.3
2776,LEAF.1
2777,LEAF.5
2778,LEAF.1
2779,LEAF.1
2780,LEAF.1
2781,LEAF.1
2782,LEAF.1
2783,LEAF.1
2786,LEAF.4
2787,LEAF.4
2788,LEAF.3
2789,LEAF.3
2790,LEAF.3
2791,LEAF.3
2792,LEAF.0
2793,LEAF.5
2794,LEAF.2
2795,LEAF.2
2796,LEAF.0
2797,LEAF.2
2798,LEAF.2
2799,LEAF.2
2800,LEAF.0
2801,LEAF.5
2802,LEAF.4
2803,LEAF.4
2804,LEAF.0
2805,LEAF.3
2806,LEAF.3
2807,LEAF.3
2808,LEAF.0
2809,LEAF.5
2810,LEAF.4
2811,LEAF.4
2812,LEAF.0
2813,LEAF.5
2814,LEAF.0
2815,LEAF.2
2819,LEAF.4
2821,LEAF.3
2822,LEAF.3
2823,LEAF.3
2825,LEAF.2
2827,LEAF.2
2828,LEAF.2
2829,LEAF.2
2830,LEAF.2
2831,LEAF.2
2833,LEAF.5
2834,LEAF.1
2835,LEAF.4
2836,LEAF.1
2837,LEAF.1
2838,LEAF.1
2839,LEAF.1
2840,LEAF.1
2841,LEAF.5
2842,LEAF.1
2843,LEAF.1
2844,LEAF.1
2845,LEAF.1
2846,LEAF.1
2847,LEAF.1
2850,LEAF.4
2851,LEAF.4
2852,LEAF.3
2853,LEAF.3
2854,LEAF.3
2855,LEAF.3
2856,LEAF.0
2857,LEAF.5
2858,LEAF.2
2859,LEAF.2
2860,LEAF.0
2861,LEAF.2
2862,LEAF.2
2863,LEAF.2
2864,LEAF.0
2865,LEAF.5
2866,LEAF.4
2867,LEAF.4
2868,LEAF.0
2869,LEAF.3
2870,LEAF.3
2871,LEAF.3
2872,LEAF.0
2873,LEAF.5
2874,LEAF.4
2875,LEAF.4
2876,LEAF.0
2877,LEAF.5
2878,LEAF.0
2879,LEAF.0
2882,LEAF.4
2883,LEAF.4
2885,LEAF.3
2886,LEAF.3
2887,LEAF.3
2889,LEAF.5
2890,LEAF.2
2891,LEAF.2
2893,LEAF.2
2894,LEAF.2
2895,LEAF.2
2897,LEAF.5
2898,LEAF.1
2899,LEAF.4
2901,LEAF.1
2902,LEAF.1
2903,LEAF.1
2905,LEAF.5
2906,LEAF.1
2907,LEAF.1
2909,LEAF.1
2910,LEAF.1
2911,LEAF.1
2913,LEAF.5
2914,LEAF.4
2915,LEAF.4
2917,LEAF.3
2918,LEAF.3
2919,LEAF.3
2921,LEAF.5
2922,LEAF.4
2923,LEAF.4
2925,LEAF.2
2926,LEAF.0
2927,LEAF.2
2929,LEAF.5
2930,LEAF.4
2931,LEAF.4
2933,LEAF.3
2934,LEAF.0
2935,LEAF.3
2937,LEAF.5
2938,LEAF.4
2939,LEAF.4
2941,LEAF.5
2942,LEAF.0
2943,LEAF.0
2949,LEAF.3
2950,LEAF.3
2951,LEAF.3
2953,LEAF.2
2954,LEAF.2
2955,LEAF.2
2957,LEAF.2
2958,LEAF.2
2959,LEAF.2
2961,LEAF.5
2962,LEAF.4
2963,LEAF.4
2965,LEAF.5
2966,LEAF.1
2967,LEAF.1
2969,LEAF.5
2970,LEAF.1
2971,LEAF.1
2973,LEAF.5
2974,LEAF.1
2975,LEAF.1
2977,LEAF.5
2978,LEAF.4
2979,LEAF.4
2981,LEAF.3
2982,LEAF.3
2983,LEAF.3
2985,LEAF.5
2986,LEAF.4
2987,LEAF.4
2989,LEAF.5
2990,LEAF.2
2991,LEAF.2
2993,LEAF.5
2994,LEAF.4
2995,LEAF.4
2997,LEAF.5
2998,LEAF.3
2999,LEAF.3
3001,LEAF.5
3002,LEAF.4
3003,LEAF.4
3005,LEAF.5
3006,LEAF.0
3007,LEAF.4
3013,LEAF.3
3014,LEAF.3
3015,LEAF.3
3017,LEAF.5
3018,LEAF.2
3019,LEAF.2
3021,LEAF.2
3022,LEAF.2
3023,LEAF.2
3025,LEAF.5
3026,LEAF.4
3027,LEAF.4
3029,LEAF.1
3030,LEAF.1
3031,LEAF.1
3033,LEAF.5
3034,LEAF.1
3035,LEAF.1
3037,LEAF.1
3038,LEAF.1
3039,LEAF.1
3041,LEAF.5
3042,LEAF.4
3043,LEAF.4
3045,LEAF.3
3046,LEAF.3
3047,LEAF.3
3049,LEAF.5
3050,LEAF.4
3051,LEAF.4
3053,LEAF.2
3054,LEAF.2
3055,LEAF.2
3057,LEAF.5
3058,LEAF.4
3059,LEAF.4
3061,LEAF.3
3062,LEAF.3
3063,LEAF.3
3065,LEAF.5
3066,LEAF.4
3067,LEAF.4
3069,LEAF.5
3070,LEAF.0
3071,LEAF.0
3077,LEAF.3
3078,LEAF.3
3079,LEAF.3
3081,LEAF.2
3082,LEAF.2
3083,LEAF.2
3085,LEAF.2
3086,LEAF.2
3087,LEAF.2
3089,LEAF.5
3090,LEAF.4
3091,LEAF.4
3093,LEAF.1
3094,LEAF.1
3095,LEAF.1
3097,LEAF.5
3098,LEAF.1
3099,LEAF.1
3101,LEAF.1
3102,LEAF.1
3103,LEAF.1
3105,LEAF.5
3106,LEAF.4
3107,LEAF.4
3109,LEAF.3
3110,LEAF.3
3111,LEAF.3
3113,LEAF.5
3114,LEAF.4
3115,LEAF.4
3117,LEAF.2
3118,LEAF.2
3119,LEAF.2
3121,LEAF.5
3122,LEAF.4
3123,LEAF.4
3125,LEAF.3
3126,LEAF.3
3127,LEAF.3
3129,LEAF.5
3130,LEAF.4
3131,LEAF.4
3133,LEAF.5
3134,LEAF.0
3135,LEAF.0
3139,LEAF.4
3141,LEAF.3
3142,LEAF.3
3143,LEAF.3
3145,LEAF.2
3147,LEAF.2
3148,LEAF.2
3149,LEAF.2
3150,LEAF.2
3151,LEAF.2
3153,LEAF.5
3154,LEAF.4
3155,LEAF.4
3157,LEAF.3
3158,LEAF.1
3159,LEAF.3
3160,LEAF.1
3161,LEAF.5
3162,LEAF.1
3163,LEAF.1
3164,LEAF.1
3165,LEAF.1
3166,LEAF.1
3167,LEAF.1
3170,LEAF.4
3171,LEAF.4
3172,LEAF.3
3173,LEAF.3
3174,LEAF.3
3175,LEAF.3
3176,LEAF.0
3177,LEAF.5
3178,LEAF.2
3179,LEAF.2
3180,LEAF.0
3181,LEAF.2
3182,LEAF.2
3183,LEAF.2
3184,LEAF.0
3185,LEAF.5
3186,LEAF.4
3187,LEAF.4
3188,LEAF.0
3189,LEAF.3
3190,LEAF.3
3191,LEAF.3
3192,LEAF.0
3193,LEAF.5
3194,LEAF.4
3195,LEAF.4
3196,LEAF.0
3197,LEAF.5
3198,LEAF.0
3199,LEAF.2
3203,LEAF.4
3205,LEAF.3
3206,LEAF.3
3207,LEAF.3
3209,LEAF.2
3211,LEAF.2
3212,LEAF.2
3213,LEAF.2
3214,LEAF.2
3215,LEAF.2
3217,LEAF.5
3218,LEAF.1
3219,LEAF.4
3220,LEAF.1
3222,LEAF.1
3223,LEAF.1
3224,LEAF.1
3225,LEAF.5
3226,LEAF.1
3227,LEAF.1
3228,LEAF.1
3229,LEAF.1
3230,LEAF.1
3231,LEAF.1
3234,LEAF.4
3235,LEAF.4
3236,LEAF.3
3237,LEAF.3
3238,LEAF.3
3239,LEAF.3
3240,LEAF.0
3241,LEAF.5
3242,LEAF.2
3243,LEAF.2
3244,LEAF.0
3245,LEAF.2
3246,LEAF.2
3247,LEAF.2
3248,LEAF.0
3249,LEAF.5
3250,LEAF.4
3251,LEAF.4
3252,LEAF.0
3253,LEAF.3
3254,LEAF.3
3255,LEAF.3
3256,LEAF.0
3257,LEAF.5
3258,LEAF.4
3259,LEAF.4
3260,LEAF.0
3261,LEAF.5
3262,LEAF.0
3263,LEAF.1
3267,LEAF.4
3269,LEAF.3
3270,LEAF.3
3271,LEAF.3
3273,LEAF.2
3275,LEAF.2
3276,LEAF.2
3277,LEAF.2
3278,LEAF.2
3279,LEAF.2
3281,LEAF.5
3282,LEAF.1
3283,LEAF.4
3284,LEAF.1
3285,LEAF.1
3286,LEAF.1
3287,LEAF.1
3288,LEAF.1
3289,LEAF.5
3290,LEAF.1
3291,LEAF.1
3292,LEAF.1
3293,LEAF.1
3294,LEAF.1
3295,LEAF.1
3297,LEAF.5
3298,LEAF.4
3299,LEAF.4
3300,LEAF.0
3301,LEAF.3
3302,LEAF.3
3303,LEAF.3
3304,LEAF.0
3305,LEAF.5
3306,LEAF.0
3307,LEAF.4
3308,LEAF.0
3309,LEAF.5
3310,LEAF.0
3311,LEAF.2
3313,LEAF.5
3314,LEAF.4
3315,LEAF.4
3316,LEAF.0
3317,LEAF.3
3318,LEAF.0
3319,LEAF.3
3320,LEAF.0
3321,LEAF.5
3322,LEAF.0
3323,LEAF.4
3324,LEAF.0
3325,LEAF.5
3326,LEAF.0
3327,LEAF.5
3330,LEAF.4
3331,LEAF.4
3333,LEAF.3
3334,LEAF.3
3335,LEAF.3
3337,LEAF.5
3338,LEAF.2
3339,LEAF.2
3341,LEAF.2
3342,LEAF.2
3343,LEAF.2
3345,LEAF.5
3346,LEAF.1
3347,LEAF.4
3349,LEAF.1
3350,LEAF.1
3351,LEAF.1
3353,LEAF.5
3354,LEAF.1
3355,LEAF.4
3357,LEAF.1
3358,LEAF.1
3359,LEAF.1
3361,LEAF.5
3362,LEAF.4
3363,LEAF.4
3365,LEAF.3
3366,LEAF.3
3367,LEAF.3
3369,LEAF.5
3370,LEAF.0
3371,LEAF.4
3373,LEAF.2
3374,LEAF.0
3375,LEAF.2
3377,LEAF.5
3378,LEAF.4
3379,LEAF.4
3381,LEAF.3
3382,LEAF.0
3383,LEAF.3
3385,LEAF.5
3386,LEAF.0
3387,LEAF.4
3389,LEAF.5
3390,LEAF.0
3391,LEAF.3
3397,LEAF.3
3398,LEAF.3
3399,LEAF.3
3401,LEAF.5
3402,LEAF.2
3403,LEAF.2
3405,LEAF.2
3406,LEAF.2
3407,LEAF.2
3409,LEAF.5
3410,LEAF.4
3411,LEAF.4
3413,LEAF.5
3414,LEAF.1
3415,LEAF.1
3417,LEAF.5
3418,LEAF.1
3419,LEAF.1
3421,LEAF.5
3422,LEAF.1
3423,LEAF.1
3425,LEAF.5
3426,LEAF.4
3427,LEAF.4
3429,LEAF.3
3430,LEAF.3
3431,LEAF.3
3433,LEAF.5
3434,LEAF.4
3435,LEAF.4
3437,LEAF.5
3438,LEAF.2
3439,LEAF.2
3441,LEAF.5
3442,LEAF.4
3443,LEAF.4
3445,LEAF.5
3446,LEAF.3
3447,LEAF.3
3449,LEAF.5
3450,LEAF.4
3451,LEAF.4
3453,LEAF.5
3454,LEAF.0
3455,LEAF.4
3459,LEAF.4
3462,LEAF.3
3463,LEAF.3
3465,LEAF.5
3466,LEAF.2
3467,LEAF.2
3468,LEAF.2
3469,LEAF.2
3470,LEAF.2
3471,LEAF.2
3473,LEAF.5
3474,LEAF.4
3475,LEAF.4
3476,LEAF.1
3477,LEAF.5
3478,LEAF.1
3479,LEAF.3
3481,LEAF.5
3482,LEAF.1
3483,LEAF.4
3484,LEAF.1
3485,LEAF.5
3486,LEAF.1
3487,LEAF.1
3489,LEAF.5
3491,LEAF.4
3492,LEAF.0
3493,LEAF.3
3494,LEAF.3
3495,LEAF.3
3496,LEAF.0
3497,LEAF.5
3498,LEAF.4
3499,LEAF.4
3500,LEAF.0
3501,LEAF.5
3502,LEAF.2
3503,LEAF.2
3504,LEAF.0
3505,LEAF.5
3506,LEAF.4
3507,LEAF.4
3508,LEAF.0
3509,LEAF.5
3510,LEAF.3
3511,LEAF.3
3512,LEAF.0
3513,LEAF.5
3514,LEAF.4
3515,LEAF.4
3516,LEAF.0
3517,LEAF.5
3518,LEAF.0
3519,LEAF.4
3523,LEAF.4
3526,LEAF.3
3527,LEAF.3
3529,LEAF.5
3530,LEAF.2
3531,LEAF.2
3532,LEAF.2
3533,LEAF.2
3534,LEAF.2
3535,LEAF.2
3537,LEAF.5
3538,LEAF.4
3539,LEAF.4
3540,LEAF.1
3541,LEAF.5
3542,LEAF.1
3543,LEAF.3
3545,LEAF.5
3546,LEAF.1
3547,LEAF.4
3548,LEAF.1
3549,LEAF.5
3550,LEAF.1
3551,LEAF.1
3553,LEAF.5
3555,LEAF.4
3556,LEAF.0
3557,LEAF.3
3558,LEAF.3
3559,LEAF.3
3560,LEAF.0
3561,LEAF.5
3562,LEAF.4
3563,LEAF.4
3564,LEAF.0
3565,LEAF.5
3566,LEAF.2
3567,LEAF.2
3568,LEAF.0
3569,LEAF.5
3570,LEAF.4
3571,LEAF.4
3572,LEAF.0
3573,LEAF.5
3574,LEAF.3
3575,LEAF.3
3576,LEAF.0
3577,LEAF.5
3578,LEAF.4
3579,LEAF.4
3580,LEAF.0
3581,LEAF.5
3582,LEAF.0
3583,LEAF.4
3587,LEAF.4
3589,LEAF.3
3590,LEAF.3
3591,LEAF.3
3593,LEAF.5
3594,LEAF.2
3595,LEAF.2
3596,LEAF.2
3597,LEAF.2
3598,LEAF.2
3599,LEAF.2
3601,LEAF.5
3602,LEAF.4
3603,LEAF.4
3604,LEAF.1
3606,LEAF.1
3607,LEAF.3
3609,LEAF.5
3610,LEAF.1
3611,LEAF.4
3612,LEAF.1
3613,LEAF.5
3614,LEAF.1
3615,LEAF.1
3617,LEAF.5
3619,LEAF.4
3620,LEAF.3
3621,LEAF.3
3622,LEAF.3
3623,LEAF.3
3624,LEAF.0
3625,LEAF.5
3626,LEAF.4
3627,LEAF.4
3628,LEAF.0
3629,LEAF.2
3630,LEAF.2
3631,LEAF.2
3632,LEAF.0
3633,LEAF.5
3634,LEAF.4
3635,LEAF.4
3636,LEAF.0
3637,LEAF.3
3638,LEAF.3
3639,LEAF.3
3640,LEAF.0
3641,LEAF.5
3642,LEAF.4
3643,LEAF.4
3644,LEAF.0
3645,LEAF.5
3646,LEAF.0
3647,LEAF.3
3651,LEAF.4
3653,LEAF.3
3654,LEAF.3
3655,LEAF.3
3657,LEAF.5
3658,LEAF.2
3659,LEAF.2
3660,LEAF.2
3661,LEAF.2
3662,LEAF.2
3663,LEAF.2
3665,LEAF.5
3666,LEAF.4
3667,LEAF.4
3668,LEAF.1
3669,LEAF.3
3670,LEAF.1
3671,LEAF.3
3673,LEAF.5
3674,LEAF.1
3675,LEAF.4
3676,LEAF.1
3677,LEAF.5
3678,LEAF.1
3679,LEAF.1
3681,LEAF.5
3683,LEAF.4
3684,LEAF.3
3685,LEAF.3
3686,LEAF.3
3687,LEAF.3
3688,LEAF.0
3689,LEAF.5
3690,LEAF.4
3691,LEAF.4
3692,LEAF.0
3693,LEAF.2
3694,LEAF.2
3695,LEAF.2
3696,LEAF.0
3697,LEAF.5
3698,LEAF.4
3699,LEAF.4
3700,LEAF.0
3701,LEAF.3
3702,LEAF.3
3703,LEAF.3
3704,LEAF.0
3705,LEAF.5
3706,LEAF.4
3707,LEAF.4
3708,LEAF.0
3709,LEAF.5
3710,LEAF.0
3711,LEAF.2
3715,LEAF.4
3717,LEAF.3
3718,LEAF.3
3719,LEAF.3
3721,LEAF.5
3722,LEAF.2
3723,LEAF.2
3725,LEAF.2
3726,LEAF.2
3727,LEAF.2
3729,LEAF.5
3730,LEAF.4
3731,LEAF.4
3732,LEAF.1
3733,LEAF.3
3734,LEAF.1
3735,LEAF.3
3736,LEAF.1
3737,LEAF.5
3738,LEAF.1
3739,LEAF.1
3740,LEAF.1
3741,LEAF.5
3742,LEAF.1
3743,LEAF.1
3745,LEAF.5
3747,LEAF.4
3748,LEAF.3
3749,LEAF.3
3750,LEAF.3
3751,LEAF.3
3752,LEAF.0
3753,LEAF.5
3754,LEAF.2
3755,LEAF.2
3756,LEAF.0
3757,LEAF.2
3758,LEAF.2
3759,LEAF.2
3760,LEAF.0
3761,LEAF.5
3762,LEAF.4
3763,LEAF.4
3764,LEAF.0
3765,LEAF.3
3766,LEAF.3
3767,LEAF.3
3768,LEAF.0
3769,LEAF.5
3770,LEAF.0
3771,LEAF.4
3772,LEAF.0
3773,LEAF.5
3774,LEAF.0
3775,LEAF.1
3779,LEAF.4
3781,LEAF.3
3783,LEAF.3
3785,LEAF.5
3786,LEAF.2
3787,LEAF.2
3788,LEAF.2
3789,LEAF.2
3790,LEAF.2
3791,LEAF.2
3793,LEAF.5
3794,LEAF.1
3795,LEAF.4
3796,LEAF.1
3798,LEAF.1
3799,LEAF.1
3800,LEAF.1
3801,LEAF.5
3802,LEAF.1
3803,LEAF.4
3804,LEAF.1
3805,LEAF.5
3806,LEAF.1
3807,LEAF.1
3809,LEAF.5
3810,LEAF.4
3811,LEAF.4
3812,LEAF.0
3813,LEAF.3
3814,LEAF.3
3815,LEAF.3
3817,LEAF.5
3818,LEAF.0
3819,LEAF.2
3820,LEAF.0
3821,LEAF.5
3822,LEAF.0
3823,LEAF.2
3824,LEAF.0
3825,LEAF.5
3826,LEAF.4
3827,LEAF.4
3828,LEAF.0
3829,LEAF.5
3830,LEAF.0
3831,LEAF.3
3832,LEAF.0
3833,LEAF.5
3834,LEAF.0
3835,LEAF.4
3836,LEAF.0
3837,LEAF.5
3838,LEAF.0
3839,LEAF.5
3843,LEAF.4
3845,LEAF.3
3847,LEAF.3
3849,LEAF.5
3850,LEAF.2
3851,LEAF.2
3852,LEAF.2
3853,LEAF.2
3854,LEAF.2
3855,LEAF.2
3857,LEAF.5
3858,LEAF.1
3859,LEAF.4
3860,LEAF.1
3861,LEAF.5
3862,LEAF.1
3863,LEAF.1
3864,LEAF.1
3865,LEAF.5
3866,LEAF.1
3867,LEAF.4
3868,LEAF.1
3869,LEAF.5
3870,LEAF.1
3871,LEAF.1
3873,LEAF.5
3874,LEAF.4
3875,LEAF.4
3876,LEAF.0
3877,LEAF.3
3878,LEAF.3
3879,LEAF.3
3881,LEAF.5
3882,LEAF.0
3883,LEAF.2
3884,LEAF.0
3885,LEAF.5
3886,LEAF.0
3887,LEAF.2
3888,LEAF.0
3889,LEAF.5
3890,LEAF.4
3891,LEAF.4
3892,LEAF.0
3893,LEAF.5
3894,LEAF.0
3895,LEAF.3
3896,LEAF.0
3897,LEAF.5
3898,LEAF.0
3899,LEAF.4
3900,LEAF.0
3901,LEAF.5
3902,LEAF.0
3903,LEAF.4
3909,LEAF.3
3910,LEAF.3
3911,LEAF.3
3912,LEAF.2
3913,LEAF.5
3914,LEAF.2
3915,LEAF.2
3916,LEAF.2
3917,LEAF.2
3918,LEAF.2
3919,LEAF.2
3924,LEAF.1
3925,LEAF.5
3926,LEAF.1
3927,LEAF.1
3928,LEAF.1
3929,LEAF.5
3930,LEAF.1
3931,LEAF.4
3932,LEAF.1
3933,LEAF.5
3934,LEAF.1
3935,LEAF.1
3940,LEAF.0
3941,LEAF.3
3942,LEAF.3
3943,LEAF.3
3944,LEAF.0
3945,LEAF.5
3946,LEAF.2
3947,LEAF.2
3948,LEAF.0
3949,LEAF.5
3950,LEAF.2
3951,LEAF.2
3956,LEAF.0
3957,LEAF.5
3958,LEAF.0
3959,LEAF.3
3960,LEAF.0
3961,LEAF.5
3962,LEAF.4
3963,LEAF.4
3964,LEAF.0
3965,LEAF.5
3966,LEAF.0
3967,LEAF.4
3973,LEAF.3
3974,LEAF.3
3975,LEAF.3
3977,LEAF.2
3978,LEAF.2
3979,LEAF.2
3981,LEAF.2
3982,LEAF.2
3983,LEAF.2
3988,LEAF.1
3989,LEAF.3
3990,LEAF.1
3991,LEAF.3
3992,LEAF.1
3993,LEAF.5
3994,LEAF.1
3995,LEAF.1
3996,LEAF.1
3997,LEAF.5
3998,LEAF.1
3999,LEAF.1
4004,LEAF.0
4005,LEAF.3
4006,LEAF.3
4007,LEAF.3
4008,LEAF.0
4009,LEAF.5
4010,LEAF.2
4011,LEAF.2
4012,LEAF.0
4013,LEAF.5
4014,LEAF.2
4015,LEAF.2
4020,LEAF.0
4021,LEAF.3
4022,LEAF.3
4023,LEAF.3
4024,LEAF.0
4025,LEAF.5
4026,LEAF.0
4027,LEAF.4
4028,LEAF.0
4029,LEAF.5
4030,LEAF.0
4031,LEAF.2
4037,LEAF.3
4038,LEAF.3
4039,LEAF.3
4041,LEAF.2
4042,LEAF.2
4043,LEAF.2
4045,LEAF.2
4046,LEAF.2
4047,LEAF.2
4052,LEAF.1
4053,LEAF.5
4054,LEAF.1
4055,LEAF.1
4056,LEAF.1
4057,LEAF.5
4058,LEAF.1
4059,LEAF.1
4060,LEAF.1
4061,LEAF.5
4062,LEAF.1
4063,LEAF.1
4068,LEAF.0
4069,LEAF.3
4070,LEAF.3
4071,LEAF.3
4072,LEAF.0
4073,LEAF.5
4074,LEAF.2
4075,LEAF.2
4076,LEAF.0
4077,LEAF.5
4078,LEAF.2
4079,LEAF.2
4084,LEAF.0
4085,LEAF.5
4086,LEAF.0
4087,LEAF.3
4088,LEAF.0
4089,LEAF.5
4090,LEAF.0
4091,LEAF.4
4092,LEAF.0
4093,LEAF.5
4094,LEAF.0
4095,LEAF.4
4101,LEAF.3
4102,LEAF.3
4103,LEAF.3
4105,LEAF.2
4106,LEAF.2
4107,LEAF.2
4109,LEAF.2
4110,LEAF.2
4111,LEAF.2
4116,LEAF.1
4117,LEAF.5
4118,LEAF.1
4119,LEAF.1
4120,LEAF.1
4121,LEAF.5
4122,LEAF.1
4123,LEAF.1
4124,LEAF.1
4125,LEAF.5
4126,LEAF.1
4127,LEAF.1
4132,LEAF.0
4133,LEAF.3
4134,LEAF.3
4135,LEAF.3
4136,LEAF.0
4137,LEAF.5
4138,LEAF.2
4139,LEAF.2
4140,LEAF.0
4141,LEAF.5
4142,LEAF.2
4143,LEAF.2
4148,LEAF.0
4149,LEAF.5
4150,LEAF.0
4151,LEAF.3
4152,LEAF.0
4153,LEAF.5
4154,LEAF.0
4155,LEAF.4
4156,LEAF.0
4157,LEAF.5
4158,LEAF.0
4159,LEAF.4
4165,LEAF.3
4166,LEAF.3
4167,LEAF.3
4169,LEAF.5
4170,LEAF.2
4171,LEAF.2
4172,LEAF.2
4173,LEAF.2
4174,LEAF.2
4175,LEAF.2
4177,LEAF.5
4178,LEAF.4
4179,LEAF.4
4180,LEAF.1
4181,LEAF.5
4182,LEAF.1
4183,LEAF.1
4184,LEAF.1
4185,LEAF.5
4186,LEAF.1
4187,LEAF.4
4188,LEAF.1
4189,LEAF.5
4190,LEAF.1
4191,LEAF.1
4193,LEAF.5
4194,LEAF.4
4195,LEAF.4
4196,LEAF.0
4197,LEAF.3
4198,LEAF.3
4199,LEAF.3
4201,LEAF.5
4202,LEAF.4
4203,LEAF.4
4204,LEAF.0
4205,LEAF.5
4206,LEAF.2
4207,LEAF.2
4208,LEAF.0
4209,LEAF.5
4210,LEAF.4
4211,LEAF.4
4212,LEAF.0
4213,LEAF.5
4214,LEAF.0
4215,LEAF.3
4216,LEAF.0
4217,LEAF.5
4218,LEAF.4
4219,LEAF.4
4220,LEAF.0
4221,LEAF.5
4222,LEAF.0
4223,LEAF.3
4229,LEAF.3
4230,LEAF.3
4231,LEAF.3
4232,LEAF.2
4233,LEAF.5
4234,LEAF.2
4235,LEAF.2
4236,LEAF.2
4237,LEAF.2
4238,LEAF.2
4239,LEAF.2
4244,LEAF.1
4245,LEAF.5
4246,LEAF.1
4247,LEAF.1
4248,LEAF.1
4249,LEAF.5
4250,LEAF.1
4251,LEAF.4
4252,LEAF.1
4253,LEAF.5
4254,LEAF.1
4255,LEAF.1
4260,LEAF.3
4261,LEAF.3
4262,LEAF.3
4263,LEAF.3
4264,LEAF.0
4265,LEAF.5
4266,LEAF.4
4267,LEAF.4
4268,LEAF.0
4269,LEAF.2
4270,LEAF.2
4271,LEAF.2
4276,LEAF.0
4277,LEAF.5
4278,LEAF.0
4279,LEAF.3
4280,LEAF.0
4281,LEAF.5
4282,LEAF.4
4283,LEAF.4
4284,LEAF.0
4285,LEAF.5
4286,LEAF.0
4287,LEAF.1
4293,LEAF.3
4294,LEAF.3
4295,LEAF.3
4297,LEAF.2
4298,LEAF.2
4299,LEAF.2
4301,LEAF.2
4302,LEAF.2
4303,LEAF.2
4308,LEAF.1
4309,LEAF.3
4310,LEAF.1
4311,LEAF.3
4312,LEAF.1
4313,LEAF.5
4314,LEAF.1
4315,LEAF.1
4316,LEAF.1
4317,LEAF.5
4318,LEAF.1
4319,LEAF.1
4324,LEAF.0
4325,LEAF.3
4326,LEAF.3
4327,LEAF.3
4328,LEAF.0
4329,LEAF.5
4330,LEAF.2
4331,LEAF.2
4332,LEAF.0
4333,LEAF.5
4334,LEAF.2
4335,LEAF.2
4340,LEAF.0
4341,LEAF.3
4342,LEAF.3
4343,LEAF.3
4344,LEAF.0
4345,LEAF.5
4346,LEAF.0
4347,LEAF.4
4348,LEAF.0
4349,LEAF.5
4350,LEAF.0
4351,LEAF.2
4369,LEAF.5
4370,LEAF.4
4371,LEAF.4
4372,LEAF.1
4373,LEAF.3
4374,LEAF.1
4375,LEAF.3
4376,LEAF.1
4377,LEAF.5
4378,LEAF.1
4379,LEAF.4
4380,LEAF.1
4381,LEAF.5
4382,LEAF.1
4383,LEAF.1
4384,LEAF.0
4385,LEAF.5
4386,LEAF.4
4387,LEAF.4
4388,LEAF.3
4389,LEAF.3
4390,LEAF.3
4391,LEAF.3
4392,LEAF.0
4393,LEAF.5
4394,LEAF.0
4395,LEAF.2
4396,LEAF.0
4397,LEAF.2
4398,LEAF.0
4399,LEAF.2
4400,LEAF.0
4401,LEAF.5
4402,LEAF.4
4403,LEAF.4
4404,LEAF.0
4405,LEAF.3
4406,LEAF.0
4407,LEAF.3
4408,LEAF.0
4409,LEAF.5
4410,LEAF.0
4411,LEAF.4
4412,LEAF.0
4413,LEAF.5
4414,LEAF.0
4415,LEAF.5
4433,LEAF.5
4434,LEAF.4
4435,LEAF.4
4436,LEAF.1
4437,LEAF.3
4438,LEAF.1
4439,LEAF.3
4440,LEAF.1
4441,LEAF.5
4442,LEAF.1
4443,LEAF.4
4444,LEAF.1
4445,LEAF.5
4446,LEAF.1
4447,LEAF.1
4449,LEAF.5
4450,LEAF.4
4451,LEAF.4
4452,LEAF.0
4453,LEAF.3
4454,LEAF.3
4455,LEAF.3
4456,LEAF.0
4457,LEAF.5
4458,LEAF.0
4459,LEAF.4
4460,LEAF.0
4461,LEAF.5
4462,LEAF.0
4463,LEAF.2
4465,LEAF.5
4466,LEAF.4
4467,LEAF.4
4468,LEAF.0
4469,LEAF.3
4470,LEAF.0
4471,LEAF.3
4472,LEAF.0
4473,LEAF.5
4474,LEAF.0
4475,LEAF.4
4476,LEAF.0
4477,LEAF.5
4478,LEAF.0
4479,LEAF.5
4497,LEAF.5
4498,LEAF.1
4499,LEAF.4
4500,LEAF.1
4501,LEAF.3
4502,LEAF.1
4503,LEAF.3
4504,LEAF.1
4505,LEAF.5
4506,LEAF.1
4507,LEAF.4
4508,LEAF.1
4509,LEAF.5
4510,LEAF.1
4511,LEAF.1
4512,LEAF.0
4513,LEAF.5
4514,LEAF.4
4515,LEAF.4
4516,LEAF.3
4517,LEAF.3
4518,LEAF.3
4519,LEAF.3
4520,LEAF.0
4521,LEAF.5
4522,LEAF.2
4523,LEAF.2
4524,LEAF.0
4525,LEAF.2
4526,LEAF.2
4527,LEAF.2
4528,LEAF.0
4529,LEAF.5
4530,LEAF.4
4531,LEAF.4
4532,LEAF.0
4533,LEAF.3
4534,LEAF.0
4535,LEAF.3
4536,LEAF.0
4537,LEAF.5
4538,LEAF.0
4539,LEAF.4
4540,LEAF.0
4541,LEAF.5
4542,LEAF.0
4543,LEAF.5
4561,LEAF.5
4562,LEAF.4
4563,LEAF.4
4564,LEAF.1
4565,LEAF.3
4566,LEAF.1
4567,LEAF.3
4568,LEAF.1
4569,LEAF.5
4570,LEAF.1
4571,LEAF.4
4572,LEAF.1
4573,LEAF.5
4574,LEAF.1
4575,LEAF.1
4577,LEAF.5
4578,LEAF.4
4579,LEAF.4
4580,LEAF.0
4581,LEAF.3
4582,LEAF.3
4583,LEAF.3
4584,LEAF.0
4585,LEAF.5
4586,LEAF.0
4587,LEAF.4
4588,LEAF.0
4589,LEAF.5
4590,LEAF.0
4591,LEAF.2
4593,LEAF.5
4594,LEAF.4
4595,LEAF.4
4596,LEAF.0
4597,LEAF.3
4598,LEAF.3
4599,LEAF.3
4600,LEAF.0
4601,LEAF.5
4602,LEAF.0
4603,LEAF.4
4604,LEAF.0
4605,LEAF.5
4606,LEAF.0
4607,LEAF.2
4609,PASS.5
4611,PASS.4
4613,PASS.3
4615,PASS.3
4619,PASS.2
4621,PASS.2
4623,PASS.2
4625,PASS.5
4627,PASS.4
4629,PASS.1
4631,PASS.1
4633,PASS.5
4637,PASS.1
4639,PASS.1
4640,PASS.0
4641,PASS.5
4642,PASS.4
4643,PASS.4
4644,PASS.3
4645,PASS.3
4646,PASS.3
4647,PASS.3
4648,PASS.0
4649,PASS.5
4650,PASS.2
4651,PASS.2
4652,PASS.0
4653,PASS.2
4654,PASS.2
4655,PASS.2
4656,PASS.0
4657,PASS.5
4658,PASS.4
4659,PASS.4
4660,PASS.0
4661,PASS.5
4662,PASS.0
4663,PASS.3
4664,PASS.0
4665,PASS.5
4666,PASS.4
4667,PASS.4
4668,PASS.0
4669,PASS.5
4670,PASS.0
4671,PASS.0
4675,PASS.4
4676,PASS.3
4677,PASS.3
4678,PASS.3
4679,PASS.3
4680,PASS.2
4681,PASS.2
4682,PASS.2
4683,PASS.2
4684,PASS.2
4685,PASS.2
4686,PASS.2
4687,PASS.2
4689,PASS.5
4690,PASS.4
4691,PASS.4
4692,PASS.1
4693,PASS.1
4694,PASS.1
4695,PASS.1
4696,PASS.1
4697,PASS.5
4698,PASS.1
4699,PASS.1
4700,PASS.1
4701,PASS.1
4702,PASS.1
4703,PASS.1
4706,PASS.4
4707,PASS.4
4708,PASS.3
4709,PASS.3
4710,PASS.3
4711,PASS.3
4712,PASS.0
4713,PASS.5
4714,PASS.4
4715,PASS.4
4716,PASS.0
4717,PASS.2
4718,PASS.2
4719,PASS.2
4720,PASS.0
4721,PASS.5
4722,PASS.4
4723,PASS.4
4724,PASS.0
4725,PASS.3
4726,PASS.3
4727,PASS.3
4728,PASS.0
4729,PASS.5
4730,PASS.4
4731,PASS.4
4732,PASS.0
4733,PASS.5
4734,PASS.0
4735,PASS.0
4740,PASS.3
4741,PASS.3
4742,PASS.3
4743,PASS.3
4744,PASS.2
4745,PASS.2
4746,PASS.2
4747,PASS.2
4748,PASS.2
4749,PASS.2
4750,PASS.2
4751,PASS.2
4753,PASS.5
4754,PASS.4
4755,PASS.4
4756,PASS.1
4757,PASS.1
4758,PASS.1
4759,PASS.1
4760,PASS.1
4761,PASS.5
4762,PASS.1
4763,PASS.1
4764,PASS.1
4765,PASS.1
4766,PASS.1
4767,PASS.1
4768,PASS.0
4769,PASS.5
4770,PASS.4
4771,PASS.4
4773,PASS.3
4774,PASS.3
4775,PASS.3
4776,PASS.0
4777,PASS.5
4778,PASS.4
4779,PASS.4
4780,PASS.0
4781,PASS.5
4782,PASS.0
4783,PASS.2
4784,PASS.0
4785,PASS.5
4786,PASS.4
4787,PASS.4
4788,PASS.0
4789,PASS.3
4790,PASS.3
4791,PASS.3
4792,PASS.0
4793,PASS.5
4794,PASS.4
4795,PASS.4
4796,PASS.0
4797,PASS.5
4798,PASS.0
4799,PASS.0
4803,PASS.4
4804,PASS.3
4805,PASS.3
4806,PASS.3
4807,PASS.3
4808,PASS.2
4809,PASS.5
4810,PASS.2
4811,PASS.2
4812,PASS.2
4813,PASS.2
4814,PASS.2
4815,PASS.2
4817,PASS.5
4818,PASS.4
4819,PASS.4
4820,PASS.1
4821,PASS.1
4822,PASS.1
4823,PASS.1
4824,PASS.1
4825,PASS.5
4826,PASS.1
4827,PASS.4
4828,PASS.1
4829,PASS.1
4830,PASS.1
4831,PASS.1
4834,PASS.4
4835,PASS.4
4836,PASS.3
4837,PASS.3
4838,PASS.3
4839,PASS.3
4840,PASS.0
4841,PASS.5
4842,PASS.2
4843,PASS.2
4844,PASS.0
4845,PASS.2
4846,PASS.2
4847,PASS.2
4848,PASS.0
4849,PASS.5
4850,PASS.4
4851,PASS.4
4852,PASS.0
4853,PASS.3
4854,PASS.3
4855,PASS.3
4856,PASS.0
4857,PASS.5
4858,PASS.4
4859,PASS.4
4860,PASS.0
4861,PASS.5
4862,PASS.0
4863,PASS.3
4868,PASS.3
4869,PASS.3
4870,PASS.3
4871,PASS.3
4872,PASS.2
4873,PASS.5
4874,PASS.2
4875,PASS.2
4876,PASS.2
4877,PASS.2
4878,PASS.2
4879,PASS.2
4881,PASS.5
4882,PASS.4
4883,PASS.4
4884,PASS.1
4885,PASS.1
4886,PASS.1
4887,PASS.1
4888,PASS.1
4889,PASS.5
4890,PASS.1
4891,PASS.4
4892,PASS.1
4893,PASS.1
4894,PASS.1
4895,PASS.1
4896,PASS.0
4897,PASS.5
4898,PASS.4
4899,PASS.4
4901,PASS.3
4902,PASS.3
4903,PASS.3
4904,PASS.0
4905,PASS.5
4906,PASS.4
4907,PASS.4
4908,PASS.0
4909,PASS.5
4910,PASS.2
4911,PASS.2
4912,PASS.0
4913,PASS.5
4914,PASS.4
4915,PASS.4
4916,PASS.0
4917,PASS.3
4918,PASS.3
4919,PASS.3
4920,PASS.0
4921,PASS.5
4922,PASS.4
4923,PASS.4
4924,PASS.0
4925,PASS.5
4926,PASS.0
4927,PASS.3
4932,PASS.3
4933,PASS.3
4934,PASS.3
4935,PASS.3
4936,PASS.2
4937,PASS.5
4938,PASS.2
4939,PASS.2
4940,PASS.2
4941,PASS.2
4942,PASS.2
4943,PASS.2
4945,PASS.5
4947,PASS.4
4948,PASS.1
4950,PASS.1
4951,PASS.1
4952,PASS.1
4953,PASS.5
4954,PASS.1
4955,PASS.4
4956,PASS.1
4957,PASS.1
4958,PASS.1
4959,PASS.1
4960,PASS.0
4961,PASS.5
4962,PASS.4
4963,PASS.4
4965,PASS.3
4966,PASS.3
4967,PASS.3
4968,PASS.0
4969,PASS.5
4970,PASS.0
4971,PASS.4
4972,PASS.0
4973,PASS.5
4974,PASS.0
4975,PASS.2
4976,PASS.0
4977,PASS.5
4978,PASS.4
4979,PASS.4
4980,PASS.0
4981,PASS.3
4983,PASS.3
4984,PASS.0
4985,PASS.5
4986,PASS.0
4987,PASS.4
4988,PASS.0
4989,PASS.5
4990,PASS.0
4991,PASS.5
5000,PASS.2
5001,PASS.5
5002,PASS.2
5003,PASS.2
5004,PASS.2
5005,PASS.2
5006,PASS.2
5007,PASS.2
5008,PASS.1
5009,PASS.5
5011,PASS.4
5012,PASS.1
5013,PASS.3
5014,PASS.1
5015,PASS.3
5016,PASS.1
5017,PASS.5
5018,PASS.1
5019,PASS.4
5020,PASS.1
5021,PASS.1
5022,PASS.1
5023,PASS.1
5032,PASS.0
5033,PASS.5
5034,PASS.4
5035,PASS.4
5036,PASS.0
5037,PASS.2
5038,PASS.0
5039,PASS.2
5040,PASS.0
5041,PASS.5
5042,PASS.4
5043,PASS.4
5044,PASS.0
5045,PASS.3
5047,PASS.3
5048,PASS.0
5049,PASS.5
5050,PASS.4
5051,PASS.4
5052,PASS.0
5053,PASS.5
5054,PASS.0
5055,PASS.2
5064,PASS.2
5065,PASS.5
5066,PASS.2
5067,PASS.2
5068,PASS.2
5069,PASS.2
5070,PASS.2
5071,PASS.2
5073,PASS.5
5074,PASS.4
5075,PASS.4
5076,PASS.1
5077,PASS.1
5078,PASS.1
5079,PASS.1
5080,PASS.1
5081,PASS.5
5082,PASS.1
5083,PASS.4
5084,PASS.1
5085,PASS.1
5086,PASS.1
5087,PASS.1
5088,PASS.0
5089,PASS.5
5090,PASS.4
5091,PASS.4
5092,PASS.0
5093,PASS.3
5094,PASS.3
5095,PASS.3
5096,PASS.0
5097,PASS.5
5098,PASS.4
5099,PASS.4
5100,PASS.0
5101,PASS.5
5102,PASS.0
5103,PASS.2
5104,PASS.0
5105,PASS.5
5106,PASS.4
5107,PASS.4
5108,PASS.0
5109,PASS.3
5110,PASS.0
5111,PASS.3
5112,PASS.0
5113,PASS.5
5114,PASS.4
5115,PASS.4
5116,PASS.0
5117,PASS.5
5118,PASS.0
5119,PASS.3
5121,PASS.5
5122,PASS.4
5123,PASS.4
5125,PASS.3
5126,PASS.3
5127,PASS.3
5129,PASS.5
5130,PASS.2
5131,PASS.2
5132,PASS.2
5133,PASS.2
5134,PASS.2
5135,PASS.2
5137,PASS.5
5138,PASS.1
5139,PASS.4
5140,PASS.1
5141,PASS.3
5142,PASS.1
5143,PASS.3
5145,PASS.5
5146,PASS.1
5147,PASS.4
5148,PASS.1
5149,PASS.5
5150,PASS.1
5151,PASS.1
5153,PASS.5
5154,PASS.4
5155,PASS.4
5156,PASS.0
5157,PASS.3
5158,PASS.3
5159,PASS.3
5160,PASS.0
5161,PASS.5
5162,PASS.0
5163,PASS.4
5164,PASS.0
5165,PASS.5
5166,PASS.0
5167,PASS.2
5168,PASS.0
5169,PASS.5
5170,PASS.4
5171,PASS.4
5172,PASS.0
5173,PASS.3
5174,PASS.0
5175,PASS.3
5176,PASS.0
5177,PASS.5
5178,PASS.0
5179,PASS.4
5180,PASS.0
5181,PASS.5
5182,PASS.0
5183,PASS.3
5185,PASS.5
5186,PASS.4
5187,PASS.4
5189,PASS.3
5190,PASS.3
5191,PASS.3
5193,PASS.5
5194,PASS.2
5195,PASS.2
5196,PASS.2
5197,PASS.2
5198,PASS.2
5199,PASS.2
5201,PASS.5
5202,PASS.1
5203,PASS.4
5204,PASS.1
5205,PASS.3
5206,PASS.1
5207,PASS.3
5209,PASS.5
5210,PASS.1
5211,PASS.4
5212,PASS.1
5213,PASS.5
5214,PASS.1
5215,PASS.1
5217,PASS.5
5218,PASS.4
5219,PASS.4
5220,PASS.0
5221,PASS.3
5222,PASS.3
5223,PASS.3
5224,PASS.0
5225,PASS.5
5226,PASS.0
5227,PASS.4
5228,PASS.0
5229,PASS.5
5230,PASS.0
5231,PASS.2
5232,PASS.0
5233,PASS.5
5234,PASS.4
5235,PASS.4
5236,PASS.0
5237,PASS.3
5238,PASS.0
5239,PASS.3
5240,PASS.0
5241,PASS.5
5242,PASS.0
5243,PASS.4
5244,PASS.0
5245,PASS.5
5246,PASS.0
5247,PASS.2
5249,PASS.5
5250,PASS.4
5251,PASS.4
5253,PASS.3
5254,PASS.3
5255,PASS.3
5256,PASS.2
5258,PASS.2
5259,PASS.2
5260,PASS.2
5261,PASS.2
5262,PASS.2
5263,PASS.2
5265,PASS.5
5266,PASS.4
5267,PASS.4
5268,PASS.1
5269,PASS.3
5270,PASS.1
5271,PASS.3
5272,PASS.1
5273,PASS.5
5274,PASS.1
5275,PASS.1
5276,PASS.1
5277,PASS.5
5278,PASS.1
5279,PASS.1
5281,PASS.5
5282,PASS.4
5283,PASS.4
5284,PASS.0
5285,PASS.3
5286,PASS.3
5287,PASS.3
5288,PASS.0
5289,PASS.5
5290,PASS.0
5291,PASS.2
5292,PASS.0
5293,PASS.5
5294,PASS.0
5295,PASS.2
5297,PASS.5
5298,PASS.4
5299,PASS.4
5300,PASS.0
5301,PASS.3
5302,PASS.0
5303,PASS.3
5304,PASS.0
5305,PASS.5
5306,PASS.0
5307,PASS.4
5308,PASS.0
5309,PASS.5
5310,PASS.0
5311,PASS.2
5313,PASS.5
5314,PASS.4
5315,PASS.4
5317,PASS.3
5318,PASS.3
5319,PASS.3
5320,PASS.2
5322,PASS.2
5323,PASS.2
5324,PASS.2
5325,PASS.2
5326,PASS.2
5327,PASS.2
5329,PASS.5
5330,PASS.1
5331,PASS.4
5332,PASS.1
5333,PASS.3
5334,PASS.1
5335,PASS.3
5336,PASS.1
5337,PASS.5
5338,PASS.1
5339,PASS.1
5340,PASS.1
5341,PASS.5
5342,PASS.1
5343,PASS.1
5345,PASS.5
5346,PASS.4
5347,PASS.4
5348,PASS.0
5349,PASS.3
5350,PASS.3
5351,PASS.3
5352,PASS.0
5353,PASS.5
5354,PASS.0
5355,PASS.2
5356,PASS.0
5357,PASS.5
5358,PASS.0
5359,PASS.2
5361,PASS.5
5362,PASS.4
5363,PASS.4
5364,PASS.0
5365,PASS.3
5366,PASS.0
5367,PASS.3
5368,PASS.0
5369,PASS.5
5370,PASS.0
5371,PASS.4
5372,PASS.0
5373,PASS.5
5374,PASS.0
5375,PASS.5
5377,PASS.5
5378,PASS.4
5379,PASS.4
5381,PASS.3
5382,PASS.3
5383,PASS.3
5384,PASS.2
5386,PASS.2
5387,PASS.2
5388,PASS.2
5389,PASS.2
5390,PASS.2
5391,PASS.2
5393,PASS.5
5394,PASS.1
5395,PASS.4
5396,PASS.1
5398,PASS.1
5399,PASS.3
5400,PASS.1
5401,PASS.5
5402,PASS.1
5403,PASS.1
5404,PASS.1
5405,PASS.5
5406,PASS.1
5407,PASS.1
5409,PASS.5
5410,PASS.4
5411,PASS.4
5413,PASS.3
5414,PASS.3
5415,PASS.3
5416,PASS.0
5417,PASS.5
5418,PASS.2
5419,PASS.2
5420,PASS.0
5422,PASS.2
5423,PASS.2
5425,PASS.5
5426,PASS.4
5427,PASS.4
5428,PASS.0
5429,PASS.3
5430,PASS.0
5431,PASS.3
5432,PASS.0
5433,PASS.5
5434,PASS.0
5435,PASS.4
5436,PASS.0
5437,PASS.5
5438,PASS.0
5439,PASS.1
5443,PASS.4
5445,PASS.3
5447,PASS.3
5449,PASS.2
5450,PASS.2
5451,PASS.2
5452,PASS.2
5453,PASS.2
5454,PASS.2
5455,PASS.2
5456,PASS.1
5457,PASS.5
5458,PASS.1
5459,PASS.4
5460,PASS.1
5461,PASS.5
5462,PASS.1
5463,PASS.1
5464,PASS.1
5465,PASS.5
5466,PASS.1
5467,PASS.1
5468,PASS.1
5469,PASS.5
5470,PASS.1
5471,PASS.1
5472,PASS.0
5473,PASS.5
5474,PASS.4
5475,PASS.4
5476,PASS.3
5477,PASS.3
5478,PASS.3
5479,PASS.3
5480,PASS.0
5481,PASS.5
5482,PASS.2
5483,PASS.2
5484,PASS.0
5485,PASS.2
5486,PASS.2
5487,PASS.2
5488,PASS.0
5489,PASS.5
5490,PASS.4
5491,PASS.4
5492,PASS.0
5493,PASS.5
5494,PASS.0
5495,PASS.3
5496,PASS.0
5497,PASS.5
5498,PASS.0
5499,PASS.4
5500,PASS.0
5501,PASS.5
5502,PASS.0
5503,PASS.1
5507,PASS.4
5509,PASS.3
5511,PASS.3
5513,PASS.2
5514,PASS.2
5515,PASS.2
5516,PASS.2
5517,PASS.2
5518,PASS.2
5519,PASS.2
5520,PASS.1
5521,PASS.5
5522,PASS.1
5523,PASS.4
5524,PASS.1
5525,PASS.5
5526,PASS.1
5527,PASS.1
5528,PASS.1
5529,PASS.5
5530,PASS.1
5531,PASS.1
5532,PASS.1
5533,PASS.5
5534,PASS.1
5535,PASS.1
5536,PASS.0
5537,PASS.5
5538,PASS.4
5539,PASS.4
5540,PASS.0
5541,PASS.3
5542,PASS.3
5543,PASS.3
5544,PASS.0
5545,PASS.5
5546,PASS.2
5547,PASS.2
5548,PASS.0
5549,PASS.5
5550,PASS.2
5551,PASS.2
5552,PASS.0
5553,PASS.5
5554,PASS.4
5555,PASS.4
5556,PASS.0
5557,PASS.5
5558,PASS.0
5559,PASS.3
5560,PASS.0
5561,PASS.5
5562,PASS.0
5563,PASS.4
5564,PASS.0
5565,PASS.5
5566,PASS.0
5567,PASS.1
5570,PASS.4
5571,PASS.4
5573,PASS.3
5574,PASS.3
5575,PASS.3
5577,PASS.2
5578,PASS.2
5579,PASS.2
5581,PASS.2
5582,PASS.2
5583,PASS.2
5584,PASS.1
5585,PASS.5
5587,PASS.4
5588,PASS.1
5589,PASS.5
5590,PASS.1
5591,PASS.1
5592,PASS.1
5593,PASS.5
5594,PASS.1
5595,PASS.1
5596,PASS.1
5597,PASS.5
5598,PASS.1
5599,PASS.1
5600,PASS.0
5601,PASS.5
5602,PASS.4
5603,PASS.4
5604,PASS.0
5605,PASS.3
5606,PASS.3
5607,PASS.3
5608,PASS.0
5609,PASS.5
5610,PASS.2
5611,PASS.2
5612,PASS.0
5613,PASS.5
5614,PASS.2
5615,PASS.2
5616,PASS.0
5617,PASS.5
5618,PASS.4
5619,PASS.4
5620,PASS.0
5621,PASS.5
5622,PASS.3
5623,PASS.3
5624,PASS.0
5625,PASS.5
5626,PASS.4
5627,PASS.4
5628,PASS.0
5629,PASS.5
5630,PASS.0
5631,PASS.4
5634,PASS.4
5635,PASS.4
5637,PASS.3
5638,PASS.3
5639,PASS.3
5641,PASS.2
5642,PASS.2
5643,PASS.2
5645,PASS.2
5646,PASS.2
5647,PASS.2
5648,PASS.1
5649,PASS.5
5651,PASS.4
5652,PASS.1
5653,PASS.5
5654,PASS.1
5655,PASS.1
5656,PASS.1
5657,PASS.5
5658,PASS.1
5659,PASS.1
5660,PASS.1
5661,PASS.5
5662,PASS.1
5663,PASS.1
5664,PASS.0
5665,PASS.5
5666,PASS.4
5667,PASS.4
5668,PASS.3
5669,PASS.3
5670,PASS.3
5671,PASS.3
5672,PASS.0
5673,PASS.5
5674,PASS.2
5675,PASS.2
5676,PASS.0
5677,PASS.2
5678,PASS.2
5679,PASS.2
5680,PASS.0
5681,PASS.5
5682,PASS.4
5683,PASS.4
5684,PASS.0
5685,PASS.5
5686,PASS.3
5687,PASS.3
5688,PASS.0
5689,PASS.5
5690,PASS.0
5691,PASS.4
5692,PASS.0
5693,PASS.5
5694,PASS.0
5695,PASS.1
5698,PASS.4
5699,PASS.4
5701,PASS.3
5702,PASS.3
5703,PASS.3
5706,PASS.2
5707,PASS.2
5709,PASS.2
5710,PASS.2
5711,PASS.2
5712,PASS.1
5713,PASS.5
5715,PASS.4
5716,PASS.1
5718,PASS.1
5719,PASS.1
5720,PASS.1
5721,PASS.5
5722,PASS.1
5724,PASS.1
5725,PASS.5
5726,PASS.1
5727,PASS.1
5728,PASS.0
5729,PASS.5
5730,PASS.4
5731,PASS.4
5732,PASS.3
5733,PASS.3
5734,PASS.3
5735,PASS.3
5736,PASS.0
5737,PASS.5
5738,PASS.4
5739,PASS.4
5740,PASS.0
5741,PASS.2
5742,PASS.2
5743,PASS.2
5744,PASS.0
5745,PASS.5
5746,PASS.4
5747,PASS.4
5748,PASS.0
5749,PASS.5
5750,PASS.3
5751,PASS.3
5752,PASS.0
5753,PASS.5
5754,PASS.4
5755,PASS.4
5756,PASS.0
5757,PASS.5
5758,PASS.0
5759,PASS.3
5762,PASS.4
5763,PASS.4
5765,PASS.3
5766,PASS.3
5767,PASS.3
5769,PASS.5
5770,PASS.2
5771,PASS.2
5773,PASS.2
5774,PASS.2
5775,PASS.2
5777,PASS.5
5778,PASS.4
5779,PASS.4
5781,PASS.5
5782,PASS.1
5783,PASS.1
5785,PASS.5
5786,PASS.1
5787,PASS.4
5789,PASS.5
5790,PASS.1
5791,PASS.1
5792,PASS.0
5793,PASS.5
5794,PASS.4
5795,PASS.4
5796,PASS.3
5797,PASS.3
5798,PASS.3
5799,PASS.3
5800,PASS.0
5801,PASS.5
5802,PASS.2
5803,PASS.2
5804,PASS.0
5805,PASS.2
5806,PASS.2
5807,PASS.2
5808,PASS.0
5809,PASS.5
5810,PASS.4
5811,PASS.4
5812,PASS.0
5813,PASS.5
5814,PASS.3
5815,PASS.3
5816,PASS.0
5817,PASS.5
5818,PASS.4
5819,PASS.4
5820,PASS.0
5821,PASS.5
5822,PASS.0
5823,PASS.1
5826,PASS.4
5827,PASS.4
5828,PASS.3
5829,PASS.3
5830,PASS.3
5831,PASS.3
5834,PASS.2
5835,PASS.2
5836,PASS.2
5837,PASS.2
5838,PASS.2
5839,PASS.2
5842,PASS.1
5843,PASS.4
5844,PASS.1
5845,PASS.5
5846,PASS.1
5847,PASS.3
5850,PASS.1
5851,PASS.4
5852,PASS.1
5853,PASS.5
5854,PASS.1
5855,PASS.1
5858,PASS.4
5859,PASS.4
5861,PASS.3
5862,PASS.3
5863,PASS.3
5866,PASS.0
5867,PASS.2
5868,PASS.0
5870,PASS.0
5871,PASS.2
5874,PASS.4
5875,PASS.4
5876,PASS.0
5877,PASS.5
5878,PASS.0
5879,PASS.3
5882,PASS.0
5883,PASS.4
5884,PASS.0
5885,PASS.5
5886,PASS.0
5887,PASS.4
5890,PASS.4
5891,PASS.4
5893,PASS.3
5894,PASS.3
5895,PASS.3
5896,PASS.2
5897,PASS.5
5898,PASS.2
5899,PASS.2
5900,PASS.2
5901,PASS.2
5902,PASS.2
5903,PASS.2
5906,PASS.1
5907,PASS.4
5908,PASS.1
5909,PASS.3
5910,PASS.1
5911,PASS.3
5912,PASS.1
5913,PASS.5
5914,PASS.1
5915,PASS.1
5916,PASS.1
5917,PASS.5
5918,PASS.1
5919,PASS.1
5922,PASS.4
5923,PASS.4
5924,PASS.0
5925,PASS.3
5926,PASS.3
5927,PASS.3
5928,PASS.0
5929,PASS.5
5930,PASS.0
5931,PASS.2
5932,PASS.0
5933,PASS.5
5934,PASS.0
5935,PASS.2
5938,PASS.4
5939,PASS.4
5940,PASS.0
5941,PASS.3
5942,PASS.0
5943,PASS.3
5944,PASS.0
5945,PASS.5
5946,PASS.0
5947,PASS.4
5948,PASS.0
5949,PASS.5
5950,PASS.0
5951,PASS.5
