n,count,a,b,seconds
0,1,0,0,1.513e-06
1,5,1,1,3.215e-06
2,14,1,0,5.388e-06
3,32,1,1,1.1467e-05
4,52,1,1,1.7657e-05
5,81,1,1,3.1407e-05
6,116,1,1,4.741e-05
7,157,8,4,7.1796e-05
8,208,2,1,0.000107009
9,258,9,0,0.000149492
10,319,9,2,0.000205946
11,384,4,4,0.000268038
12,457,6,4,0.000338953
13,540,7,0,0.000435617
14,623,16,10,0.000607952
15,716,7,7,0.000667891
16,812,5,5,0.000990932
17,914,12,12,0.00125269
18,1025,14,2,0.00140428
19,1142,5,0,0.00151679
20,1268,11,11,0.00174599
21,1396,9,0,0.00196555
22,1528,2,2,0.0023758
23,1669,4,1,0.00311643
24,1816,7,0,0.00294445
25,1976,15,15,0.00459605
26,2131,27,17,0.00392453
27,2300,1,1,0.00543704
28,2472,2,1,0.00459467
29,2650,14,13,0.00734502
30,2836,7,7,0.0092295
31,3028,9,7,0.00987582
32,3228,9,0,0.00703282
33,3436,7,2,0.0120164
34,3644,37,0,0.00870079
35,3859,6,3,0.0124834
36,4080,5,0,0.0102514
37,4314,13,0,0.0109928
38,4548,3,1,0.0123784
39,4792,4,4,0.0133763
40,5038,29,0,0.014889
41,5289,11,5,0.0162834
42,5555,15,5,0.0168574
43,5818,7,0,0.019398
44,6092,5,5,0.0195119
45,6376,23,0,0.0208851
46,6668,2,2,0.022461
47,6952,13,0,0.026489
48,7250,9,0,0.0260436
49,7556,9,6,0.0274906
50,7863,57,42,0.0299462
51,8190,25,0,0.0334687
52,8508,43,33,0.0334525
53,8836,19,0,0.0358806
54,9180,7,7,0.0370387
55,9514,11,0,0.0416555
56,9866,24,2,0.0422643
57,10217,47,47,0.0451182
58,10580,1,1,0.0473324
59,10960,20,20,0.0494516
60,11321,29,22,0.0531397
61,11704,1,1,0.0552605
62,12096,5,2,0.0575049
63,12492,4,4,0.0631675
64,12892,10,5,0.0646499
65,13288,4,1,0.0680149
66,13699,50,35,0.0698207
67,14116,7,0,0.0734298
68,14542,3,3,0.0772114
69,14970,57,0,0.0798958
70,15406,33,23,0.0847039
71,15859,63,4,0.0895074
72,16296,19,19,0.092391
73,16756,13,0,0.0963726
74,17219,2,2,0.101651
75,17692,3,3,0.104638
76,18168,10,10,0.110569
77,18643,113,59,0.114433
78,19129,7,1,0.130083
79,19620,49,49,0.12738
80,20123,85,14,0.129682
81,20636,31,0,0.138819
82,21141,91,61,0.13899
83,21658,8,8,0.151155
84,22181,37,17,0.153413
85,22714,66,42,0.159915
86,23250,13,0,0.166981
87,23790,29,0,0.171108
88,24351,97,78,0.184569
89,24898,8,4,0.197036
90,25462,81,21,0.203014
91,26030,33,3,0.208218
92,26612,5,5,0.216882
93,27192,56,56,0.222079
94,27776,39,1,0.23501
95,28372,17,0,0.242108
96,28972,14,14,0.247133
97,29582,52,52,0.253266
98,30187,88,36,0.267094
99,30808,42,12,0.277455
100,31433,46,17,0.284397
101,32061,109,5,0.283843
102,32708,19,0,0.307583
103,33345,31,18,0.313221
104,33997,15,15,0.328749
105,34664,5,3,0.327216
106,35316,38,38,0.338127
107,35988,35,0,0.3442
108,36658,27,0,0.348331
109,37345,51,47,0.366603
110,38033,50,3,0.37203
111,38724,45,14,0.390571
112,39428,11,11,0.387207
113,40130,115,24,0.417681
114,40862,8,8,0.439997
115,41564,37,0,0.438096
116,42294,72,17,0.461407
117,43027,36,12,0.474088
118,43757,34,4,0.471857
119,44516,68,65,0.468965
120,45257,91,56,0.542741
121,46014,52,52,0.550005
122,46792,10,5,0.491615
123,47544,121,68,0.50479
124,48325,176,39,0.505655
125,49107,33,19,0.521
126,49902,77,61,0.532726
127,50698,21,7,0.560952
128,51490,14,3,0.566756
129,52302,108,19,0.574737
130,53108,35,0,0.586662
131,53940,67,0,0.62368
132,54760,104,104,0.62472
133,55591,78,1,0.633606
134,56432,26,13,0.644817
135,57270,47,0,0.671534
136,58130,3,1,0.676306
137,58984,197,2,0.692527
138,59856,119,0,0.711587
139,60728,15,15,0.724
140,61591,82,47,0.736832
141,62483,72,62,0.76947
142,63364,35,0,0.794327
143,64287,10,6,0.787225
144,65168,16,16,0.816393
145,66078,4,4,0.830686
146,66990,17,0,0.845604
147,67902,101,81,0.869339
148,68842,25,25,0.873796
149,69762,70,70,0.922729
150,70708,15,0,0.918044
151,71656,169,19,0.9636
152,72598,24,12,0.974273
153,73568,56,56,0.979264
154,74527,53,22,1.00223
155,75509,67,48,1.02191
156,76482,55,0,1.03908
157,77452,7,7,1.05828
158,78456,14,14,1.12423
159,79441,50,20,1.1073
160,80456,18,6,1.12906
161,81451,106,10,1.14354
162,82468,204,203,1.18386
163,83498,15,15,1.1918
164,84515,175,42,1.23277
165,85564,25,25,1.24271
166,86590,41,28,1.26762
167,87638,241,15,1.3089
168,88709,228,211,1.31787
169,89744,101,98,1.3992
170,90824,26,26,1.35822
171,91886,179,96,1.38029
172,92967,94,59,1.41411
173,94056,27,12,1.44581
174,95132,3,3,1.4688
175,96236,41,41,1.51078
176,97335,85,2,1.50717
177,98454,59,0,1.55712
178,99557,38,26,1.60083
179,100682,104,92,1.6002
180,101808,35,0,1.61778
181,102939,124,122,1.65553
182,104093,171,92,1.72145
183,105230,71,28,1.70928
184,106384,175,175,1.75588
185,107556,47,0,1.78545
186,108726,4,4,1.79184
187,109892,173,173,1.84064
188,111064,201,94,1.86507
189,112248,66,66,1.89787
190,113435,61,61,1.9317
191,114630,13,13,1.96395
192,115835,39,24,2.01172
193,117046,65,0,2.0114
194,118276,54,54,2.05115
195,119488,23,12,2.10785
196,120715,132,32,2.11815
197,121943,108,69,2.15519
198,123184,70,30,2.19752
199,124444,159,0,2.2172
200,125688,43,0,2.2572
201,126948,1,1,2.28256
202,128211,240,71,2.37871
203,129488,56,21,2.45125
204,130772,6,2,2.56411
205,132056,13,3,2.63526
206,133354,81,68,2.64225
207,134639,11,11,2.66266
208,135948,26,26,2.7805
209,137253,225,183,2.76368
210,138566,146,94,2.86395
211,139916,29,0,2.974
212,141215,117,49,2.92901
213,142556,18,2,2.98081
214,143894,51,51,2.94529
215,145242,113,40,2.91878
216,146606,162,162,2.90085
217,147959,32,16,2.93147
218,149344,51,0,2.97514
219,150698,33,17,2.99554
220,152088,86,86,3.03546
221,153465,226,124,3.09796
222,154858,213,0,3.12706
223,156266,51,17,3.19606
224,157654,49,2,3.23898
225,159078,37,18,3.28576
226,160486,32,8,3.29574
227,161906,281,95,3.37545
228,163355,254,25,3.42639
229,164772,207,87,3.46984
230,166216,168,107,3.50455
231,167659,165,91,3.56596
232,169120,79,8,3.64285
233,170586,134,134,3.67848
234,172048,57,0,3.74167
235,173525,284,145,3.82897
236,175010,163,0,3.82921
237,176493,211,16,3.86132
238,177979,119,13,3.92409
239,179476,47,0,3.9591
240,180992,59,59,4.02249
241,182512,31,0,4.07383
242,184028,12,4,4.11114
243,185536,49,0,4.17484
244,187068,93,0,4.24729
245,188605,67,61,4.27523
246,190148,61,0,4.35785
247,191694,144,37,4.56652
248,193245,76,64,4.60447
249,194824,129,0,4.77855
250,196378,48,34,4.76562
251,197948,87,0,4.7092
252,199538,39,0,4.70323
253,201108,114,38,4.81639
254,202746,7,4,4.90357
255,204304,166,152,5.01642
256,205912,81,48,5.02869
257,207544,18,18,5.11925
258,209148,125,94,5.09362
259,210784,258,55,5.16914
260,212398,67,67,5.14858
261,214037,208,82,5.24085
262,215688,57,57,5.32044
263,217324,65,65,5.3723
264,218988,129,122,5.43121
265,220640,217,188,5.5142
266,222337,351,223,5.61068
267,224003,321,165,5.69734
268,225672,284,256,5.75502
269,227358,81,81,5.93163
270,229050,13,0,6.02988
271,230761,387,10,6.35463
272,232450,239,226,6.37407
273,234166,247,202,6.79553
274,235912,33,0,6.5432
275,237612,219,75,6.42847
276,239348,32,32,6.40895
277,241080,200,100,6.34865
278,242824,33,0,6.50293
279,244585,164,65,6.43909
280,246324,165,13,6.55903
281,248092,18,14,6.65092
282,249859,358,142,6.64778
283,251646,176,40,6.78593
284,253420,234,198,6.84099
285,255208,6,6,7.1055
286,257008,28,12,6.98931
287,258796,29,21,7.10165
288,260619,323,81,7.19128
289,262416,121,86,7.26646
290,264234,109,91,7.34293
291,266069,298,213,7.41314
292,267890,143,3,7.63392
293,269734,103,97,7.75762
294,271583,182,146,7.84821
295,273428,140,140,7.88637
296,275290,62,53,7.84673
297,277139,56,35,7.91417
298,279018,135,0,8.01116
299,280908,49,49,8.17143
300,282799,450,277,8.45624
