case,digit_index,digit,channel_map,source
N3_class_31,0,0,P0/P1->2;P0/P2->1;P1/P2->0,four_site_watch2048.json
N3_class_31,1,1,P0/P1->2;P0/P2->1;P1/P2->0,four_site_watch2048.json
N3_class_31,2,0,P0/P1->2;P0/P2->1;P1/P2->0,four_site_watch2048.json
N3_class_31,3,2,P0/P1->2;P0/P2->1;P1/P2->0,four_site_watch2048.json
N3_class_31,4,1,P0/P1->2;P0/P2->1;P1/P2->0,four_site_watch2048.json
N3_class_31,5,1,P0/P1->2;P0/P2->1;P1/P2->0,four_site_watch2048.json
N3_class_31,6,2,P0/P1->2;P0/P2->1;P1/P2->0,four_site_watch2048.json
N3_class_31,7,1,P0/P1->2;P0/P2->1;P1/P2->0,four_site_watch2048.json
N3_class_31,8,0,P0/P1->2;P0/P2->1;P1/P2->0,four_site_watch2048.json
N3_class_31,9,1,P0/P1->2;P0/P2->1;P1/P2->0,four_site_watch2048.json
N3_class_31,10,1,P0/P1->2;P0/P2->1;P1/P2->0,four_site_watch2048.json
N3_class_31,11,2,P0/P1->2;P0/P2->1;P1/P2->0,four_site_watch2048.json
N3_class_31,12,1,P0/P1->2;P0/P2->1;P1/P2->0,four_site_watch2048.json
N3_class_31,13,2,P0/P1->2;P0/P2->1;P1/P2->0,four_site_watch2048.json
N3_class_31,14,0,P0/P1->2;P0/P2->1;P1/P2->0,four_site_watch2048.json
N3_class_31,15,0,P0/P1->2;P0/P2->1;P1/P2->0,four_site_watch2048.json
N3_class_31,16,2,P0/P1->2;P0/P2->1;P1/P2->0,four_site_watch2048.json
N3_class_31,17,0,P0/P1->2;P0/P2->1;P1/P2->0,four_site_watch2048.json
N3_class_31,18,2,P0/P1->2;P0/P2->1;P1/P2->0,four_site_watch2048.json
N3_class_31,19,2,P0/P1->2;P0/P2->1;P1/P2->0,four_site_watch2048.json
N3_class_31,20,1,P0/P1->2;P0/P2->1;P1/P2->0,four_site_watch2048.json
N3_class_31,21,1,P0/P1->2;P0/P2->1;P1/P2->0,four_site_watch2048.json
N3_class_31,22,2,P0/P1->2;P0/P2->1;P1/P2->0,four_site_watch2048.json
N3_class_31,23,1,P0/P1->2;P0/P2->1;P1/P2->0,four_site_watch2048.json
N3_class_31,24,2,P0/P1->2;P0/P2->1;P1/P2->0,four_site_watch2048.json
N3_class_31,25,1,P0/P1->2;P0/P2->1;P1/P2->0,four_site_watch2048.json
N3_class_31,26,2,P0/P1->2;P0/P2->1;P1/P2->0,four_site_watch2048.json
N3_class_31,27,2,P0/P1->2;P0/P2->1;P1/P2->0,four_site_watch2048.json
N3_class_31,28,1,P0/P1->2;P0/P2->1;P1/P2->0,four_site_watch2048.json
N3_class_31,29,0,P0/P1->2;P0/P2->1;P1/P2->0,four_site_watch2048.json
N3_class_31,30,2,P0/P1->2;P0/P2->1;P1/P2->0,four_site_watch2048.json
N3_class_31,31,2,P0/P1->2;P0/P2->1;P1/P2->0,four_site_watch2048.json
N3_class_31,32,0,P0/P1->2;P0/P2->1;P1/P2->0,four_site_watch2048.json
N3_class_31,33,2,P0/P1->2;P0/P2->1;P1/P2->0,four_site_watch2048.json
N3_class_31,34,0,P0/P1->2;P0/P2->1;P1/P2->0,four_site_watch2048.json
N3_class_31,35,0,P0/P1->2;P0/P2->1;P1/P2->0,four_site_watch2048.json
N3_class_31,36,2,P0/P1->2;P0/P2->1;P1/P2->0,four_site_watch2048.json
N3_class_31,37,0,P0/P1->2;P0/P2->1;P1/P2->0,four_site_watch2048.json
N3_class_31,38,1,P0/P1->2;P0/P2->1;P1/P2->0,four_site_watch2048.json
N3_class_31,39,0,P0/P1->2;P0/P2->1;P1/P2->0,four_site_watch2048.json
N3_class_31,40,2,P0/P1->2;P0/P2->1;P1/P2->0,four_site_watch2048.json
N3_class_31,41,0,P0/P1->2;P0/P2->1;P1/P2->0,four_site_watch2048.json
N3_class_31,42,1,P0/P1->2;P0/P2->1;P1/P2->0,four_site_watch2048.json
N3_class_31,43,2,P0/P1->2;P0/P2->1;P1/P2->0,four_site_watch2048.json
N3_class_31,44,0,P0/P1->2;P0/P2->1;P1/P2->0,four_site_watch2048.json
N3_class_31,45,1,P0/P1->2;P0/P2->1;P1/P2->0,four_site_watch2048.json
N3_class_31,46,1,P0/P1->2;P0/P2->1;P1/P2->0,four_site_watch2048.json
N3_class_31,47,2,P0/P1->2;P0/P2->1;P1/P2->0,four_site_watch2048.json
N3_class_31,48,0,P0/P1->2;P0/P2->1;P1/P2->0,four_site_watch2048.json
N3_class_31,49,2,P0/P1->2;P0/P2->1;P1/P2->0,four_site_watch2048.json
N3_class_31,50,2,P0/P1->2;P0/P2->1;P1/P2->0,four_site_watch2048.json
N3_class_31,51,0,P0/P1->2;P0/P2->1;P1/P2->0,four_site_watch2048.json
N3_class_31,52,1,P0/P1->2;P0/P2->1;P1/P2->0,four_site_watch2048.json
N3_class_31,53,1,P0/P1->2;P0/P2->1;P1/P2->0,four_site_watch2048.json
N3_class_31,54,0,P0/P1->2;P0/P2->1;P1/P2->0,four_site_watch2048.json
N3_class_31,55,0,P0/P1->2;P0/P2->1;P1/P2->0,four_site_watch2048.json
N3_class_31,56,1,P0/P1->2;P0/P2->1;P1/P2->0,four_site_watch2048.json
N3_class_31,57,0,P0/P1->2;P0/P2->1;P1/P2->0,four_site_watch2048.json
N3_class_31,58,2,P0/P1->2;P0/P2->1;P1/P2->0,four_site_watch2048.json
N3_class_31,59,2,P0/P1->2;P0/P2->1;P1/P2->0,four_site_watch2048.json
N3_class_31,60,0,P0/P1->2;P0/P2->1;P1/P2->0,four_site_watch2048.json
N3_class_31,61,1,P0/P1->2;P0/P2->1;P1/P2->0,four_site_watch2048.json
N3_class_31,62,0,P0/P1->2;P0/P2->1;P1/P2->0,four_site_watch2048.json
N3_class_31,63,0,P0/P1->2;P0/P2->1;P1/P2->0,four_site_watch2048.json
N3_class_31,64,2,P0/P1->2;P0/P2->1;P1/P2->0,four_site_watch2048.json
N3_class_31,65,0,P0/P1->2;P0/P2->1;P1/P2->0,four_site_watch2048.json
N3_class_31,66,0,P0/P1->2;P0/P2->1;P1/P2->0,four_site_watch2048.json
N3_class_31,67,2,P0/P1->2;P0/P2->1;P1/P2->0,four_site_watch2048.json
N3_class_31,68,0,P0/P1->2;P0/P2->1;P1/P2->0,four_site_watch2048.json
N3_class_31,69,1,P0/P1->2;P0/P2->1;P1/P2->0,four_site_watch2048.json
N3_class_31,70,0,P0/P1->2;P0/P2->1;P1/P2->0,four_site_watch2048.json
N3_class_31,71,2,P0/P1->2;P0/P2->1;P1/P2->0,four_site_watch2048.json
N3_class_31,72,0,P0/P1->2;P0/P2->1;P1/P2->0,four_site_watch2048.json
N3_class_31,73,0,P0/P1->2;P0/P2->1;P1/P2->0,four_site_watch2048.json
N3_class_31,74,2,P0/P1->2;P0/P2->1;P1/P2->0,four_site_watch2048.json
N3_class_31,75,0,P0/P1->2;P0/P2->1;P1/P2->0,four_site_watch2048.json
N3_class_31,76,2,P0/P1->2;P0/P2->1;P1/P2->0,four_site_watch2048.json
N3_class_31,77,0,P0/P1->2;P0/P2->1;P1/P2->0,four_site_watch2048.json
N3_class_31,78,2,P0/P1->2;P0/P2->1;P1/P2->0,four_site_watch2048.json
N3_class_31,79,0,P0/P1->2;P0/P2->1;P1/P2->0,four_site_watch2048.json
N3_class_31,80,2,P0/P1->2;P0/P2->1;P1/P2->0,four_site_watch2048.json
N3_class_31,81,0,P0/P1->2;P0/P2->1;P1/P2->0,four_site_watch2048.json
N3_class_31,82,1,P0/P1->2;P0/P2->1;P1/P2->0,four_site_watch2048.json
N3_class_31,83,1,P0/P1->2;P0/P2->1;P1/P2->0,four_site_watch2048.json
N3_class_31,84,2,P0/P1->2;P0/P2->1;P1/P2->0,four_site_watch2048.json
N3_class_31,85,2,P0/P1->2;P0/P2->1;P1/P2->0,four_site_watch2048.json
N3_class_31,86,0,P0/P1->2;P0/P2->1;P1/P2->0,four_site_watch2048.json
N3_class_31,87,2,P0/P1->2;P0/P2->1;P1/P2->0,four_site_watch2048.json
N3_class_31,88,2,P0/P1->2;P0/P2->1;P1/P2->0,four_site_watch2048.json
N3_class_31,89,1,P0/P1->2;P0/P2->1;P1/P2->0,four_site_watch2048.json
N3_class_31,90,2,P0/P1->2;P0/P2->1;P1/P2->0,four_site_watch2048.json
N3_class_31,91,1,P0/P1->2;P0/P2->1;P1/P2->0,four_site_watch2048.json
N3_class_31,92,0,P0/P1->2;P0/P2->1;P1/P2->0,four_site_watch2048.json
N3_class_31,93,1,P0/P1->2;P0/P2->1;P1/P2->0,four_site_watch2048.json
N3_class_31,94,0,P0/P1->2;P0/P2->1;P1/P2->0,four_site_watch2048.json
N3_class_31,95,1,P0/P1->2;P0/P2->1;P1/P2->0,four_site_watch2048.json
N3_class_31,96,2,P0/P1->2;P0/P2->1;P1/P2->0,four_site_watch2048.json
N3_class_31,97,0,P0/P1->2;P0/P2->1;P1/P2->0,four_site_watch2048.json
N3_class_31,98,2,P0/P1->2;P0/P2->1;P1/P2->0,four_site_watch2048.json
N3_class_31,99,1,P0/P1->2;P0/P2->1;P1/P2->0,four_site_watch2048.json
N3_class_31,100,2,P0/P1->2;P0/P2->1;P1/P2->0,four_site_watch2048.json
N3_class_31,101,0,P0/P1->2;P0/P2->1;P1/P2->0,four_site_watch2048.json
N3_class_31,102,1,P0/P1->2;P0/P2->1;P1/P2->0,four_site_watch2048.json
N3_class_31,103,2,P0/P1->2;P0/P2->1;P1/P2->0,four_site_watch2048.json
N3_class_31,104,1,P0/P1->2;P0/P2->1;P1/P2->0,four_site_watch2048.json
N3_class_31,105,2,P0/P1->2;P0/P2->1;P1/P2->0,four_site_watch2048.json
N3_class_31,106,2,P0/P1->2;P0/P2->1;P1/P2->0,four_site_watch2048.json
N3_class_31,107,0,P0/P1->2;P0/P2->1;P1/P2->0,four_site_watch2048.json
N3_class_31,108,0,P0/P1->2;P0/P2->1;P1/P2->0,four_site_watch2048.json
N3_class_31,109,2,P0/P1->2;P0/P2->1;P1/P2->0,four_site_watch2048.json
N3_class_31,110,0,P0/P1->2;P0/P2->1;P1/P2->0,four_site_watch2048.json
N3_class_31,111,2,P0/P1->2;P0/P2->1;P1/P2->0,four_site_watch2048.json
N3_class_31,112,0,P0/P1->2;P0/P2->1;P1/P2->0,four_site_watch2048.json
N3_class_31,113,0,P0/P1->2;P0/P2->1;P1/P2->0,four_site_watch2048.json
N3_class_31,114,2,P0/P1->2;P0/P2->1;P1/P2->0,four_site_watch2048.json
N3_class_31,115,1,P0/P1->2;P0/P2->1;P1/P2->0,four_site_watch2048.json
N3_class_31,116,2,P0/P1->2;P0/P2->1;P1/P2->0,four_site_watch2048.json
N3_class_31,117,0,P0/P1->2;P0/P2->1;P1/P2->0,four_site_watch2048.json
N3_class_31,118,0,P0/P1->2;P0/P2->1;P1/P2->0,four_site_watch2048.json
N3_class_31,119,1,P0/P1->2;P0/P2->1;P1/P2->0,four_site_watch2048.json
N3_class_31,120,1,P0/P1->2;P0/P2->1;P1/P2->0,four_site_watch2048.json
N3_class_31,121,0,P0/P1->2;P0/P2->1;P1/P2->0,four_site_watch2048.json
N3_class_31,122,0,P0/P1->2;P0/P2->1;P1/P2->0,four_site_watch2048.json
N3_class_31,123,2,P0/P1->2;P0/P2->1;P1/P2->0,four_site_watch2048.json
N3_class_31,124,2,P0/P1->2;P0/P2->1;P1/P2->0,four_site_watch2048.json
N3_class_31,125,2,P0/P1->2;P0/P2->1;P1/P2->0,four_site_watch2048.json
N3_class_31,126,2,P0/P1->2;P0/P2->1;P1/P2->0,four_site_watch2048.json
N3_class_31,127,2,P0/P1->2;P0/P2->1;P1/P2->0,four_site_watch2048.json
N3_class_31,128,0,P0/P1->2;P0/P2->1;P1/P2->0,four_site_watch2048.json
N3_class_31,129,2,P0/P1->2;P0/P2->1;P1/P2->0,four_site_watch2048.json
N3_class_31,130,2,P0/P1->2;P0/P2->1;P1/P2->0,four_site_watch2048.json
N3_class_31,131,1,P0/P1->2;P0/P2->1;P1/P2->0,four_site_watch2048.json
N3_class_31,132,2,P0/P1->2;P0/P2->1;P1/P2->0,four_site_watch2048.json
N3_class_31,133,1,P0/P1->2;P0/P2->1;P1/P2->0,four_site_watch2048.json
N3_class_31,134,1,P0/P1->2;P0/P2->1;P1/P2->0,four_site_watch2048.json
N3_class_31,135,1,P0/P1->2;P0/P2->1;P1/P2->0,four_site_watch2048.json
N3_class_31,136,2,P0/P1->2;P0/P2->1;P1/P2->0,four_site_watch2048.json
N3_class_31,137,1,P0/P1->2;P0/P2->1;P1/P2->0,four_site_watch2048.json
N3_class_31,138,2,P0/P1->2;P0/P2->1;P1/P2->0,four_site_watch2048.json
N3_class_31,139,0,P0/P1->2;P0/P2->1;P1/P2->0,four_site_watch2048.json
N3_class_31,140,0,P0/P1->2;P0/P2->1;P1/P2->0,four_site_watch2048.json
N3_class_31,141,1,P0/P1->2;P0/P2->1;P1/P2->0,four_site_watch2048.json
N3_class_31,142,0,P0/P1->2;P0/P2->1;P1/P2->0,four_site_watch2048.json
N3_class_31,143,2,P0/P1->2;P0/P2->1;P1/P2->0,four_site_watch2048.json
N3_class_31,144,0,P0/P1->2;P0/P2->1;P1/P2->0,four_site_watch2048.json
N3_class_31,145,1,P0/P1->2;P0/P2->1;P1/P2->0,four_site_watch2048.json
N3_class_31,146,0,P0/P1->2;P0/P2->1;P1/P2->0,four_site_watch2048.json
N3_class_31,147,1,P0/P1->2;P0/P2->1;P1/P2->0,four_site_watch2048.json
N3_class_31,148,1,P0/P1->2;P0/P2->1;P1/P2->0,four_site_watch2048.json
N3_class_31,149,2,P0/P1->2;P0/P2->1;P1/P2->0,four_site_watch2048.json
N3_class_31,150,2,P0/P1->2;P0/P2->1;P1/P2->0,four_site_watch2048.json
N3_class_31,151,0,P0/P1->2;P0/P2->1;P1/P2->0,four_site_watch2048.json
N3_class_31,152,1,P0/P1->2;P0/P2->1;P1/P2->0,four_site_watch2048.json
N3_class_31,153,1,P0/P1->2;P0/P2->1;P1/P2->0,four_site_watch2048.json
N3_class_31,154,2,P0/P1->2;P0/P2->1;P1/P2->0,four_site_watch2048.json
N3_class_31,155,2,P0/P1->2;P0/P2->1;P1/P2->0,four_site_watch2048.json
N3_class_31,156,1,P0/P1->2;P0/P2->1;P1/P2->0,four_site_watch2048.json
N3_class_31,157,2,P0/P1->2;P0/P2->1;P1/P2->0,four_site_watch2048.json
N3_class_31,158,0,P0/P1->2;P0/P2->1;P1/P2->0,four_site_watch2048.json
N3_class_31,159,1,P0/P1->2;P0/P2->1;P1/P2->0,four_site_watch2048.json
N3_class_31,160,2,P0/P1->2;P0/P2->1;P1/P2->0,four_site_watch2048.json
N3_class_31,161,1,P0/P1->2;P0/P2->1;P1/P2->0,four_site_watch2048.json
N3_class_31,162,2,P0/P1->2;P0/P2->1;P1/P2->0,four_site_watch2048.json
N3_class_31,163,1,P0/P1->2;P0/P2->1;P1/P2->0,four_site_watch2048.json
N3_class_31,164,2,P0/P1->2;P0/P2->1;P1/P2->0,four_site_watch2048.json
N3_class_31,165,2,P0/P1->2;P0/P2->1;P1/P2->0,four_site_watch2048.json
N3_class_31,166,0,P0/P1->2;P0/P2->1;P1/P2->0,four_site_watch2048.json
N3_class_31,167,2,P0/P1->2;P0/P2->1;P1/P2->0,four_site_watch2048.json
N3_class_31,168,1,P0/P1->2;P0/P2->1;P1/P2->0,four_site_watch2048.json
N3_class_31,169,0,P0/P1->2;P0/P2->1;P1/P2->0,four_site_watch2048.json
N3_class_31,170,1,P0/P1->2;P0/P2->1;P1/P2->0,four_site_watch2048.json
N3_class_31,171,2,P0/P1->2;P0/P2->1;P1/P2->0,four_site_watch2048.json
N3_class_31,172,2,P0/P1->2;P0/P2->1;P1/P2->0,four_site_watch2048.json
N3_class_31,173,2,P0/P1->2;P0/P2->1;P1/P2->0,four_site_watch2048.json
N3_class_31,174,0,P0/P1->2;P0/P2->1;P1/P2->0,four_site_watch2048.json
N3_class_31,175,2,P0/P1->2;P0/P2->1;P1/P2->0,four_site_watch2048.json
N3_class_31,176,0,P0/P1->2;P0/P2->1;P1/P2->0,four_site_watch2048.json
N3_class_31,177,2,P0/P1->2;P0/P2->1;P1/P2->0,four_site_watch2048.json
N3_class_31,178,0,P0/P1->2;P0/P2->1;P1/P2->0,four_site_watch2048.json
N3_class_31,179,2,P0/P1->2;P0/P2->1;P1/P2->0,four_site_watch2048.json
N3_class_31,180,0,P0/P1->2;P0/P2->1;P1/P2->0,four_site_watch2048.json
N3_class_31,181,2,P0/P1->2;P0/P2->1;P1/P2->0,four_site_watch2048.json
N3_class_31,182,1,P0/P1->2;P0/P2->1;P1/P2->0,four_site_watch2048.json
N3_class_31,183,0,P0/P1->2;P0/P2->1;P1/P2->0,four_site_watch2048.json
N3_class_31,184,2,P0/P1->2;P0/P2->1;P1/P2->0,four_site_watch2048.json
N3_class_31,185,0,P0/P1->2;P0/P2->1;P1/P2->0,four_site_watch2048.json
N3_class_31,186,2,P0/P1->2;P0/P2->1;P1/P2->0,four_site_watch2048.json
N3_class_31,187,2,P0/P1->2;P0/P2->1;P1/P2->0,four_site_watch2048.json
N3_class_31,188,2,P0/P1->2;P0/P2->1;P1/P2->0,four_site_watch2048.json
N3_class_31,189,0,P0/P1->2;P0/P2->1;P1/P2->0,four_site_watch2048.json
N3_class_31,190,0,P0/P1->2;P0/P2->1;P1/P2->0,four_site_watch2048.json
N3_class_31,191,2,P0/P1->2;P0/P2->1;P1/P2->0,four_site_watch2048.json
N3_class_31,192,0,P0/P1->2;P0/P2->1;P1/P2->0,four_site_watch2048.json
N3_class_31,193,2,P0/P1->2;P0/P2->1;P1/P2->0,four_site_watch2048.json
N3_class_31,194,0,P0/P1->2;P0/P2->1;P1/P2->0,four_site_watch2048.json
N3_class_31,195,0,P0/P1->2;P0/P2->1;P1/P2->0,four_site_watch2048.json
N3_class_31,196,2,P0/P1->2;P0/P2->1;P1/P2->0,four_site_watch2048.json
N3_class_31,197,0,P0/P1->2;P0/P2->1;P1/P2->0,four_site_watch2048.json
N3_class_31,198,0,P0/P1->2;P0/P2->1;P1/P2->0,four_site_watch2048.json
N3_class_31,199,0,P0/P1->2;P0/P2->1;P1/P2->0,four_site_watch2048.json
N3_class_31,200,0,P0/P1->2;P0/P2->1;P1/P2->0,four_site_watch2048.json
N3_class_31,201,2,P0/P1->2;P0/P2->1;P1/P2->0,four_site_watch2048.json
N3_class_31,202,2,P0/P1->2;P0/P2->1;P1/P2->0,four_site_watch2048.json
N3_class_31,203,0,P0/P1->2;P0/P2->1;P1/P2->0,four_site_watch2048.json
N3_class_31,204,1,P0/P1->2;P0/P2->1;P1/P2->0,four_site_watch2048.json
N3_class_31,205,2,P0/P1->2;P0/P2->1;P1/P2->0,four_site_watch2048.json
N3_class_31,206,0,P0/P1->2;P0/P2->1;P1/P2->0,four_site_watch2048.json
N3_class_31,207,1,P0/P1->2;P0/P2->1;P1/P2->0,four_site_watch2048.json
N3_class_31,208,1,P0/P1->2;P0/P2->1;P1/P2->0,four_site_watch2048.json
N3_class_31,209,2,P0/P1->2;P0/P2->1;P1/P2->0,four_site_watch2048.json
N3_class_31,210,1,P0/P1->2;P0/P2->1;P1/P2->0,four_site_watch2048.json
N3_class_31,211,0,P0/P1->2;P0/P2->1;P1/P2->0,four_site_watch2048.json
N3_class_31,212,2,P0/P1->2;P0/P2->1;P1/P2->0,four_site_watch2048.json
N3_class_31,213,1,P0/P1->2;P0/P2->1;P1/P2->0,four_site_watch2048.json
N3_class_31,214,0,P0/P1->2;P0/P2->1;P1/P2->0,four_site_watch2048.json
N3_class_31,215,1,P0/P1->2;P0/P2->1;P1/P2->0,four_site_watch2048.json
N3_class_31,216,2,P0/P1->2;P0/P2->1;P1/P2->0,four_site_watch2048.json
N3_class_31,217,2,P0/P1->2;P0/P2->1;P1/P2->0,four_site_watch2048.json
N3_class_31,218,0,P0/P1->2;P0/P2->1;P1/P2->0,four_site_watch2048.json
N3_class_31,219,0,P0/P1->2;P0/P2->1;P1/P2->0,four_site_watch2048.json
N3_class_31,220,0,P0/P1->2;P0/P2->1;P1/P2->0,four_site_watch2048.json
N3_class_31,221,2,P0/P1->2;P0/P2->1;P1/P2->0,four_site_watch2048.json
N3_class_31,222,2,P0/P1->2;P0/P2->1;P1/P2->0,four_site_watch2048.json
N3_class_31,223,1,P0/P1->2;P0/P2->1;P1/P2->0,four_site_watch2048.json
N3_class_31,224,2,P0/P1->2;P0/P2->1;P1/P2->0,four_site_watch2048.json
N3_class_31,225,1,P0/P1->2;P0/P2->1;P1/P2->0,four_site_watch2048.json
N3_class_31,226,2,P0/P1->2;P0/P2->1;P1/P2->0,four_site_watch2048.json
N3_class_31,227,1,P0/P1->2;P0/P2->1;P1/P2->0,four_site_watch2048.json
N3_class_31,228,1,P0/P1->2;P0/P2->1;P1/P2->0,four_site_watch2048.json
N3_class_31,229,0,P0/P1->2;P0/P2->1;P1/P2->0,four_site_watch2048.json
N3_class_31,230,1,P0/P1->2;P0/P2->1;P1/P2->0,four_site_watch2048.json
N3_class_31,231,0,P0/P1->2;P0/P2->1;P1/P2->0,four_site_watch2048.json
N3_class_31,232,1,P0/P1->2;P0/P2->1;P1/P2->0,four_site_watch2048.json
N3_class_31,233,0,P0/P1->2;P0/P2->1;P1/P2->0,four_site_watch2048.json
N3_class_31,234,2,P0/P1->2;P0/P2->1;P1/P2->0,four_site_watch2048.json
N3_class_31,235,1,P0/P1->2;P0/P2->1;P1/P2->0,four_site_watch2048.json
N3_class_31,236,2,P0/P1->2;P0/P2->1;P1/P2->0,four_site_watch2048.json
N3_class_31,237,2,P0/P1->2;P0/P2->1;P1/P2->0,four_site_watch2048.json
N3_class_31,238,1,P0/P1->2;P0/P2->1;P1/P2->0,four_site_watch2048.json
N3_class_31,239,2,P0/P1->2;P0/P2->1;P1/P2->0,four_site_watch2048.json
N3_class_31,240,0,P0/P1->2;P0/P2->1;P1/P2->0,four_site_watch2048.json
N3_class_31,241,2,P0/P1->2;P0/P2->1;P1/P2->0,four_site_watch2048.json
N3_class_31,242,2,P0/P1->2;P0/P2->1;P1/P2->0,four_site_watch2048.json
N3_class_31,243,1,P0/P1->2;P0/P2->1;P1/P2->0,four_site_watch2048.json
N3_class_31,244,2,P0/P1->2;P0/P2->1;P1/P2->0,four_site_watch2048.json
N3_class_31,245,1,P0/P1->2;P0/P2->1;P1/P2->0,four_site_watch2048.json
N3_class_31,246,0,P0/P1->2;P0/P2->1;P1/P2->0,four_site_watch2048.json
N3_class_31,247,1,P0/P1->2;P0/P2->1;P1/P2->0,four_site_watch2048.json
N3_class_31,248,0,P0/P1->2;P0/P2->1;P1/P2->0,four_site_watch2048.json
N3_class_31,249,0,P0/P1->2;P0/P2->1;P1/P2->0,four_site_watch2048.json
N3_class_31,250,1,P0/P1->2;P0/P2->1;P1/P2->0,four_site_watch2048.json
N3_class_31,251,0,P0/P1->2;P0/P2->1;P1/P2->0,four_site_watch2048.json
N3_class_31,252,1,P0/P1->2;P0/P2->1;P1/P2->0,four_site_watch2048.json
N3_class_31,253,0,P0/P1->2;P0/P2->1;P1/P2->0,four_site_watch2048.json
N3_class_31,254,0,P0/P1->2;P0/P2->1;P1/P2->0,four_site_watch2048.json
N3_class_31,255,1,P0/P1->2;P0/P2->1;P1/P2->0,four_site_watch2048.json
N3_class_31,256,2,P0/P1->2;P0/P2->1;P1/P2->0,four_site_watch2048.json
N3_class_31,257,0,P0/P1->2;P0/P2->1;P1/P2->0,four_site_watch2048.json
N3_class_31,258,1,P0/P1->2;P0/P2->1;P1/P2->0,four_site_watch2048.json
N3_class_31,259,1,P0/P1->2;P0/P2->1;P1/P2->0,four_site_watch2048.json
N3_class_31,260,0,P0/P1->2;P0/P2->1;P1/P2->0,four_site_watch2048.json
N3_class_31,261,1,P0/P1->2;P0/P2->1;P1/P2->0,four_site_watch2048.json
N3_class_31,262,2,P0/P1->2;P0/P2->1;P1/P2->0,four_site_watch2048.json
N3_class_31,263,2,P0/P1->2;P0/P2->1;P1/P2->0,four_site_watch2048.json
N3_class_31,264,1,P0/P1->2;P0/P2->1;P1/P2->0,four_site_watch2048.json
N3_class_31,265,2,P0/P1->2;P0/P2->1;P1/P2->0,four_site_watch2048.json
N3_class_31,266,2,P0/P1->2;P0/P2->1;P1/P2->0,four_site_watch2048.json
N3_class_31,267,0,P0/P1->2;P0/P2->1;P1/P2->0,four_site_watch2048.json
N3_class_31,268,2,P0/P1->2;P0/P2->1;P1/P2->0,four_site_watch2048.json
N3_class_31,269,2,P0/P1->2;P0/P2->1;P1/P2->0,four_site_watch2048.json
N3_class_31,270,2,P0/P1->2;P0/P2->1;P1/P2->0,four_site_watch2048.json
N3_class_31,271,0,P0/P1->2;P0/P2->1;P1/P2->0,four_site_watch2048.json
N3_class_31,272,2,P0/P1->2;P0/P2->1;P1/P2->0,four_site_watch2048.json
N3_class_31,273,0,P0/P1->2;P0/P2->1;P1/P2->0,four_site_watch2048.json
N3_class_31,274,1,P0/P1->2;P0/P2->1;P1/P2->0,four_site_watch2048.json
N3_class_31,275,1,P0/P1->2;P0/P2->1;P1/P2->0,four_site_watch2048.json
N3_class_31,276,2,P0/P1->2;P0/P2->1;P1/P2->0,four_site_watch2048.json
N3_class_31,277,2,P0/P1->2;P0/P2->1;P1/P2->0,four_site_watch2048.json
N3_class_31,278,1,P0/P1->2;P0/P2->1;P1/P2->0,four_site_watch2048.json
N3_class_31,279,1,P0/P1->2;P0/P2->1;P1/P2->0,four_site_watch2048.json
N3_class_31,280,2,P0/P1->2;P0/P2->1;P1/P2->0,four_site_watch2048.json
N3_class_31,281,0,P0/P1->2;P0/P2->1;P1/P2->0,four_site_watch2048.json
N3_class_31,282,2,P0/P1->2;P0/P2->1;P1/P2->0,four_site_watch2048.json
N3_class_31,283,2,P0/P1->2;P0/P2->1;P1/P2->0,four_site_watch2048.json
N3_class_31,284,1,P0/P1->2;P0/P2->1;P1/P2->0,four_site_watch2048.json
N3_class_31,285,2,P0/P1->2;P0/P2->1;P1/P2->0,four_site_watch2048.json
N3_class_31,286,1,P0/P1->2;P0/P2->1;P1/P2->0,four_site_watch2048.json
N3_class_31,287,2,P0/P1->2;P0/P2->1;P1/P2->0,four_site_watch2048.json
N3_class_31,288,1,P0/P1->2;P0/P2->1;P1/P2->0,four_site_watch2048.json
N3_class_31,289,2,P0/P1->2;P0/P2->1;P1/P2->0,four_site_watch2048.json
N3_class_31,290,0,P0/P1->2;P0/P2->1;P1/P2->0,four_site_watch2048.json
N3_class_31,291,1,P0/P1->2;P0/P2->1;P1/P2->0,four_site_watch2048.json
N3_class_31,292,1,P0/P1->2;P0/P2->1;P1/P2->0,four_site_watch2048.json
N3_class_31,293,0,P0/P1->2;P0/P2->1;P1/P2->0,four_site_watch2048.json
N3_class_31,294,2,P0/P1->2;P0/P2->1;P1/P2->0,four_site_watch2048.json
N3_class_31,295,1,P0/P1->2;P0/P2->1;P1/P2->0,four_site_watch2048.json
N3_class_31,296,2,P0/P1->2;P0/P2->1;P1/P2->0,four_site_watch2048.json
N3_class_31,297,2,P0/P1->2;P0/P2->1;P1/P2->0,four_site_watch2048.json
N3_class_31,298,1,P0/P1->2;P0/P2->1;P1/P2->0,four_site_watch2048.json
N3_class_31,299,1,P0/P1->2;P0/P2->1;P1/P2->0,four_site_watch2048.json
N3_class_31,300,0,P0/P1->2;P0/P2->1;P1/P2->0,four_site_watch2048.json
N3_class_31,301,2,P0/P1->2;P0/P2->1;P1/P2->0,four_site_watch2048.json
N3_class_31,302,2,P0/P1->2;P0/P2->1;P1/P2->0,four_site_watch2048.json
N3_class_31,303,2,P0/P1->2;P0/P2->1;P1/P2->0,four_site_watch2048.json
N3_class_31,304,2,P0/P1->2;P0/P2->1;P1/P2->0,four_site_watch2048.json
N3_class_31,305,1,P0/P1->2;P0/P2->1;P1/P2->0,four_site_watch2048.json
N3_class_31,306,2,P0/P1->2;P0/P2->1;P1/P2->0,four_site_watch2048.json
N3_class_31,307,2,P0/P1->2;P0/P2->1;P1/P2->0,four_site_watch2048.json
N3_class_31,308,2,P0/P1->2;P0/P2->1;P1/P2->0,four_site_watch2048.json
N3_class_31,309,1,P0/P1->2;P0/P2->1;P1/P2->0,four_site_watch2048.json
N3_class_31,310,1,P0/P1->2;P0/P2->1;P1/P2->0,four_site_watch2048.json
N3_class_31,311,2,P0/P1->2;P0/P2->1;P1/P2->0,four_site_watch2048.json
N3_class_31,312,0,P0/P1->2;P0/P2->1;P1/P2->0,four_site_watch2048.json
N3_class_31,313,1,P0/P1->2;P0/P2->1;P1/P2->0,four_site_watch2048.json
N3_class_31,314,0,P0/P1->2;P0/P2->1;P1/P2->0,four_site_watch2048.json
N3_class_31,315,2,P0/P1->2;P0/P2->1;P1/P2->0,four_site_watch2048.json
N3_class_31,316,2,P0/P1->2;P0/P2->1;P1/P2->0,four_site_watch2048.json
N3_class_31,317,0,P0/P1->2;P0/P2->1;P1/P2->0,four_site_watch2048.json
N3_class_31,318,1,P0/P1->2;P0/P2->1;P1/P2->0,four_site_watch2048.json
N3_class_31,319,1,P0/P1->2;P0/P2->1;P1/P2->0,four_site_watch2048.json
N3_class_31,320,1,P0/P1->2;P0/P2->1;P1/P2->0,four_site_watch2048.json
N3_class_31,321,2,P0/P1->2;P0/P2->1;P1/P2->0,four_site_watch2048.json
N3_class_31,322,0,P0/P1->2;P0/P2->1;P1/P2->0,four_site_watch2048.json
N3_class_31,323,2,P0/P1->2;P0/P2->1;P1/P2->0,four_site_watch2048.json
N3_class_31,324,0,P0/P1->2;P0/P2->1;P1/P2->0,four_site_watch2048.json
N3_class_31,325,0,P0/P1->2;P0/P2->1;P1/P2->0,four_site_watch2048.json
N3_class_31,326,2,P0/P1->2;P0/P2->1;P1/P2->0,four_site_watch2048.json
N3_class_31,327,1,P0/P1->2;P0/P2->1;P1/P2->0,four_site_watch2048.json
N3_class_31,328,2,P0/P1->2;P0/P2->1;P1/P2->0,four_site_watch2048.json
N3_class_31,329,1,P0/P1->2;P0/P2->1;P1/P2->0,four_site_watch2048.json
N3_class_31,330,0,P0/P1->2;P0/P2->1;P1/P2->0,four_site_watch2048.json
N3_class_31,331,2,P0/P1->2;P0/P2->1;P1/P2->0,four_site_watch2048.json
N3_class_31,332,2,P0/P1->2;P0/P2->1;P1/P2->0,four_site_watch2048.json
N3_class_31,333,2,P0/P1->2;P0/P2->1;P1/P2->0,four_site_watch2048.json
N3_class_31,334,0,P0/P1->2;P0/P2->1;P1/P2->0,four_site_watch2048.json
N3_class_31,335,2,P0/P1->2;P0/P2->1;P1/P2->0,four_site_watch2048.json
N3_class_31,336,0,P0/P1->2;P0/P2->1;P1/P2->0,four_site_watch2048.json
N3_class_31,337,0,P0/P1->2;P0/P2->1;P1/P2->0,four_site_watch2048.json
N3_class_31,338,0,P0/P1->2;P0/P2->1;P1/P2->0,four_site_watch2048.json
N3_class_31,339,2,P0/P1->2;P0/P2->1;P1/P2->0,four_site_watch2048.json
N3_class_31,340,0,P0/P1->2;P0/P2->1;P1/P2->0,four_site_watch2048.json
N3_class_31,341,2,P0/P1->2;P0/P2->1;P1/P2->0,four_site_watch2048.json
N3_class_31,342,1,P0/P1->2;P0/P2->1;P1/P2->0,four_site_watch2048.json
N3_class_31,343,1,P0/P1->2;P0/P2->1;P1/P2->0,four_site_watch2048.json
N3_class_31,344,2,P0/P1->2;P0/P2->1;P1/P2->0,four_site_watch2048.json
N3_class_31,345,0,P0/P1->2;P0/P2->1;P1/P2->0,four_site_watch2048.json
N3_class_31,346,0,P0/P1->2;P0/P2->1;P1/P2->0,four_site_watch2048.json
N3_class_31,347,2,P0/P1->2;P0/P2->1;P1/P2->0,four_site_watch2048.json
N3_class_31,348,1,P0/P1->2;P0/P2->1;P1/P2->0,four_site_watch2048.json
N3_class_31,349,0,P0/P1->2;P0/P2->1;P1/P2->0,four_site_watch2048.json
N3_class_31,350,1,P0/P1->2;P0/P2->1;P1/P2->0,four_site_watch2048.json
N3_class_31,351,0,P0/P1->2;P0/P2->1;P1/P2->0,four_site_watch2048.json
N3_class_31,352,2,P0/P1->2;P0/P2->1;P1/P2->0,four_site_watch2048.json
N3_class_31,353,1,P0/P1->2;P0/P2->1;P1/P2->0,four_site_watch2048.json
N3_class_31,354,2,P0/P1->2;P0/P2->1;P1/P2->0,four_site_watch2048.json
N3_class_31,355,1,P0/P1->2;P0/P2->1;P1/P2->0,four_site_watch2048.json
N3_class_31,356,1,P0/P1->2;P0/P2->1;P1/P2->0,four_site_watch2048.json
N3_class_31,357,0,P0/P1->2;P0/P2->1;P1/P2->0,four_site_watch2048.json
N3_class_31,358,2,P0/P1->2;P0/P2->1;P1/P2->0,four_site_watch2048.json
N3_class_31,359,0,P0/P1->2;P0/P2->1;P1/P2->0,four_site_watch2048.json
N3_class_31,360,2,P0/P1->2;P0/P2->1;P1/P2->0,four_site_watch2048.json
N3_class_31,361,1,P0/P1->2;P0/P2->1;P1/P2->0,four_site_watch2048.json
N3_class_31,362,2,P0/P1->2;P0/P2->1;P1/P2->0,four_site_watch2048.json
N3_class_31,363,0,P0/P1->2;P0/P2->1;P1/P2->0,four_site_watch2048.json
N3_class_31,364,0,P0/P1->2;P0/P2->1;P1/P2->0,four_site_watch2048.json
N3_class_31,365,1,P0/P1->2;P0/P2->1;P1/P2->0,four_site_watch2048.json
N3_class_31,366,2,P0/P1->2;P0/P2->1;P1/P2->0,four_site_watch2048.json
N3_class_31,367,1,P0/P1->2;P0/P2->1;P1/P2->0,four_site_watch2048.json
N3_class_31,368,1,P0/P1->2;P0/P2->1;P1/P2->0,four_site_watch2048.json
N3_class_31,369,1,P0/P1->2;P0/P2->1;P1/P2->0,four_site_watch2048.json
N3_class_31,370,2,P0/P1->2;P0/P2->1;P1/P2->0,four_site_watch2048.json
N3_class_31,371,0,P0/P1->2;P0/P2->1;P1/P2->0,four_site_watch2048.json
N3_class_31,372,2,P0/P1->2;P0/P2->1;P1/P2->0,four_site_watch2048.json
N3_class_31,373,2,P0/P1->2;P0/P2->1;P1/P2->0,four_site_watch2048.json
N3_class_31,374,0,P0/P1->2;P0/P2->1;P1/P2->0,four_site_watch2048.json
N3_class_31,375,2,P0/P1->2;P0/P2->1;P1/P2->0,four_site_watch2048.json
N3_class_31,376,0,P0/P1->2;P0/P2->1;P1/P2->0,four_site_watch2048.json
N3_class_31,377,1,P0/P1->2;P0/P2->1;P1/P2->0,four_site_watch2048.json
N3_class_31,378,1,P0/P1->2;P0/P2->1;P1/P2->0,four_site_watch2048.json
N3_class_31,379,0,P0/P1->2;P0/P2->1;P1/P2->0,four_site_watch2048.json
N3_class_31,380,2,P0/P1->2;P0/P2->1;P1/P2->0,four_site_watch2048.json
N3_class_31,381,0,P0/P1->2;P0/P2->1;P1/P2->0,four_site_watch2048.json
N3_class_31,382,1,P0/P1->2;P0/P2->1;P1/P2->0,four_site_watch2048.json
N3_class_31,383,2,P0/P1->2;P0/P2->1;P1/P2->0,four_site_watch2048.json
N3_class_31,384,1,P0/P1->2;P0/P2->1;P1/P2->0,four_site_watch2048.json
N3_class_31,385,2,P0/P1->2;P0/P2->1;P1/P2->0,four_site_watch2048.json
N3_class_31,386,1,P0/P1->2;P0/P2->1;P1/P2->0,four_site_watch2048.json
N3_class_31,387,2,P0/P1->2;P0/P2->1;P1/P2->0,four_site_watch2048.json
N3_class_31,388,1,P0/P1->2;P0/P2->1;P1/P2->0,four_site_watch2048.json
N3_class_31,389,1,P0/P1->2;P0/P2->1;P1/P2->0,four_site_watch2048.json
N3_class_31,390,0,P0/P1->2;P0/P2->1;P1/P2->0,four_site_watch2048.json
N3_class_31,391,1,P0/P1->2;P0/P2->1;P1/P2->0,four_site_watch2048.json
N3_class_31,392,2,P0/P1->2;P0/P2->1;P1/P2->0,four_site_watch2048.json
N3_class_31,393,1,P0/P1->2;P0/P2->1;P1/P2->0,four_site_watch2048.json
N3_class_31,394,1,P0/P1->2;P0/P2->1;P1/P2->0,four_site_watch2048.json
N3_class_31,395,1,P0/P1->2;P0/P2->1;P1/P2->0,four_site_watch2048.json
N3_class_31,396,0,P0/P1->2;P0/P2->1;P1/P2->0,four_site_watch2048.json
N3_class_31,397,0,P0/P1->2;P0/P2->1;P1/P2->0,four_site_watch2048.json
N3_class_31,398,0,P0/P1->2;P0/P2->1;P1/P2->0,four_site_watch2048.json
N3_class_31,399,2,P0/P1->2;P0/P2->1;P1/P2->0,four_site_watch2048.json
N3_class_31,400,0,P0/P1->2;P0/P2->1;P1/P2->0,four_site_watch2048.json
N3_class_31,401,2,P0/P1->2;P0/P2->1;P1/P2->0,four_site_watch2048.json
N3_class_31,402,1,P0/P1->2;P0/P2->1;P1/P2->0,four_site_watch2048.json
N3_class_31,403,0,P0/P1->2;P0/P2->1;P1/P2->0,four_site_watch2048.json
N3_class_31,404,0,P0/P1->2;P0/P2->1;P1/P2->0,four_site_watch2048.json
N3_class_31,405,0,P0/P1->2;P0/P2->1;P1/P2->0,four_site_watch2048.json
N3_class_31,406,1,P0/P1->2;P0/P2->1;P1/P2->0,four_site_watch2048.json
N3_class_31,407,0,P0/P1->2;P0/P2->1;P1/P2->0,four_site_watch2048.json
N3_class_31,408,2,P0/P1->2;P0/P2->1;P1/P2->0,four_site_watch2048.json
N3_class_31,409,1,P0/P1->2;P0/P2->1;P1/P2->0,four_site_watch2048.json
N3_class_31,410,2,P0/P1->2;P0/P2->1;P1/P2->0,four_site_watch2048.json
N3_class_31,411,1,P0/P1->2;P0/P2->1;P1/P2->0,four_site_watch2048.json
N3_class_31,412,2,P0/P1->2;P0/P2->1;P1/P2->0,four_site_watch2048.json
N3_class_31,413,1,P0/P1->2;P0/P2->1;P1/P2->0,four_site_watch2048.json
N3_class_31,414,2,P0/P1->2;P0/P2->1;P1/P2->0,four_site_watch2048.json
N3_class_31,415,2,P0/P1->2;P0/P2->1;P1/P2->0,four_site_watch2048.json
N3_class_31,416,1,P0/P1->2;P0/P2->1;P1/P2->0,four_site_watch2048.json
N3_class_31,417,2,P0/P1->2;P0/P2->1;P1/P2->0,four_site_watch2048.json
N3_class_31,418,0,P0/P1->2;P0/P2->1;P1/P2->0,four_site_watch2048.json
N3_class_31,419,1,P0/P1->2;P0/P2->1;P1/P2->0,four_site_watch2048.json
N3_class_31,420,0,P0/P1->2;P0/P2->1;P1/P2->0,four_site_watch2048.json
N3_class_31,421,1,P0/P1->2;P0/P2->1;P1/P2->0,four_site_watch2048.json
N3_class_31,422,0,P0/P1->2;P0/P2->1;P1/P2->0,four_site_watch2048.json
N3_class_31,423,2,P0/P1->2;P0/P2->1;P1/P2->0,four_site_watch2048.json
N3_class_31,424,0,P0/P1->2;P0/P2->1;P1/P2->0,four_site_watch2048.json
N3_class_31,425,2,P0/P1->2;P0/P2->1;P1/P2->0,four_site_watch2048.json
N3_class_31,426,1,P0/P1->2;P0/P2->1;P1/P2->0,four_site_watch2048.json
N3_class_31,427,2,P0/P1->2;P0/P2->1;P1/P2->0,four_site_watch2048.json
N3_class_31,428,0,P0/P1->2;P0/P2->1;P1/P2->0,four_site_watch2048.json
N3_class_31,429,2,P0/P1->2;P0/P2->1;P1/P2->0,four_site_watch2048.json
N3_class_31,430,1,P0/P1->2;P0/P2->1;P1/P2->0,four_site_watch2048.json
N3_class_31,431,0,P0/P1->2;P0/P2->1;P1/P2->0,four_site_watch2048.json
N3_class_31,432,1,P0/P1->2;P0/P2->1;P1/P2->0,four_site_watch2048.json
N3_class_31,433,1,P0/P1->2;P0/P2->1;P1/P2->0,four_site_watch2048.json
N3_class_31,434,2,P0/P1->2;P0/P2->1;P1/P2->0,four_site_watch2048.json
N3_class_31,435,0,P0/P1->2;P0/P2->1;P1/P2->0,four_site_watch2048.json
N3_class_31,436,0,P0/P1->2;P0/P2->1;P1/P2->0,four_site_watch2048.json
N3_class_31,437,2,P0/P1->2;P0/P2->1;P1/P2->0,four_site_watch2048.json
N3_class_31,438,2,P0/P1->2;P0/P2->1;P1/P2->0,four_site_watch2048.json
N3_class_31,439,1,P0/P1->2;P0/P2->1;P1/P2->0,four_site_watch2048.json
N3_class_31,440,1,P0/P1->2;P0/P2->1;P1/P2->0,four_site_watch2048.json
N3_class_31,441,1,P0/P1->2;P0/P2->1;P1/P2->0,four_site_watch2048.json
N3_class_31,442,1,P0/P1->2;P0/P2->1;P1/P2->0,four_site_watch2048.json
N3_class_31,443,0,P0/P1->2;P0/P2->1;P1/P2->0,four_site_watch2048.json
N3_class_31,444,2,P0/P1->2;P0/P2->1;P1/P2->0,four_site_watch2048.json
N3_class_31,445,1,P0/P1->2;P0/P2->1;P1/P2->0,four_site_watch2048.json
N3_class_31,446,1,P0/P1->2;P0/P2->1;P1/P2->0,four_site_watch2048.json
N3_class_31,447,1,P0/P1->2;P0/P2->1;P1/P2->0,four_site_watch2048.json
N3_class_31,448,2,P0/P1->2;P0/P2->1;P1/P2->0,four_site_watch2048.json
N3_class_31,449,1,P0/P1->2;P0/P2->1;P1/P2->0,four_site_watch2048.json
N3_class_31,450,2,P0/P1->2;P0/P2->1;P1/P2->0,four_site_watch2048.json
N3_class_31,451,1,P0/P1->2;P0/P2->1;P1/P2->0,four_site_watch2048.json
N3_class_31,452,1,P0/P1->2;P0/P2->1;P1/P2->0,four_site_watch2048.json
N3_class_31,453,2,P0/P1->2;P0/P2->1;P1/P2->0,four_site_watch2048.json
N3_class_31,454,1,P0/P1->2;P0/P2->1;P1/P2->0,four_site_watch2048.json
N3_class_31,455,1,P0/P1->2;P0/P2->1;P1/P2->0,four_site_watch2048.json
N3_class_31,456,2,P0/P1->2;P0/P2->1;P1/P2->0,four_site_watch2048.json
N3_class_31,457,0,P0/P1->2;P0/P2->1;P1/P2->0,four_site_watch2048.json
N3_class_31,458,2,P0/P1->2;P0/P2->1;P1/P2->0,four_site_watch2048.json
N3_class_31,459,2,P0/P1->2;P0/P2->1;P1/P2->0,four_site_watch2048.json
N3_class_31,460,2,P0/P1->2;P0/P2->1;P1/P2->0,four_site_watch2048.json
N3_class_31,461,1,P0/P1->2;P0/P2->1;P1/P2->0,four_site_watch2048.json
N3_class_31,462,0,P0/P1->2;P0/P2->1;P1/P2->0,four_site_watch2048.json
N3_class_31,463,1,P0/P1->2;P0/P2->1;P1/P2->0,four_site_watch2048.json
N3_class_31,464,2,P0/P1->2;P0/P2->1;P1/P2->0,four_site_watch2048.json
N3_class_31,465,1,P0/P1->2;P0/P2->1;P1/P2->0,four_site_watch2048.json
N3_class_31,466,2,P0/P1->2;P0/P2->1;P1/P2->0,four_site_watch2048.json
N3_class_31,467,0,P0/P1->2;P0/P2->1;P1/P2->0,four_site_watch2048.json
N3_class_31,468,2,P0/P1->2;P0/P2->1;P1/P2->0,four_site_watch2048.json
N3_class_31,469,0,P0/P1->2;P0/P2->1;P1/P2->0,four_site_watch2048.json
N3_class_31,470,0,P0/P1->2;P0/P2->1;P1/P2->0,four_site_watch2048.json
N3_class_31,471,2,P0/P1->2;P0/P2->1;P1/P2->0,four_site_watch2048.json
N3_class_31,472,2,P0/P1->2;P0/P2->1;P1/P2->0,four_site_watch2048.json
N3_class_31,473,0,P0/P1->2;P0/P2->1;P1/P2->0,four_site_watch2048.json
N3_class_31,474,0,P0/P1->2;P0/P2->1;P1/P2->0,four_site_watch2048.json
N3_class_31,475,1,P0/P1->2;P0/P2->1;P1/P2->0,four_site_watch2048.json
N3_class_31,476,2,P0/P1->2;P0/P2->1;P1/P2->0,four_site_watch2048.json
N3_class_31,477,2,P0/P1->2;P0/P2->1;P1/P2->0,four_site_watch2048.json
N3_class_31,478,1,P0/P1->2;P0/P2->1;P1/P2->0,four_site_watch2048.json
N3_class_31,479,0,P0/P1->2;P0/P2->1;P1/P2->0,four_site_watch2048.json
N3_class_31,480,1,P0/P1->2;P0/P2->1;P1/P2->0,four_site_watch2048.json
N3_class_31,481,1,P0/P1->2;P0/P2->1;P1/P2->0,four_site_watch2048.json
N3_class_31,482,0,P0/P1->2;P0/P2->1;P1/P2->0,four_site_watch2048.json
N3_class_31,483,2,P0/P1->2;P0/P2->1;P1/P2->0,four_site_watch2048.json
N3_class_31,484,0,P0/P1->2;P0/P2->1;P1/P2->0,four_site_watch2048.json
N3_class_31,485,2,P0/P1->2;P0/P2->1;P1/P2->0,four_site_watch2048.json
N3_class_31,486,1,P0/P1->2;P0/P2->1;P1/P2->0,four_site_watch2048.json
N3_class_31,487,2,P0/P1->2;P0/P2->1;P1/P2->0,four_site_watch2048.json
N3_class_31,488,2,P0/P1->2;P0/P2->1;P1/P2->0,four_site_watch2048.json
N3_class_31,489,2,P0/P1->2;P0/P2->1;P1/P2->0,four_site_watch2048.json
N3_class_31,490,2,P0/P1->2;P0/P2->1;P1/P2->0,four_site_watch2048.json
N3_class_31,491,1,P0/P1->2;P0/P2->1;P1/P2->0,four_site_watch2048.json
N3_class_31,492,2,P0/P1->2;P0/P2->1;P1/P2->0,four_site_watch2048.json
N3_class_31,493,2,P0/P1->2;P0/P2->1;P1/P2->0,four_site_watch2048.json
N3_class_31,494,2,P0/P1->2;P0/P2->1;P1/P2->0,four_site_watch2048.json
N3_class_31,495,2,P0/P1->2;P0/P2->1;P1/P2->0,four_site_watch2048.json
N3_class_31,496,2,P0/P1->2;P0/P2->1;P1/P2->0,four_site_watch2048.json
N3_class_31,497,2,P0/P1->2;P0/P2->1;P1/P2->0,four_site_watch2048.json
N3_class_31,498,2,P0/P1->2;P0/P2->1;P1/P2->0,four_site_watch2048.json
N3_class_31,499,1,P0/P1->2;P0/P2->1;P1/P2->0,four_site_watch2048.json
N3_class_31,500,0,P0/P1->2;P0/P2->1;P1/P2->0,four_site_watch2048.json
N3_class_31,501,1,P0/P1->2;P0/P2->1;P1/P2->0,four_site_watch2048.json
N3_class_31,502,1,P0/P1->2;P0/P2->1;P1/P2->0,four_site_watch2048.json
N3_class_31,503,0,P0/P1->2;P0/P2->1;P1/P2->0,four_site_watch2048.json
N3_class_31,504,2,P0/P1->2;P0/P2->1;P1/P2->0,four_site_watch2048.json
N3_class_31,505,1,P0/P1->2;P0/P2->1;P1/P2->0,four_site_watch2048.json
N3_class_31,506,1,P0/P1->2;P0/P2->1;P1/P2->0,four_site_watch2048.json
N3_class_31,507,1,P0/P1->2;P0/P2->1;P1/P2->0,four_site_watch2048.json
N3_class_31,508,0,P0/P1->2;P0/P2->1;P1/P2->0,four_site_watch2048.json
N3_class_31,509,1,P0/P1->2;P0/P2->1;P1/P2->0,four_site_watch2048.json
N3_class_31,510,2,P0/P1->2;P0/P2->1;P1/P2->0,four_site_watch2048.json
N3_class_31,511,2,P0/P1->2;P0/P2->1;P1/P2->0,four_site_watch2048.json
N3_class_31,512,2,P0/P1->2;P0/P2->1;P1/P2->0,four_site_watch2048.json
N3_class_31,513,0,P0/P1->2;P0/P2->1;P1/P2->0,four_site_watch2048.json
N3_class_31,514,2,P0/P1->2;P0/P2->1;P1/P2->0,four_site_watch2048.json
N3_class_31,515,1,P0/P1->2;P0/P2->1;P1/P2->0,four_site_watch2048.json
N3_class_31,516,2,P0/P1->2;P0/P2->1;P1/P2->0,four_site_watch2048.json
N3_class_31,517,1,P0/P1->2;P0/P2->1;P1/P2->0,four_site_watch2048.json
N3_class_31,518,2,P0/P1->2;P0/P2->1;P1/P2->0,four_site_watch2048.json
N3_class_31,519,2,P0/P1->2;P0/P2->1;P1/P2->0,four_site_watch2048.json
N3_class_31,520,1,P0/P1->2;P0/P2->1;P1/P2->0,four_site_watch2048.json
N3_class_31,521,2,P0/P1->2;P0/P2->1;P1/P2->0,four_site_watch2048.json
N3_class_31,522,2,P0/P1->2;P0/P2->1;P1/P2->0,four_site_watch2048.json
N3_class_31,523,0,P0/P1->2;P0/P2->1;P1/P2->0,four_site_watch2048.json
N3_class_31,524,0,P0/P1->2;P0/P2->1;P1/P2->0,four_site_watch2048.json
N3_class_31,525,2,P0/P1->2;P0/P2->1;P1/P2->0,four_site_watch2048.json
N3_class_31,526,2,P0/P1->2;P0/P2->1;P1/P2->0,four_site_watch2048.json
N3_class_31,527,2,P0/P1->2;P0/P2->1;P1/P2->0,four_site_watch2048.json
N3_class_31,528,0,P0/P1->2;P0/P2->1;P1/P2->0,four_site_watch2048.json
N3_class_31,529,2,P0/P1->2;P0/P2->1;P1/P2->0,four_site_watch2048.json
N3_class_31,530,0,P0/P1->2;P0/P2->1;P1/P2->0,four_site_watch2048.json
N3_class_31,531,2,P0/P1->2;P0/P2->1;P1/P2->0,four_site_watch2048.json
N3_class_31,532,0,P0/P1->2;P0/P2->1;P1/P2->0,four_site_watch2048.json
N3_class_31,533,2,P0/P1->2;P0/P2->1;P1/P2->0,four_site_watch2048.json
N3_class_31,534,0,P0/P1->2;P0/P2->1;P1/P2->0,four_site_watch2048.json
N3_class_31,535,2,P0/P1->2;P0/P2->1;P1/P2->0,four_site_watch2048.json
N3_class_31,536,2,P0/P1->2;P0/P2->1;P1/P2->0,four_site_watch2048.json
N3_class_31,537,1,P0/P1->2;P0/P2->1;P1/P2->0,four_site_watch2048.json
N3_class_31,538,0,P0/P1->2;P0/P2->1;P1/P2->0,four_site_watch2048.json
N3_class_31,539,2,P0/P1->2;P0/P2->1;P1/P2->0,four_site_watch2048.json
N3_class_31,540,0,P0/P1->2;P0/P2->1;P1/P2->0,four_site_watch2048.json
N3_class_31,541,1,P0/P1->2;P0/P2->1;P1/P2->0,four_site_watch2048.json
N3_class_31,542,0,P0/P1->2;P0/P2->1;P1/P2->0,four_site_watch2048.json
N3_class_31,543,0,P0/P1->2;P0/P2->1;P1/P2->0,four_site_watch2048.json
N3_class_31,544,2,P0/P1->2;P0/P2->1;P1/P2->0,four_site_watch2048.json
N3_class_31,545,2,P0/P1->2;P0/P2->1;P1/P2->0,four_site_watch2048.json
N3_class_31,546,0,P0/P1->2;P0/P2->1;P1/P2->0,four_site_watch2048.json
N3_class_31,547,1,P0/P1->2;P0/P2->1;P1/P2->0,four_site_watch2048.json
N3_class_31,548,2,P0/P1->2;P0/P2->1;P1/P2->0,four_site_watch2048.json
N3_class_31,549,2,P0/P1->2;P0/P2->1;P1/P2->0,four_site_watch2048.json
N3_class_31,550,1,P0/P1->2;P0/P2->1;P1/P2->0,four_site_watch2048.json
N3_class_31,551,0,P0/P1->2;P0/P2->1;P1/P2->0,four_site_watch2048.json
N3_class_31,552,2,P0/P1->2;P0/P2->1;P1/P2->0,four_site_watch2048.json
N3_class_31,553,0,P0/P1->2;P0/P2->1;P1/P2->0,four_site_watch2048.json
N3_class_31,554,1,P0/P1->2;P0/P2->1;P1/P2->0,four_site_watch2048.json
N3_class_31,555,1,P0/P1->2;P0/P2->1;P1/P2->0,four_site_watch2048.json
N3_class_31,556,2,P0/P1->2;P0/P2->1;P1/P2->0,four_site_watch2048.json
N3_class_31,557,0,P0/P1->2;P0/P2->1;P1/P2->0,four_site_watch2048.json
N3_class_31,558,0,P0/P1->2;P0/P2->1;P1/P2->0,four_site_watch2048.json
N3_class_31,559,2,P0/P1->2;P0/P2->1;P1/P2->0,four_site_watch2048.json
N3_class_31,560,0,P0/P1->2;P0/P2->1;P1/P2->0,four_site_watch2048.json
N3_class_31,561,0,P0/P1->2;P0/P2->1;P1/P2->0,four_site_watch2048.json
N3_class_31,562,1,P0/P1->2;P0/P2->1;P1/P2->0,four_site_watch2048.json
N3_class_31,563,2,P0/P1->2;P0/P2->1;P1/P2->0,four_site_watch2048.json
N3_class_31,564,0,P0/P1->2;P0/P2->1;P1/P2->0,four_site_watch2048.json
N3_class_31,565,2,P0/P1->2;P0/P2->1;P1/P2->0,four_site_watch2048.json
N3_class_31,566,2,P0/P1->2;P0/P2->1;P1/P2->0,four_site_watch2048.json
N3_class_31,567,1,P0/P1->2;P0/P2->1;P1/P2->0,four_site_watch2048.json
N3_class_31,568,1,P0/P1->2;P0/P2->1;P1/P2->0,four_site_watch2048.json
N3_class_31,569,2,P0/P1->2;P0/P2->1;P1/P2->0,four_site_watch2048.json
N3_class_31,570,0,P0/P1->2;P0/P2->1;P1/P2->0,four_site_watch2048.json
N3_class_31,571,1,P0/P1->2;P0/P2->1;P1/P2->0,four_site_watch2048.json
N3_class_31,572,2,P0/P1->2;P0/P2->1;P1/P2->0,four_site_watch2048.json
N3_class_31,573,0,P0/P1->2;P0/P2->1;P1/P2->0,four_site_watch2048.json
N3_class_31,574,0,P0/P1->2;P0/P2->1;P1/P2->0,four_site_watch2048.json
N3_class_31,575,2,P0/P1->2;P0/P2->1;P1/P2->0,four_site_watch2048.json
N3_class_31,576,0,P0/P1->2;P0/P2->1;P1/P2->0,four_site_watch2048.json
N3_class_31,577,1,P0/P1->2;P0/P2->1;P1/P2->0,four_site_watch2048.json
N3_class_31,578,2,P0/P1->2;P0/P2->1;P1/P2->0,four_site_watch2048.json
N3_class_31,579,1,P0/P1->2;P0/P2->1;P1/P2->0,four_site_watch2048.json
N3_class_31,580,0,P0/P1->2;P0/P2->1;P1/P2->0,four_site_watch2048.json
N3_class_31,581,0,P0/P1->2;P0/P2->1;P1/P2->0,four_site_watch2048.json
N3_class_31,582,2,P0/P1->2;P0/P2->1;P1/P2->0,four_site_watch2048.json
N3_class_31,583,0,P0/P1->2;P0/P2->1;P1/P2->0,four_site_watch2048.json
N3_class_31,584,1,P0/P1->2;P0/P2->1;P1/P2->0,four_site_watch2048.json
N3_class_31,585,1,P0/P1->2;P0/P2->1;P1/P2->0,four_site_watch2048.json
N3_class_31,586,0,P0/P1->2;P0/P2->1;P1/P2->0,four_site_watch2048.json
N3_class_31,587,2,P0/P1->2;P0/P2->1;P1/P2->0,four_site_watch2048.json
N3_class_31,588,1,P0/P1->2;P0/P2->1;P1/P2->0,four_site_watch2048.json
N3_class_31,589,2,P0/P1->2;P0/P2->1;P1/P2->0,four_site_watch2048.json
N3_class_31,590,1,P0/P1->2;P0/P2->1;P1/P2->0,four_site_watch2048.json
N3_class_31,591,0,P0/P1->2;P0/P2->1;P1/P2->0,four_site_watch2048.json
N3_class_31,592,0,P0/P1->2;P0/P2->1;P1/P2->0,four_site_watch2048.json
N3_class_31,593,1,P0/P1->2;P0/P2->1;P1/P2->0,four_site_watch2048.json
N3_class_31,594,1,P0/P1->2;P0/P2->1;P1/P2->0,four_site_watch2048.json
N3_class_31,595,2,P0/P1->2;P0/P2->1;P1/P2->0,four_site_watch2048.json
N3_class_31,596,2,P0/P1->2;P0/P2->1;P1/P2->0,four_site_watch2048.json
N3_class_31,597,2,P0/P1->2;P0/P2->1;P1/P2->0,four_site_watch2048.json
N3_class_31,598,0,P0/P1->2;P0/P2->1;P1/P2->0,four_site_watch2048.json
N3_class_31,599,0,P0/P1->2;P0/P2->1;P1/P2->0,four_site_watch2048.json
N3_class_31,600,1,P0/P1->2;P0/P2->1;P1/P2->0,four_site_watch2048.json
N3_class_31,601,2,P0/P1->2;P0/P2->1;P1/P2->0,four_site_watch2048.json
N3_class_31,602,0,P0/P1->2;P0/P2->1;P1/P2->0,four_site_watch2048.json
N3_class_31,603,0,P0/P1->2;P0/P2->1;P1/P2->0,four_site_watch2048.json
N3_class_31,604,0,P0/P1->2;P0/P2->1;P1/P2->0,four_site_watch2048.json
N3_class_31,605,2,P0/P1->2;P0/P2->1;P1/P2->0,four_site_watch2048.json
N3_class_31,606,2,P0/P1->2;P0/P2->1;P1/P2->0,four_site_watch2048.json
N3_class_31,607,0,P0/P1->2;P0/P2->1;P1/P2->0,four_site_watch2048.json
N3_class_31,608,0,P0/P1->2;P0/P2->1;P1/P2->0,four_site_watch2048.json
N3_class_31,609,1,P0/P1->2;P0/P2->1;P1/P2->0,four_site_watch2048.json
N3_class_31,610,2,P0/P1->2;P0/P2->1;P1/P2->0,four_site_watch2048.json
N3_class_31,611,2,P0/P1->2;P0/P2->1;P1/P2->0,four_site_watch2048.json
N3_class_31,612,1,P0/P1->2;P0/P2->1;P1/P2->0,four_site_watch2048.json
N3_class_31,613,0,P0/P1->2;P0/P2->1;P1/P2->0,four_site_watch2048.json
N3_class_31,614,0,P0/P1->2;P0/P2->1;P1/P2->0,four_site_watch2048.json
N3_class_31,615,1,P0/P1->2;P0/P2->1;P1/P2->0,four_site_watch2048.json
N3_class_31,616,1,P0/P1->2;P0/P2->1;P1/P2->0,four_site_watch2048.json
N3_class_31,617,1,P0/P1->2;P0/P2->1;P1/P2->0,four_site_watch2048.json
N3_class_31,618,1,P0/P1->2;P0/P2->1;P1/P2->0,four_site_watch2048.json
N3_class_31,619,2,P0/P1->2;P0/P2->1;P1/P2->0,four_site_watch2048.json
N3_class_31,620,0,P0/P1->2;P0/P2->1;P1/P2->0,four_site_watch2048.json
N3_class_31,621,0,P0/P1->2;P0/P2->1;P1/P2->0,four_site_watch2048.json
N3_class_31,622,1,P0/P1->2;P0/P2->1;P1/P2->0,four_site_watch2048.json
N3_class_31,623,0,P0/P1->2;P0/P2->1;P1/P2->0,four_site_watch2048.json
N3_class_31,624,0,P0/P1->2;P0/P2->1;P1/P2->0,four_site_watch2048.json
N3_class_31,625,1,P0/P1->2;P0/P2->1;P1/P2->0,four_site_watch2048.json
N3_class_31,626,0,P0/P1->2;P0/P2->1;P1/P2->0,four_site_watch2048.json
N3_class_31,627,2,P0/P1->2;P0/P2->1;P1/P2->0,four_site_watch2048.json
N3_class_31,628,1,P0/P1->2;P0/P2->1;P1/P2->0,four_site_watch2048.json
N3_class_31,629,2,P0/P1->2;P0/P2->1;P1/P2->0,four_site_watch2048.json
N3_class_31,630,0,P0/P1->2;P0/P2->1;P1/P2->0,four_site_watch2048.json
N3_class_31,631,0,P0/P1->2;P0/P2->1;P1/P2->0,four_site_watch2048.json
N3_class_31,632,0,P0/P1->2;P0/P2->1;P1/P2->0,four_site_watch2048.json
N3_class_31,633,0,P0/P1->2;P0/P2->1;P1/P2->0,four_site_watch2048.json
N3_class_31,634,2,P0/P1->2;P0/P2->1;P1/P2->0,four_site_watch2048.json
N3_class_31,635,1,P0/P1->2;P0/P2->1;P1/P2->0,four_site_watch2048.json
N3_class_31,636,0,P0/P1->2;P0/P2->1;P1/P2->0,four_site_watch2048.json
N3_class_31,637,1,P0/P1->2;P0/P2->1;P1/P2->0,four_site_watch2048.json
N3_class_31,638,2,P0/P1->2;P0/P2->1;P1/P2->0,four_site_watch2048.json
N3_class_31,639,0,P0/P1->2;P0/P2->1;P1/P2->0,four_site_watch2048.json
N3_class_31,640,2,P0/P1->2;P0/P2->1;P1/P2->0,four_site_watch2048.json
N3_class_31,641,1,P0/P1->2;P0/P2->1;P1/P2->0,four_site_watch2048.json
N3_class_31,642,2,P0/P1->2;P0/P2->1;P1/P2->0,four_site_watch2048.json
N3_class_31,643,1,P0/P1->2;P0/P2->1;P1/P2->0,four_site_watch2048.json
N3_class_31,644,0,P0/P1->2;P0/P2->1;P1/P2->0,four_site_watch2048.json
N3_class_31,645,0,P0/P1->2;P0/P2->1;P1/P2->0,four_site_watch2048.json
N3_class_31,646,0,P0/P1->2;P0/P2->1;P1/P2->0,four_site_watch2048.json
N3_class_31,647,1,P0/P1->2;P0/P2->1;P1/P2->0,four_site_watch2048.json
N3_class_31,648,0,P0/P1->2;P0/P2->1;P1/P2->0,four_site_watch2048.json
N3_class_31,649,2,P0/P1->2;P0/P2->1;P1/P2->0,four_site_watch2048.json
N3_class_31,650,2,P0/P1->2;P0/P2->1;P1/P2->0,four_site_watch2048.json
N3_class_31,651,0,P0/P1->2;P0/P2->1;P1/P2->0,four_site_watch2048.json
N3_class_31,652,1,P0/P1->2;P0/P2->1;P1/P2->0,four_site_watch2048.json
N3_class_31,653,2,P0/P1->2;P0/P2->1;P1/P2->0,four_site_watch2048.json
N3_class_31,654,0,P0/P1->2;P0/P2->1;P1/P2->0,four_site_watch2048.json
N3_class_31,655,0,P0/P1->2;P0/P2->1;P1/P2->0,four_site_watch2048.json
N3_class_31,656,1,P0/P1->2;P0/P2->1;P1/P2->0,four_site_watch2048.json
N3_class_31,657,1,P0/P1->2;P0/P2->1;P1/P2->0,four_site_watch2048.json
N3_class_31,658,2,P0/P1->2;P0/P2->1;P1/P2->0,four_site_watch2048.json
N3_class_31,659,0,P0/P1->2;P0/P2->1;P1/P2->0,four_site_watch2048.json
N3_class_31,660,0,P0/P1->2;P0/P2->1;P1/P2->0,four_site_watch2048.json
N3_class_31,661,0,P0/P1->2;P0/P2->1;P1/P2->0,four_site_watch2048.json
N3_class_31,662,0,P0/P1->2;P0/P2->1;P1/P2->0,four_site_watch2048.json
N3_class_31,663,2,P0/P1->2;P0/P2->1;P1/P2->0,four_site_watch2048.json
N3_class_31,664,1,P0/P1->2;P0/P2->1;P1/P2->0,four_site_watch2048.json
N3_class_31,665,1,P0/P1->2;P0/P2->1;P1/P2->0,four_site_watch2048.json
N3_class_31,666,2,P0/P1->2;P0/P2->1;P1/P2->0,four_site_watch2048.json
N3_class_31,667,1,P0/P1->2;P0/P2->1;P1/P2->0,four_site_watch2048.json
N3_class_31,668,2,P0/P1->2;P0/P2->1;P1/P2->0,four_site_watch2048.json
N3_class_31,669,1,P0/P1->2;P0/P2->1;P1/P2->0,four_site_watch2048.json
N3_class_31,670,1,P0/P1->2;P0/P2->1;P1/P2->0,four_site_watch2048.json
N3_class_31,671,0,P0/P1->2;P0/P2->1;P1/P2->0,four_site_watch2048.json
N3_class_31,672,0,P0/P1->2;P0/P2->1;P1/P2->0,four_site_watch2048.json
N3_class_31,673,1,P0/P1->2;P0/P2->1;P1/P2->0,four_site_watch2048.json
N3_class_31,674,1,P0/P1->2;P0/P2->1;P1/P2->0,four_site_watch2048.json
N3_class_31,675,0,P0/P1->2;P0/P2->1;P1/P2->0,four_site_watch2048.json
N3_class_31,676,2,P0/P1->2;P0/P2->1;P1/P2->0,four_site_watch2048.json
N3_class_31,677,0,P0/P1->2;P0/P2->1;P1/P2->0,four_site_watch2048.json
N3_class_31,678,1,P0/P1->2;P0/P2->1;P1/P2->0,four_site_watch2048.json
N3_class_31,679,1,P0/P1->2;P0/P2->1;P1/P2->0,four_site_watch2048.json
N3_class_31,680,0,P0/P1->2;P0/P2->1;P1/P2->0,four_site_watch2048.json
N3_class_31,681,0,P0/P1->2;P0/P2->1;P1/P2->0,four_site_watch2048.json
N3_class_31,682,0,P0/P1->2;P0/P2->1;P1/P2->0,four_site_watch2048.json
N3_class_31,683,1,P0/P1->2;P0/P2->1;P1/P2->0,four_site_watch2048.json
N3_class_31,684,2,P0/P1->2;P0/P2->1;P1/P2->0,four_site_watch2048.json
N3_class_31,685,0,P0/P1->2;P0/P2->1;P1/P2->0,four_site_watch2048.json
N3_class_31,686,0,P0/P1->2;P0/P2->1;P1/P2->0,four_site_watch2048.json
N3_class_31,687,0,P0/P1->2;P0/P2->1;P1/P2->0,four_site_watch2048.json
N3_class_31,688,2,P0/P1->2;P0/P2->1;P1/P2->0,four_site_watch2048.json
N3_class_31,689,1,P0/P1->2;P0/P2->1;P1/P2->0,four_site_watch2048.json
N3_class_31,690,0,P0/P1->2;P0/P2->1;P1/P2->0,four_site_watch2048.json
N3_class_31,691,2,P0/P1->2;P0/P2->1;P1/P2->0,four_site_watch2048.json
N3_class_31,692,0,P0/P1->2;P0/P2->1;P1/P2->0,four_site_watch2048.json
N3_class_31,693,2,P0/P1->2;P0/P2->1;P1/P2->0,four_site_watch2048.json
N3_class_31,694,0,P0/P1->2;P0/P2->1;P1/P2->0,four_site_watch2048.json
N3_class_31,695,1,P0/P1->2;P0/P2->1;P1/P2->0,four_site_watch2048.json
N3_class_31,696,1,P0/P1->2;P0/P2->1;P1/P2->0,four_site_watch2048.json
N3_class_31,697,0,P0/P1->2;P0/P2->1;P1/P2->0,four_site_watch2048.json
N3_class_31,698,1,P0/P1->2;P0/P2->1;P1/P2->0,four_site_watch2048.json
N3_class_31,699,2,P0/P1->2;P0/P2->1;P1/P2->0,four_site_watch2048.json
N3_class_31,700,2,P0/P1->2;P0/P2->1;P1/P2->0,four_site_watch2048.json
N3_class_31,701,0,P0/P1->2;P0/P2->1;P1/P2->0,four_site_watch2048.json
N3_class_31,702,2,P0/P1->2;P0/P2->1;P1/P2->0,four_site_watch2048.json
N3_class_31,703,1,P0/P1->2;P0/P2->1;P1/P2->0,four_site_watch2048.json
N3_class_31,704,2,P0/P1->2;P0/P2->1;P1/P2->0,four_site_watch2048.json
N3_class_31,705,0,P0/P1->2;P0/P2->1;P1/P2->0,four_site_watch2048.json
N3_class_31,706,2,P0/P1->2;P0/P2->1;P1/P2->0,four_site_watch2048.json
N3_class_31,707,1,P0/P1->2;P0/P2->1;P1/P2->0,four_site_watch2048.json
N3_class_31,708,2,P0/P1->2;P0/P2->1;P1/P2->0,four_site_watch2048.json
N3_class_31,709,1,P0/P1->2;P0/P2->1;P1/P2->0,four_site_watch2048.json
N3_class_31,710,0,P0/P1->2;P0/P2->1;P1/P2->0,four_site_watch2048.json
N3_class_31,711,1,P0/P1->2;P0/P2->1;P1/P2->0,four_site_watch2048.json
