bit_index,row_id,keep_mask,output
3,0,3,D0.4
5,0,5,D0.3
7,0,7,D0.3
8,0,8,D0.2
9,0,9,D0.5
10,0,10,D0.2
11,0,11,D0.2
12,0,12,D0.2
13,0,13,D0.2
14,0,14,D0.2
15,0,15,D0.2
17,0,17,D0.5
19,0,19,D0.4
21,0,21,D0.1
23,0,23,D0.1
24,0,24,D0.1
25,0,25,D0.5
26,0,26,D0.1
27,0,27,D0.4
28,0,28,D0.1
29,0,29,D0.1
30,0,30,D0.1
31,0,31,D0.1
35,0,35,D0.4
37,0,37,D0.3
39,0,39,D0.3
40,0,40,D0.0
41,0,41,D0.5
42,0,42,D0.4
43,0,43,D0.4
44,0,44,D0.0
45,0,45,D0.2
46,0,46,D0.2
47,0,47,D0.2
49,0,49,D0.5
51,0,51,D0.4
53,0,53,D0.5
55,0,55,D0.3
56,0,56,D0.0
57,0,57,D0.5
58,0,58,D0.4
59,0,59,D0.4
60,0,60,D0.0
61,0,61,D0.5
62,0,62,D0.0
63,0,63,D0.3
65,1,1,D0.5
67,1,3,D0.4
69,1,5,D0.3
71,1,7,D0.3
72,1,8,D0.2
73,1,9,D0.5
74,1,10,D0.2
75,1,11,D0.2
76,1,12,D0.2
77,1,13,D0.2
78,1,14,D0.2
79,1,15,D0.2
81,1,17,D0.5
83,1,19,D0.4
85,1,21,D0.1
87,1,23,D0.1
88,1,24,D0.1
89,1,25,D0.5
90,1,26,D0.1
91,1,27,D0.4
92,1,28,D0.1
93,1,29,D0.1
94,1,30,D0.1
95,1,31,D0.1
97,1,33,D0.5
99,1,35,D0.4
101,1,37,D0.3
103,1,39,D0.3
104,1,40,D0.0
105,1,41,D0.5
106,1,42,D0.4
107,1,43,D0.4
108,1,44,D0.0
109,1,45,D0.2
110,1,46,D0.2
111,1,47,D0.2
113,1,49,D0.5
115,1,51,D0.4
117,1,53,D0.5
119,1,55,D0.3
120,1,56,D0.0
121,1,57,D0.5
122,1,58,D0.4
123,1,59,D0.4
124,1,60,D0.0
125,1,61,D0.5
126,1,62,D0.0
127,1,63,D0.3
133,2,5,D0.3
135,2,7,D0.3
140,2,12,D0.2
141,2,13,D0.2
142,2,14,D0.2
143,2,15,D0.2
148,2,20,D0.1
149,2,21,D0.5
150,2,22,D0.1
151,2,23,D0.3
156,2,28,D0.1
157,2,29,D0.5
158,2,30,D0.1
159,2,31,D0.1
160,2,32,D0.0
161,2,33,D0.5
162,2,34,D0.4
163,2,35,D0.4
164,2,36,D0.3
165,2,37,D0.3
166,2,38,D0.3
167,2,39,D0.3
168,2,40,D0.0
169,2,41,D0.5
170,2,42,D0.2
171,2,43,D0.2
172,2,44,D0.0
173,2,45,D0.5
174,2,46,D0.2
175,2,47,D0.2
176,2,48,D0.0
177,2,49,D0.5
178,2,50,D0.4
179,2,51,D0.4
180,2,52,D0.0
181,2,53,D0.5
182,2,54,D0.0
183,2,55,D0.3
184,2,56,D0.0
185,2,57,D0.5
186,2,58,D0.0
187,2,59,D0.4
188,2,60,D0.0
189,2,61,D0.5
190,2,62,D0.0
191,2,63,D0.4
196,3,4,D0.3
197,3,5,D0.3
198,3,6,D0.3
199,3,7,D0.3
204,3,12,D0.2
205,3,13,D0.2
206,3,14,D0.2
207,3,15,D0.2
212,3,20,D0.1
213,3,21,D0.3
214,3,22,D0.1
215,3,23,D0.3
220,3,28,D0.1
221,3,29,D0.1
222,3,30,D0.1
223,3,31,D0.1
224,3,32,D0.0
225,3,33,D0.5
226,3,34,D0.4
227,3,35,D0.4
228,3,36,D0.3
229,3,37,D0.3
230,3,38,D0.3
231,3,39,D0.3
232,3,40,D0.0
233,3,41,D0.5
234,3,42,D0.2
235,3,43,D0.2
236,3,44,D0.0
237,3,45,D0.2
238,3,46,D0.2
239,3,47,D0.2
240,3,48,D0.0
241,3,49,D0.5
242,3,50,D0.4
243,3,51,D0.4
244,3,52,D0.0
245,3,53,D0.3
246,3,54,D0.3
247,3,55,D0.3
248,3,56,D0.0
249,3,57,D0.5
250,3,58,D0.4
251,3,59,D0.4
252,3,60,D0.0
253,3,61,D0.5
254,3,62,D0.0
255,3,63,D0.1
258,4,2,D0.4
259,4,3,D0.4
262,4,6,D0.3
263,4,7,D0.3
266,4,10,D0.2
267,4,11,D0.2
270,4,14,D0.2
271,4,15,D0.2
273,4,17,D0.5
274,4,18,D0.4
275,4,19,D0.4
276,4,20,D0.1
277,4,21,D0.3
278,4,22,D0.1
279,4,23,D0.3
281,4,25,D0.5
282,4,26,D0.1
283,4,27,D0.1
284,4,28,D0.1
285,4,29,D0.1
286,4,30,D0.1
287,4,31,D0.1
290,4,34,D0.4
291,4,35,D0.4
294,4,38,D0.3
295,4,39,D0.3
298,4,42,D0.0
299,4,43,D0.2
302,4,46,D0.0
303,4,47,D0.2
304,4,48,D0.0
305,4,49,D0.5
306,4,50,D0.4
307,4,51,D0.4
308,4,52,D0.0
309,4,53,D0.3
310,4,54,D0.3
311,4,55,D0.3
312,4,56,D0.0
313,4,57,D0.5
314,4,58,D0.0
315,4,59,D0.4
316,4,60,D0.0
317,4,61,D0.5
318,4,62,D0.0
319,4,63,D0.5
322,5,2,D0.4
323,5,3,D0.4
326,5,6,D0.3
327,5,7,D0.3
330,5,10,D0.2
331,5,11,D0.2
334,5,14,D0.2
335,5,15,D0.2
336,5,16,D0.1
337,5,17,D0.5
338,5,18,D0.1
339,5,19,D0.4
340,5,20,D0.1
341,5,21,D0.1
342,5,22,D0.1
343,5,23,D0.1
344,5,24,D0.1
345,5,25,D0.5
346,5,26,D0.1
347,5,27,D0.1
348,5,28,D0.1
349,5,29,D0.1
350,5,30,D0.1
351,5,31,D0.1
354,5,34,D0.4
355,5,35,D0.4
358,5,38,D0.3
359,5,39,D0.3
362,5,42,D0.0
363,5,43,D0.2
366,5,46,D0.0
367,5,47,D0.2
368,5,48,D0.0
369,5,49,D0.5
370,5,50,D0.4
371,5,51,D0.4
372,5,52,D0.0
373,5,53,D0.5
374,5,54,D0.0
375,5,55,D0.3
376,5,56,D0.0
377,5,57,D0.5
378,5,58,D0.0
379,5,59,D0.4
380,5,60,D0.0
381,5,61,D0.5
382,5,62,D0.0
383,5,63,D0.5
385,6,1,D1.5
387,6,3,D1.4
389,6,5,D1.3
391,6,7,D1.3
392,6,8,D1.2
393,6,9,D1.5
394,6,10,D1.2
395,6,11,D1.2
396,6,12,D1.2
397,6,13,D1.2
398,6,14,D1.2
399,6,15,D1.2
401,6,17,D1.5
403,6,19,D1.4
405,6,21,D1.1
407,6,23,D1.1
408,6,24,D1.1
409,6,25,D1.5
410,6,26,D1.1
411,6,27,D1.4
412,6,28,D1.1
413,6,29,D1.1
414,6,30,D1.1
415,6,31,D1.1
417,6,33,D1.5
419,6,35,D1.4
421,6,37,D1.3
423,6,39,D1.3
424,6,40,D1.0
425,6,41,D1.5
426,6,42,D1.4
427,6,43,D1.4
428,6,44,D1.0
429,6,45,D1.2
430,6,46,D1.2
431,6,47,D1.2
433,6,49,D1.5
435,6,51,D1.4
437,6,53,D1.5
439,6,55,D1.3
440,6,56,D1.0
441,6,57,D1.5
442,6,58,D1.4
443,6,59,D1.4
444,6,60,D1.0
445,6,61,D1.5
446,6,62,D1.0
447,6,63,D1.3
452,7,4,D1.3
453,7,5,D1.3
454,7,6,D1.3
455,7,7,D1.3
460,7,12,D1.2
461,7,13,D1.2
462,7,14,D1.2
463,7,15,D1.2
468,7,20,D1.1
469,7,21,D1.5
470,7,22,D1.1
471,7,23,D1.3
476,7,28,D1.1
477,7,29,D1.5
478,7,30,D1.1
479,7,31,D1.1
480,7,32,D1.0
481,7,33,D1.5
482,7,34,D1.4
483,7,35,D1.4
484,7,36,D1.3
485,7,37,D1.3
486,7,38,D1.3
487,7,39,D1.3
488,7,40,D1.0
489,7,41,D1.5
490,7,42,D1.2
491,7,43,D1.2
492,7,44,D1.0
493,7,45,D1.5
494,7,46,D1.2
495,7,47,D1.2
496,7,48,D1.0
497,7,49,D1.5
498,7,50,D1.4
499,7,51,D1.4
500,7,52,D1.0
501,7,53,D1.5
502,7,54,D1.0
503,7,55,D1.3
504,7,56,D1.0
505,7,57,D1.5
506,7,58,D1.0
507,7,59,D1.4
508,7,60,D1.0
509,7,61,D1.5
510,7,62,D1.0
511,7,63,D1.4
518,8,6,D1.3
519,8,7,D1.3
524,8,12,D1.2
525,8,13,D1.2
526,8,14,D1.2
527,8,15,D1.2
532,8,20,D1.1
533,8,21,D1.5
534,8,22,D1.1
535,8,23,D1.3
540,8,28,D1.1
541,8,29,D1.5
542,8,30,D1.1
543,8,31,D1.1
544,8,32,D1.0
545,8,33,D1.5
546,8,34,D1.4
547,8,35,D1.4
548,8,36,D1.3
549,8,37,D1.3
550,8,38,D1.3
551,8,39,D1.3
552,8,40,D1.0
553,8,41,D1.5
554,8,42,D1.2
555,8,43,D1.2
556,8,44,D1.0
557,8,45,D1.2
558,8,46,D1.2
559,8,47,D1.2
560,8,48,D1.0
561,8,49,D1.5
562,8,50,D1.4
563,8,51,D1.4
564,8,52,D1.0
565,8,53,D1.5
566,8,54,D1.3
567,8,55,D1.3
568,8,56,D1.0
569,8,57,D1.5
570,8,58,D1.4
571,8,59,D1.4
572,8,60,D1.0
573,8,61,D1.5
574,8,62,D1.0
575,8,63,D1.1
579,9,3,D1.4
581,9,5,D1.3
583,9,7,D1.3
584,9,8,D1.2
585,9,9,D1.5
586,9,10,D1.2
587,9,11,D1.2
588,9,12,D1.2
589,9,13,D1.2
590,9,14,D1.2
591,9,15,D1.2
595,9,19,D1.4
597,9,21,D1.1
599,9,23,D1.1
600,9,24,D1.1
601,9,25,D1.5
602,9,26,D1.1
603,9,27,D1.4
604,9,28,D1.1
605,9,29,D1.1
606,9,30,D1.1
607,9,31,D1.1
609,9,33,D1.5
611,9,35,D1.4
613,9,37,D1.3
615,9,39,D1.3
616,9,40,D1.0
617,9,41,D1.5
618,9,42,D1.4
619,9,43,D1.4
620,9,44,D1.0
621,9,45,D1.2
622,9,46,D1.2
623,9,47,D1.2
625,9,49,D1.5
627,9,51,D1.4
629,9,53,D1.5
631,9,55,D1.3
632,9,56,D1.0
633,9,57,D1.5
634,9,58,D1.4
635,9,59,D1.4
636,9,60,D1.0
637,9,61,D1.5
638,9,62,D1.0
639,9,63,D1.3
642,10,2,D1.4
643,10,3,D1.4
646,10,6,D1.3
647,10,7,D1.3
650,10,10,D1.2
651,10,11,D1.2
654,10,14,D1.2
655,10,15,D1.2
656,10,16,D1.1
657,10,17,D1.5
658,10,18,D1.4
659,10,19,D1.4
660,10,20,D1.1
661,10,21,D1.3
662,10,22,D1.1
663,10,23,D1.3
664,10,24,D1.1
665,10,25,D1.5
666,10,26,D1.1
667,10,27,D1.1
668,10,28,D1.1
669,10,29,D1.1
670,10,30,D1.1
671,10,31,D1.1
674,10,34,D1.4
675,10,35,D1.4
678,10,38,D1.3
679,10,39,D1.3
682,10,42,D1.0
683,10,43,D1.2
686,10,46,D1.0
687,10,47,D1.2
688,10,48,D1.0
689,10,49,D1.5
690,10,50,D1.4
691,10,51,D1.4
692,10,52,D1.0
693,10,53,D1.3
694,10,54,D1.3
695,10,55,D1.3
696,10,56,D1.0
697,10,57,D1.5
698,10,58,D1.0
699,10,59,D1.4
700,10,60,D1.0
701,10,61,D1.5
702,10,62,D1.0
703,10,63,D1.5
706,11,2,D1.4
707,11,3,D1.4
710,11,6,D1.3
711,11,7,D1.3
714,11,10,D1.2
715,11,11,D1.2
718,11,14,D1.2
719,11,15,D1.2
721,11,17,D1.5
722,11,18,D1.1
723,11,19,D1.4
725,11,21,D1.3
726,11,22,D1.1
727,11,23,D1.3
728,11,24,D1.1
729,11,25,D1.5
730,11,26,D1.1
731,11,27,D1.1
732,11,28,D1.1
733,11,29,D1.1
734,11,30,D1.1
735,11,31,D1.1
738,11,34,D1.4
739,11,35,D1.4
742,11,38,D1.3
743,11,39,D1.3
746,11,42,D1.0
747,11,43,D1.2
750,11,46,D1.0
751,11,47,D1.2
752,11,48,D1.0
753,11,49,D1.5
754,11,50,D1.4
755,11,51,D1.4
756,11,52,D1.0
757,11,53,D1.3
758,11,54,D1.0
759,11,55,D1.3
760,11,56,D1.0
761,11,57,D1.5
762,11,58,D1.0
763,11,59,D1.4
764,11,60,D1.0
765,11,61,D1.5
766,11,62,D1.0
767,11,63,D1.5
769,12,1,H.5
771,12,3,H.4
773,12,5,H.3
774,12,6,H.3
775,12,7,H.3
777,12,9,H.2
779,12,11,H.2
780,12,12,H.2
781,12,13,H.2
782,12,14,H.2
783,12,15,H.2
785,12,17,H.5
786,12,18,H.1
787,12,19,H.4
789,12,21,H.1
790,12,22,H.1
791,12,23,H.1
792,12,24,H.1
793,12,25,H.5
794,12,26,H.1
795,12,27,H.1
796,12,28,H.1
797,12,29,H.1
798,12,30,H.1
799,12,31,H.1
800,12,32,H.0
801,12,33,H.5
802,12,34,H.4
803,12,35,H.4
804,12,36,H.3
805,12,37,H.3
806,12,38,H.3
807,12,39,H.3
808,12,40,H.0
809,12,41,H.5
810,12,42,H.2
811,12,43,H.2
812,12,44,H.0
813,12,45,H.2
814,12,46,H.2
815,12,47,H.2
816,12,48,H.0
817,12,49,H.5
818,12,50,H.4
819,12,51,H.4
820,12,52,H.0
821,12,53,H.3
822,12,54,H.3
823,12,55,H.3
824,12,56,H.0
825,12,57,H.5
826,12,58,H.4
827,12,59,H.4
828,12,60,H.0
829,12,61,H.5
830,12,62,H.0
831,12,63,H.0
833,13,1,H.5
835,13,3,H.4
836,13,4,H.3
837,13,5,H.3
838,13,6,H.3
839,13,7,H.3
840,13,8,H.2
841,13,9,H.2
842,13,10,H.2
843,13,11,H.2
844,13,12,H.2
845,13,13,H.2
846,13,14,H.2
847,13,15,H.2
849,13,17,H.5
851,13,19,H.4
852,13,20,H.1
853,13,21,H.1
854,13,22,H.1
855,13,23,H.1
856,13,24,H.1
857,13,25,H.5
858,13,26,H.1
859,13,27,H.1
860,13,28,H.1
861,13,29,H.1
862,13,30,H.1
863,13,31,H.1
864,13,32,H.0
865,13,33,H.5
866,13,34,H.4
867,13,35,H.4
868,13,36,H.3
869,13,37,H.3
870,13,38,H.3
871,13,39,H.3
872,13,40,H.0
873,13,41,H.5
874,13,42,H.4
875,13,43,H.4
876,13,44,H.0
877,13,45,H.2
878,13,46,H.2
879,13,47,H.2
880,13,48,H.0
881,13,49,H.5
882,13,50,H.4
883,13,51,H.4
884,13,52,H.0
885,13,53,H.3
886,13,54,H.3
887,13,55,H.3
888,13,56,H.0
889,13,57,H.5
890,13,58,H.4
891,13,59,H.4
892,13,60,H.0
893,13,61,H.5
894,13,62,H.0
895,13,63,H.0
897,14,1,H.5
898,14,2,H.4
899,14,3,H.4
900,14,4,H.3
901,14,5,H.3
902,14,6,H.3
903,14,7,H.3
904,14,8,H.2
905,14,9,H.5
906,14,10,H.2
907,14,11,H.2
908,14,12,H.2
909,14,13,H.2
910,14,14,H.2
911,14,15,H.2
913,14,17,H.5
914,14,18,H.1
915,14,19,H.4
916,14,20,H.1
917,14,21,H.1
918,14,22,H.1
919,14,23,H.1
920,14,24,H.1
921,14,25,H.5
922,14,26,H.1
923,14,27,H.1
924,14,28,H.1
925,14,29,H.1
926,14,30,H.1
927,14,31,H.1
929,14,33,H.5
930,14,34,H.4
931,14,35,H.4
932,14,36,H.0
933,14,37,H.3
934,14,38,H.3
935,14,39,H.3
936,14,40,H.0
937,14,41,H.5
938,14,42,H.4
939,14,43,H.4
940,14,44,H.0
941,14,45,H.5
942,14,46,H.0
943,14,47,H.2
944,14,48,H.0
945,14,49,H.5
946,14,50,H.4
947,14,51,H.4
948,14,52,H.0
949,14,53,H.5
950,14,54,H.0
951,14,55,H.3
952,14,56,H.0
953,14,57,H.5
954,14,58,H.4
955,14,59,H.4
956,14,60,H.0
957,14,61,H.5
958,14,62,H.0
959,14,63,H.0
961,15,1,H.5
962,15,2,H.4
963,15,3,H.4
964,15,4,H.3
965,15,5,H.3
966,15,6,H.3
967,15,7,H.3
968,15,8,H.2
969,15,9,H.5
970,15,10,H.2
971,15,11,H.2
972,15,12,H.2
973,15,13,H.2
974,15,14,H.2
975,15,15,H.2
977,15,17,H.5
978,15,18,H.4
979,15,19,H.4
980,15,20,H.1
981,15,21,H.1
982,15,22,H.1
983,15,23,H.1
984,15,24,H.1
985,15,25,H.5
986,15,26,H.1
987,15,27,H.1
988,15,28,H.1
989,15,29,H.1
990,15,30,H.1
991,15,31,H.1
993,15,33,H.5
994,15,34,H.4
995,15,35,H.4
996,15,36,H.0
997,15,37,H.3
998,15,38,H.3
999,15,39,H.3
1000,15,40,H.0
1001,15,41,H.5
1002,15,42,H.4
1003,15,43,H.4
1004,15,44,H.0
1005,15,45,H.5
1006,15,46,H.0
1007,15,47,H.2
1008,15,48,H.0
1009,15,49,H.5
1010,15,50,H.4
1011,15,51,H.4
1012,15,52,H.0
1013,15,53,H.5
1014,15,54,H.3
1015,15,55,H.3
1016,15,56,H.0
1017,15,57,H.5
1018,15,58,H.4
1019,15,59,H.4
1020,15,60,H.0
1021,15,61,H.5
1022,15,62,H.0
1023,15,63,H.0
1025,16,1,H.5
1026,16,2,H.4
1027,16,3,H.4
1028,16,4,H.3
1029,16,5,H.3
1030,16,6,H.3
1031,16,7,H.3
1032,16,8,H.2
1033,16,9,H.2
1034,16,10,H.2
1035,16,11,H.2
1036,16,12,H.2
1037,16,13,H.2
1038,16,14,H.2
1039,16,15,H.2
1041,16,17,H.5
1042,16,18,H.4
1043,16,19,H.4
1044,16,20,H.1
1045,16,21,H.1
1046,16,22,H.1
1047,16,23,H.1
1048,16,24,H.1
1049,16,25,H.5
1050,16,26,H.1
1051,16,27,H.1
1052,16,28,H.1
1053,16,29,H.1
1054,16,30,H.1
1055,16,31,H.1
1057,16,33,H.5
1058,16,34,H.4
1059,16,35,H.4
1060,16,36,H.0
1061,16,37,H.3
1062,16,38,H.3
1063,16,39,H.3
1064,16,40,H.0
1065,16,41,H.5
1066,16,42,H.4
1067,16,43,H.4
1068,16,44,H.0
1069,16,45,H.2
1070,16,46,H.0
1071,16,47,H.2
1072,16,48,H.0
1073,16,49,H.5
1074,16,50,H.4
1075,16,51,H.4
1076,16,52,H.0
1077,16,53,H.3
1078,16,54,H.0
1079,16,55,H.3
1080,16,56,H.0
1081,16,57,H.5
1082,16,58,H.4
1083,16,59,H.4
1084,16,60,H.0
1085,16,61,H.5
1086,16,62,H.0
1087,16,63,H.0
1089,17,1,H.5
1090,17,2,H.4
1091,17,3,H.4
1092,17,4,H.3
1093,17,5,H.3
1094,17,6,H.3
1095,17,7,H.3
1096,17,8,H.2
1097,17,9,H.2
1098,17,10,H.2
1099,17,11,H.2
1100,17,12,H.2
1101,17,13,H.2
1102,17,14,H.2
1103,17,15,H.2
1105,17,17,H.5
1106,17,18,H.4
1107,17,19,H.4
1108,17,20,H.1
1109,17,21,H.1
1110,17,22,H.1
1111,17,23,H.1
1112,17,24,H.1
1113,17,25,H.5
1114,17,26,H.1
1115,17,27,H.1
1116,17,28,H.1
1117,17,29,H.1
1118,17,30,H.1
1119,17,31,H.1
1121,17,33,H.5
1122,17,34,H.4
1123,17,35,H.4
1124,17,36,H.0
1125,17,37,H.3
1126,17,38,H.3
1127,17,39,H.3
1128,17,40,H.0
1129,17,41,H.5
1130,17,42,H.4
1131,17,43,H.4
1132,17,44,H.0
1133,17,45,H.2
1134,17,46,H.0
1135,17,47,H.2
1136,17,48,H.0
1137,17,49,H.5
1138,17,50,H.4
1139,17,51,H.4
1140,17,52,H.0
1141,17,53,H.3
1142,17,54,H.3
1143,17,55,H.3
1144,17,56,H.0
1145,17,57,H.5
1146,17,58,H.4
1147,17,59,H.4
1148,17,60,H.0
1149,17,61,H.5
1150,17,62,H.0
1151,17,63,H.0
1153,18,1,H.5
1155,18,3,H.4
1157,18,5,H.3
1158,18,6,H.3
1159,18,7,H.3
1161,18,9,H.2
1163,18,11,H.2
1164,18,12,H.2
1165,18,13,H.2
1166,18,14,H.2
1167,18,15,H.2
1169,18,17,H.5
1170,18,18,H.1
1171,18,19,H.4
1174,18,22,H.1
1175,18,23,H.1
1176,18,24,H.1
1177,18,25,H.5
1178,18,26,H.1
1179,18,27,H.1
1180,18,28,H.1
1181,18,29,H.1
1182,18,30,H.1
1183,18,31,H.1
1184,18,32,H.0
1185,18,33,H.5
1186,18,34,H.4
1187,18,35,H.4
1188,18,36,H.3
1189,18,37,H.3
1190,18,38,H.3
1191,18,39,H.3
1192,18,40,H.0
1193,18,41,H.5
1194,18,42,H.2
1195,18,43,H.2
1196,18,44,H.0
1197,18,45,H.2
1198,18,46,H.2
1199,18,47,H.2
1200,18,48,H.0
1201,18,49,H.5
1202,18,50,H.4
1203,18,51,H.4
1204,18,52,H.0
1205,18,53,H.3
1206,18,54,H.3
1207,18,55,H.3
1208,18,56,H.0
1209,18,57,H.5
1210,18,58,H.4
1211,18,59,H.4
1212,18,60,H.0
1213,18,61,H.5
1214,18,62,H.0
1215,18,63,H.1
1217,19,1,H.5
1219,19,3,H.4
1220,19,4,H.3
1221,19,5,H.3
1222,19,6,H.3
1223,19,7,H.3
1224,19,8,H.2
1225,19,9,H.5
1226,19,10,H.2
1227,19,11,H.2
1228,19,12,H.2
1229,19,13,H.2
1230,19,14,H.2
1231,19,15,H.2
1233,19,17,H.5
1235,19,19,H.4
1236,19,20,H.1
1237,19,21,H.1
1238,19,22,H.1
1239,19,23,H.1
1240,19,24,H.1
1241,19,25,H.5
1242,19,26,H.1
1243,19,27,H.4
1244,19,28,H.1
1245,19,29,H.1
1246,19,30,H.1
1247,19,31,H.1
1248,19,32,H.0
1249,19,33,H.5
1250,19,34,H.4
1251,19,35,H.4
1252,19,36,H.3
1253,19,37,H.3
1254,19,38,H.3
1255,19,39,H.3
1256,19,40,H.0
1257,19,41,H.5
1258,19,42,H.2
1259,19,43,H.2
1260,19,44,H.0
1261,19,45,H.2
1262,19,46,H.2
1263,19,47,H.2
1264,19,48,H.0
1265,19,49,H.5
1266,19,50,H.4
1267,19,51,H.4
1268,19,52,H.0
1269,19,53,H.3
1270,19,54,H.3
1271,19,55,H.3
1272,19,56,H.0
1273,19,57,H.5
1274,19,58,H.4
1275,19,59,H.4
1276,19,60,H.0
1277,19,61,H.5
1278,19,62,H.0
1279,19,63,H.3
1281,20,1,H.5
1282,20,2,H.4
1283,20,3,H.4
1284,20,4,H.3
1285,20,5,H.3
1286,20,6,H.3
1287,20,7,H.3
1288,20,8,H.2
1289,20,9,H.5
1290,20,10,H.2
1291,20,11,H.2
1292,20,12,H.2
1293,20,13,H.2
1294,20,14,H.2
1295,20,15,H.2
1297,20,17,H.5
1298,20,18,H.1
1299,20,19,H.4
1300,20,20,H.1
1301,20,21,H.1
1302,20,22,H.1
1303,20,23,H.1
1304,20,24,H.1
1305,20,25,H.5
1306,20,26,H.1
1307,20,27,H.4
1308,20,28,H.1
1309,20,29,H.1
1310,20,30,H.1
1311,20,31,H.1
1313,20,33,H.5
1314,20,34,H.4
1315,20,35,H.4
1316,20,36,H.0
1317,20,37,H.3
1318,20,38,H.3
1319,20,39,H.3
1320,20,40,H.0
1321,20,41,H.5
1322,20,42,H.0
1323,20,43,H.4
1324,20,44,H.0
1325,20,45,H.5
1326,20,46,H.0
1327,20,47,H.2
1328,20,48,H.0
1329,20,49,H.5
1330,20,50,H.4
1331,20,51,H.4
1332,20,52,H.0
1333,20,53,H.5
1334,20,54,H.0
1335,20,55,H.3
1336,20,56,H.0
1337,20,57,H.5
1338,20,58,H.0
1339,20,59,H.4
1340,20,60,H.0
1341,20,61,H.5
1342,20,62,H.0
1343,20,63,H.5
1345,21,1,H.5
1347,21,3,H.4
1349,21,5,H.3
1350,21,6,H.3
1351,21,7,H.3
1353,21,9,H.2
1355,21,11,H.2
1356,21,12,H.2
1357,21,13,H.2
1358,21,14,H.2
1359,21,15,H.2
1361,21,17,H.5
1362,21,18,H.1
1363,21,19,H.4
1365,21,21,H.1
1366,21,22,H.1
1367,21,23,H.1
1368,21,24,H.1
1369,21,25,H.5
1370,21,26,H.1
1371,21,27,H.1
1372,21,28,H.1
1373,21,29,H.1
1374,21,30,H.1
1375,21,31,H.1
1377,21,33,H.5
1378,21,34,H.4
1379,21,35,H.4
1380,21,36,H.0
1381,21,37,H.3
1382,21,38,H.3
1383,21,39,H.3
1384,21,40,H.0
1385,21,41,H.5
1386,21,42,H.4
1387,21,43,H.4
1388,21,44,H.0
1389,21,45,H.5
1390,21,46,H.2
1391,21,47,H.2
1392,21,48,H.0
1393,21,49,H.5
1394,21,50,H.4
1395,21,51,H.4
1396,21,52,H.0
1397,21,53,H.3
1398,21,54,H.3
1399,21,55,H.3
1400,21,56,H.0
1401,21,57,H.5
1402,21,58,H.4
1403,21,59,H.4
1404,21,60,H.0
1405,21,61,H.5
1406,21,62,H.0
1407,21,63,H.0
1409,22,1,H.5
1411,22,3,H.4
1412,22,4,H.3
1413,22,5,H.3
1414,22,6,H.3
1415,22,7,H.3
1416,22,8,H.2
1417,22,9,H.5
1418,22,10,H.2
1419,22,11,H.2
1420,22,12,H.2
1421,22,13,H.2
1422,22,14,H.2
1423,22,15,H.2
1425,22,17,H.5
1427,22,19,H.4
1428,22,20,H.1
1429,22,21,H.1
1430,22,22,H.1
1431,22,23,H.1
1432,22,24,H.1
1433,22,25,H.5
1434,22,26,H.1
1435,22,27,H.4
1436,22,28,H.1
1437,22,29,H.1
1438,22,30,H.1
1439,22,31,H.1
1441,22,33,H.5
1442,22,34,H.4
1443,22,35,H.4
1444,22,36,H.0
1445,22,37,H.3
1446,22,38,H.3
1447,22,39,H.3
1448,22,40,H.0
1449,22,41,H.5
1450,22,42,H.4
1451,22,43,H.4
1452,22,44,H.0
1453,22,45,H.5
1454,22,46,H.2
1455,22,47,H.2
1456,22,48,H.0
1457,22,49,H.5
1458,22,50,H.4
1459,22,51,H.4
1460,22,52,H.0
1461,22,53,H.3
1462,22,54,H.3
1463,22,55,H.3
1464,22,56,H.0
1465,22,57,H.5
1466,22,58,H.4
1467,22,59,H.4
1468,22,60,H.0
1469,22,61,H.5
1470,22,62,H.0
1471,22,63,H.3
1473,23,1,H.5
1475,23,3,H.4
1476,23,4,H.3
1477,23,5,H.3
1478,23,6,H.3
1479,23,7,H.3
1480,23,8,H.2
1481,23,9,H.5
1482,23,10,H.2
1483,23,11,H.2
1484,23,12,H.2
1485,23,13,H.2
1486,23,14,H.2
1487,23,15,H.2
1489,23,17,H.5
1490,23,18,H.1
1491,23,19,H.4
1492,23,20,H.1
1493,23,21,H.1
1494,23,22,H.1
1495,23,23,H.1
1496,23,24,H.1
1497,23,25,H.5
1498,23,26,H.1
1499,23,27,H.1
1500,23,28,H.1
1501,23,29,H.1
1502,23,30,H.1
1503,23,31,H.1
1505,23,33,H.5
1506,23,34,H.4
1507,23,35,H.4
1508,23,36,H.0
1509,23,37,H.3
1510,23,38,H.3
1511,23,39,H.3
1512,23,40,H.0
1513,23,41,H.5
1514,23,42,H.4
1515,23,43,H.4
1516,23,44,H.0
1517,23,45,H.5
1518,23,46,H.2
1519,23,47,H.2
1520,23,48,H.0
1521,23,49,H.5
1522,23,50,H.4
1523,23,51,H.4
1524,23,52,H.0
1525,23,53,H.3
1526,23,54,H.3
1527,23,55,H.3
1528,23,56,H.0
1529,23,57,H.5
1530,23,58,H.4
1531,23,59,H.4
1532,23,60,H.0
1533,23,61,H.5
1534,23,62,H.0
1535,23,63,H.0
1538,24,2,H.4
1539,24,3,H.4
1540,24,4,H.3
1541,24,5,H.3
1542,24,6,H.3
1543,24,7,H.3
1544,24,8,H.2
1545,24,9,H.5
1546,24,10,H.2
1547,24,11,H.2
1548,24,12,H.2
1549,24,13,H.2
1550,24,14,H.2
1551,24,15,H.2
1553,24,17,H.5
1554,24,18,H.4
1555,24,19,H.4
1556,24,20,H.1
1557,24,21,H.1
1558,24,22,H.1
1559,24,23,H.1
1560,24,24,H.1
1561,24,25,H.5
1562,24,26,H.1
1563,24,27,H.4
1564,24,28,H.1
1565,24,29,H.1
1566,24,30,H.1
1567,24,31,H.1
1570,24,34,H.4
1571,24,35,H.4
1572,24,36,H.0
1573,24,37,H.3
1574,24,38,H.3
1575,24,39,H.3
1576,24,40,H.0
1577,24,41,H.5
1578,24,42,H.4
1579,24,43,H.4
1580,24,44,H.0
1581,24,45,H.5
1582,24,46,H.0
1583,24,47,H.2
1584,24,48,H.0
1585,24,49,H.5
1586,24,50,H.4
1587,24,51,H.4
1588,24,52,H.0
1589,24,53,H.5
1590,24,54,H.3
1591,24,55,H.3
1592,24,56,H.0
1593,24,57,H.5
1594,24,58,H.4
1595,24,59,H.4
1596,24,60,H.0
1597,24,61,H.5
1598,24,62,H.0
1599,24,63,H.3
1602,25,2,H.4
1603,25,3,H.4
1604,25,4,H.3
1605,25,5,H.3
1606,25,6,H.3
1607,25,7,H.3
1608,25,8,H.2
1609,25,9,H.5
1610,25,10,H.2
1611,25,11,H.2
1612,25,12,H.2
1613,25,13,H.2
1614,25,14,H.2
1615,25,15,H.2
1617,25,17,H.5
1618,25,18,H.4
1619,25,19,H.4
1620,25,20,H.1
1622,25,22,H.1
1623,25,23,H.1
1624,25,24,H.1
1625,25,25,H.5
1626,25,26,H.1
1627,25,27,H.4
1628,25,28,H.1
1629,25,29,H.1
1630,25,30,H.1
1631,25,31,H.1
1634,25,34,H.4
1635,25,35,H.4
1636,25,36,H.0
1637,25,37,H.3
1638,25,38,H.3
1639,25,39,H.3
1640,25,40,H.0
1641,25,41,H.5
1642,25,42,H.4
1643,25,43,H.4
1644,25,44,H.0
1645,25,45,H.5
1646,25,46,H.0
1647,25,47,H.2
1648,25,48,H.0
1649,25,49,H.5
1650,25,50,H.4
1651,25,51,H.4
1652,25,52,H.0
1653,25,53,H.3
1654,25,54,H.0
1655,25,55,H.3
1656,25,56,H.0
1657,25,57,H.5
1658,25,58,H.4
1659,25,59,H.4
1660,25,60,H.0
1661,25,61,H.5
1662,25,62,H.0
1663,25,63,H.3
1666,26,2,H.4
1667,26,3,H.4
1668,26,4,H.3
1669,26,5,H.3
1670,26,6,H.3
1671,26,7,H.3
1672,26,8,H.2
1673,26,9,H.5
1674,26,10,H.2
1675,26,11,H.2
1676,26,12,H.2
1677,26,13,H.2
1678,26,14,H.2
1679,26,15,H.2
1681,26,17,H.5
1682,26,18,H.4
1683,26,19,H.4
1684,26,20,H.1
1685,26,21,H.1
1686,26,22,H.1
1687,26,23,H.1
1688,26,24,H.1
1689,26,25,H.5
1690,26,26,H.1
1691,26,27,H.1
1692,26,28,H.1
1693,26,29,H.1
1694,26,30,H.1
1695,26,31,H.1
1698,26,34,H.4
1699,26,35,H.4
1700,26,36,H.0
1701,26,37,H.3
1702,26,38,H.3
1703,26,39,H.3
1704,26,40,H.0
1705,26,41,H.5
1706,26,42,H.4
1707,26,43,H.4
1708,26,44,H.0
1709,26,45,H.5
1710,26,46,H.0
1711,26,47,H.2
1712,26,48,H.0
1713,26,49,H.5
1714,26,50,H.4
1715,26,51,H.4
1716,26,52,H.0
1717,26,53,H.3
1718,26,54,H.3
1719,26,55,H.3
1720,26,56,H.0
1721,26,57,H.5
1722,26,58,H.4
1723,26,59,H.4
1724,26,60,H.0
1725,26,61,H.5
1726,26,62,H.0
1727,26,63,H.0
1729,27,1,H.5
1730,27,2,H.4
1731,27,3,H.4
1733,27,5,H.3
1734,27,6,H.3
1735,27,7,H.3
1737,27,9,H.5
1738,27,10,H.2
1739,27,11,H.2
1740,27,12,H.2
1741,27,13,H.2
1742,27,14,H.2
1743,27,15,H.2
1744,27,16,H.1
1745,27,17,H.5
1746,27,18,H.4
1747,27,19,H.4
1748,27,20,H.1
1749,27,21,H.3
1750,27,22,H.1
1751,27,23,H.3
1752,27,24,H.1
1753,27,25,H.5
1754,27,26,H.1
1755,27,27,H.1
1756,27,28,H.1
1757,27,29,H.1
1758,27,30,H.1
1759,27,31,H.1
1760,27,32,H.0
1761,27,33,H.5
1762,27,34,H.4
1763,27,35,H.4
1764,27,36,H.3
1765,27,37,H.3
1766,27,38,H.3
1767,27,39,H.3
1768,27,40,H.0
1769,27,41,H.5
1770,27,42,H.0
1771,27,43,H.2
1772,27,44,H.0
1773,27,45,H.2
1774,27,46,H.0
1775,27,47,H.2
1776,27,48,H.0
1777,27,49,H.5
1778,27,50,H.4
1779,27,51,H.4
1780,27,52,H.0
1781,27,53,H.3
1782,27,54,H.0
1783,27,55,H.3
1784,27,56,H.0
1785,27,57,H.5
1786,27,58,H.0
1787,27,59,H.4
1788,27,60,H.0
1789,27,61,H.5
1790,27,62,H.0
1791,27,63,H.5
1793,28,1,H.5
1794,28,2,H.4
1795,28,3,H.4
1797,28,5,H.3
1798,28,6,H.3
1799,28,7,H.3
1801,28,9,H.5
1802,28,10,H.2
1803,28,11,H.2
1804,28,12,H.2
1805,28,13,H.2
1806,28,14,H.2
1807,28,15,H.2
1808,28,16,H.1
1809,28,17,H.5
1810,28,18,H.4
1811,28,19,H.4
1812,28,20,H.1
1813,28,21,H.3
1814,28,22,H.1
1815,28,23,H.3
1816,28,24,H.1
1817,28,25,H.5
1818,28,26,H.1
1819,28,27,H.1
1820,28,28,H.1
1821,28,29,H.1
1822,28,30,H.1
1823,28,31,H.1
1824,28,32,H.0
1825,28,33,H.5
1826,28,34,H.4
1827,28,35,H.4
1828,28,36,H.0
1829,28,37,H.3
1830,28,38,H.3
1831,28,39,H.3
1832,28,40,H.0
1833,28,41,H.5
1834,28,42,H.0
1835,28,43,H.2
1836,28,44,H.0
1837,28,45,H.5
1838,28,46,H.0
1839,28,47,H.2
1840,28,48,H.0
1841,28,49,H.5
1842,28,50,H.4
1843,28,51,H.4
1844,28,52,H.0
1845,28,53,H.3
1846,28,54,H.0
1847,28,55,H.3
1848,28,56,H.0
1849,28,57,H.5
1850,28,58,H.0
1851,28,59,H.4
1852,28,60,H.0
1853,28,61,H.5
1854,28,62,H.0
1855,28,63,H.5
1857,29,1,H.5
1858,29,2,H.4
1859,29,3,H.4
1861,29,5,H.3
1862,29,6,H.3
1863,29,7,H.3
1865,29,9,H.5
1866,29,10,H.2
1867,29,11,H.2
1868,29,12,H.2
1869,29,13,H.2
1870,29,14,H.2
1871,29,15,H.2
1872,29,16,H.1
1873,29,17,H.5
1874,29,18,H.1
1875,29,19,H.4
1876,29,20,H.1
1877,29,21,H.3
1878,29,22,H.1
1879,29,23,H.3
1880,29,24,H.1
1881,29,25,H.5
1882,29,26,H.1
1883,29,27,H.1
1884,29,28,H.1
1885,29,29,H.1
1886,29,30,H.1
1887,29,31,H.1
1888,29,32,H.0
1889,29,33,H.5
1890,29,34,H.4
1891,29,35,H.4
1892,29,36,H.3
1893,29,37,H.3
1894,29,38,H.3
1895,29,39,H.3
1896,29,40,H.0
1897,29,41,H.5
1898,29,42,H.2
1899,29,43,H.2
1900,29,44,H.0
1901,29,45,H.2
1902,29,46,H.2
1903,29,47,H.2
1904,29,48,H.0
1905,29,49,H.5
1906,29,50,H.4
1907,29,51,H.4
1908,29,52,H.0
1909,29,53,H.3
1910,29,54,H.0
1911,29,55,H.3
1912,29,56,H.0
1913,29,57,H.5
1914,29,58,H.0
1915,29,59,H.4
1916,29,60,H.0
1917,29,61,H.5
1918,29,62,H.0
1919,29,63,H.1
1921,30,1,H.5
1922,30,2,H.4
1923,30,3,H.4
1925,30,5,H.3
1926,30,6,H.3
1927,30,7,H.3
1929,30,9,H.5
1930,30,10,H.2
1931,30,11,H.2
1932,30,12,H.2
1933,30,13,H.2
1934,30,14,H.2
1935,30,15,H.2
1937,30,17,H.5
1938,30,18,H.1
1939,30,19,H.4
1940,30,20,H.1
1941,30,21,H.3
1942,30,22,H.1
1943,30,23,H.3
1945,30,25,H.5
1946,30,26,H.1
1947,30,27,H.1
1948,30,28,H.1
1949,30,29,H.1
1950,30,30,H.1
1951,30,31,H.1
1952,30,32,H.0
1953,30,33,H.5
1954,30,34,H.4
1955,30,35,H.4
1956,30,36,H.0
1957,30,37,H.3
1958,30,38,H.3
1959,30,39,H.3
1960,30,40,H.0
1961,30,41,H.5
1962,30,42,H.0
1963,30,43,H.2
1964,30,44,H.0
1965,30,45,H.5
1966,30,46,H.0
1967,30,47,H.2
1968,30,48,H.0
1969,30,49,H.5
1970,30,50,H.4
1971,30,51,H.4
1972,30,52,H.0
1973,30,53,H.3
1974,30,54,H.0
1975,30,55,H.3
1976,30,56,H.0
1977,30,57,H.5
1978,30,58,H.0
1979,30,59,H.4
1980,30,60,H.0
1981,30,61,H.5
1982,30,62,H.0
1983,30,63,H.5
1987,31,3,H.4
1990,31,6,H.3
1991,31,7,H.3
1992,31,8,H.2
1993,31,9,H.5
1994,31,10,H.2
1995,31,11,H.2
1996,31,12,H.2
1997,31,13,H.2
1998,31,14,H.2
1999,31,15,H.2
2000,31,16,H.1
2001,31,17,H.5
2002,31,18,H.4
2003,31,19,H.4
2004,31,20,H.1
2006,31,22,H.1
2007,31,23,H.3
2008,31,24,H.1
2009,31,25,H.5
2010,31,26,H.1
2011,31,27,H.4
2012,31,28,H.1
2013,31,29,H.5
2014,31,30,H.1
2015,31,31,H.1
2017,31,33,H.5
2019,31,35,H.4
2020,31,36,H.3
2021,31,37,H.3
2022,31,38,H.3
2023,31,39,H.3
2024,31,40,H.0
2025,31,41,H.5
2026,31,42,H.4
2027,31,43,H.4
2028,31,44,H.0
2029,31,45,H.2
2030,31,46,H.2
2031,31,47,H.2
2032,31,48,H.0
2033,31,49,H.5
2034,31,50,H.4
2035,31,51,H.4
2036,31,52,H.0
2037,31,53,H.3
2038,31,54,H.3
2039,31,55,H.3
2040,31,56,H.0
2041,31,57,H.5
2042,31,58,H.4
2043,31,59,H.4
2044,31,60,H.0
2045,31,61,H.5
2046,31,62,H.0
2047,31,63,H.3
2051,32,3,H.4
2054,32,6,H.3
2055,32,7,H.3
2056,32,8,H.2
2057,32,9,H.5
2058,32,10,H.2
2059,32,11,H.2
2060,32,12,H.2
2061,32,13,H.2
2062,32,14,H.2
2063,32,15,H.2
2064,32,16,H.1
2065,32,17,H.5
2066,32,18,H.4
2067,32,19,H.4
2068,32,20,H.1
2069,32,21,H.3
2070,32,22,H.1
2071,32,23,H.3
2072,32,24,H.1
2073,32,25,H.5
2074,32,26,H.1
2075,32,27,H.4
2076,32,28,H.1
2077,32,29,H.5
2078,32,30,H.1
2079,32,31,H.1
2081,32,33,H.5
2083,32,35,H.4
2084,32,36,H.3
2085,32,37,H.3
2086,32,38,H.3
2087,32,39,H.3
2088,32,40,H.0
2089,32,41,H.5
2090,32,42,H.4
2091,32,43,H.4
2092,32,44,H.0
2093,32,45,H.2
2094,32,46,H.2
2095,32,47,H.2
2096,32,48,H.0
2097,32,49,H.5
2098,32,50,H.4
2099,32,51,H.4
2100,32,52,H.0
2101,32,53,H.3
2102,32,54,H.3
2103,32,55,H.3
2104,32,56,H.0
2105,32,57,H.5
2106,32,58,H.4
2107,32,59,H.4
2108,32,60,H.0
2109,32,61,H.5
2110,32,62,H.0
2111,32,63,H.2
2115,33,3,H.4
2118,33,6,H.3
2119,33,7,H.3
2121,33,9,H.5
2122,33,10,H.2
2123,33,11,H.2
2124,33,12,H.2
2125,33,13,H.2
2126,33,14,H.2
2127,33,15,H.2
2128,33,16,H.1
2129,33,17,H.5
2130,33,18,H.4
2131,33,19,H.4
2132,33,20,H.1
2133,33,21,H.3
2134,33,22,H.1
2135,33,23,H.3
2136,33,24,H.1
2137,33,25,H.5
2138,33,26,H.1
2139,33,27,H.1
2140,33,28,H.1
2141,33,29,H.5
2142,33,30,H.1
2143,33,31,H.1
2145,33,33,H.5
2147,33,35,H.4
2148,33,36,H.3
2149,33,37,H.3
2150,33,38,H.3
2151,33,39,H.3
2152,33,40,H.0
2153,33,41,H.5
2154,33,42,H.2
2155,33,43,H.2
2156,33,44,H.0
2157,33,45,H.2
2158,33,46,H.2
2159,33,47,H.2
2160,33,48,H.0
2161,33,49,H.5
2162,33,50,H.4
2163,33,51,H.4
2164,33,52,H.0
2165,33,53,H.3
2166,33,54,H.3
2167,33,55,H.3
2168,33,56,H.0
2169,33,57,H.5
2170,33,58,H.0
2171,33,59,H.4
2172,33,60,H.0
2173,33,61,H.5
2174,33,62,H.0
2175,33,63,H.2
2178,34,2,H.4
2179,34,3,H.4
2180,34,4,H.3
2181,34,5,H.3
2182,34,6,H.3
2183,34,7,H.3
2185,34,9,H.5
2186,34,10,H.2
2187,34,11,H.2
2188,34,12,H.2
2189,34,13,H.2
2190,34,14,H.2
2191,34,15,H.2
2194,34,18,H.1
2195,34,19,H.4
2196,34,20,H.1
2198,34,22,H.1
2199,34,23,H.1
2200,34,24,H.1
2201,34,25,H.5
2202,34,26,H.1
2203,34,27,H.4
2204,34,28,H.1
2205,34,29,H.5
2206,34,30,H.1
2207,34,31,H.1
2209,34,33,H.5
2210,34,34,H.4
2211,34,35,H.4
2212,34,36,H.0
2213,34,37,H.3
2214,34,38,H.3
2215,34,39,H.3
2217,34,41,H.5
2218,34,42,H.0
2219,34,43,H.2
2220,34,44,H.0
2221,34,45,H.5
2222,34,46,H.0
2223,34,47,H.2
2224,34,48,H.0
2225,34,49,H.5
2226,34,50,H.4
2227,34,51,H.4
2228,34,52,H.0
2229,34,53,H.5
2230,34,54,H.0
2231,34,55,H.3
2232,34,56,H.0
2233,34,57,H.5
2234,34,58,H.0
2235,34,59,H.4
2236,34,60,H.0
2237,34,61,H.5
2238,34,62,H.0
2239,34,63,H.5
2242,35,2,H.4
2243,35,3,H.4
2244,35,4,H.3
2245,35,5,H.3
2246,35,6,H.3
2247,35,7,H.3
2249,35,9,H.5
2250,35,10,H.2
2251,35,11,H.2
2252,35,12,H.2
2253,35,13,H.2
2254,35,14,H.2
2255,35,15,H.2
2258,35,18,H.1
2259,35,19,H.4
2260,35,20,H.1
2261,35,21,H.5
2262,35,22,H.1
2263,35,23,H.1
2264,35,24,H.1
2265,35,25,H.5
2266,35,26,H.1
2267,35,27,H.4
2268,35,28,H.1
2269,35,29,H.5
2270,35,30,H.1
2271,35,31,H.1
2273,35,33,H.5
2274,35,34,H.4
2275,35,35,H.4
2276,35,36,H.0
2277,35,37,H.3
2278,35,38,H.3
2279,35,39,H.3
2281,35,41,H.5
2282,35,42,H.0
2283,35,43,H.2
2284,35,44,H.0
2285,35,45,H.5
2286,35,46,H.0
2287,35,47,H.2
2288,35,48,H.0
2289,35,49,H.5
2290,35,50,H.4
2291,35,51,H.4
2292,35,52,H.0
2293,35,53,H.5
2294,35,54,H.0
2295,35,55,H.3
2296,35,56,H.0
2297,35,57,H.5
2298,35,58,H.0
2299,35,59,H.4
2300,35,60,H.0
2301,35,61,H.5
2302,35,62,H.0
2303,35,63,H.4
2307,36,3,H.4
2308,36,4,H.3
2309,36,5,H.3
2310,36,6,H.3
2311,36,7,H.3
2312,36,8,H.2
2313,36,9,H.5
2314,36,10,H.2
2315,36,11,H.2
2316,36,12,H.2
2317,36,13,H.2
2318,36,14,H.2
2319,36,15,H.2
2320,36,16,H.1
2321,36,17,H.5
2322,36,18,H.1
2323,36,19,H.4
2324,36,20,H.1
2325,36,21,H.5
2326,36,22,H.1
2327,36,23,H.3
2328,36,24,H.1
2329,36,25,H.5
2330,36,26,H.1
2331,36,27,H.4
2332,36,28,H.1
2333,36,29,H.5
2334,36,30,H.1
2335,36,31,H.1
2336,36,32,H.0
2337,36,33,H.5
2338,36,34,H.4
2339,36,35,H.4
2340,36,36,H.0
2341,36,37,H.3
2342,36,38,H.3
2343,36,39,H.3
2344,36,40,H.0
2345,36,41,H.5
2346,36,42,H.2
2347,36,43,H.2
2348,36,44,H.0
2349,36,45,H.5
2350,36,46,H.2
2351,36,47,H.2
2352,36,48,H.0
2353,36,49,H.5
2354,36,50,H.4
2355,36,51,H.4
2356,36,52,H.0
2357,36,53,H.5
2358,36,54,H.0
2359,36,55,H.3
2360,36,56,H.0
2361,36,57,H.5
2362,36,58,H.4
2363,36,59,H.4
2364,36,60,H.0
2365,36,61,H.5
2366,36,62,H.0
2367,36,63,H.4
2371,37,3,H.4
2372,37,4,H.3
2373,37,5,H.3
2374,37,6,H.3
2375,37,7,H.3
2376,37,8,H.2
2377,37,9,H.5
2378,37,10,H.2
2379,37,11,H.2
2380,37,12,H.2
2381,37,13,H.2
2382,37,14,H.2
2383,37,15,H.2
2384,37,16,H.1
2385,37,17,H.5
2386,37,18,H.1
2387,37,19,H.4
2388,37,20,H.1
2389,37,21,H.5
2390,37,22,H.1
2391,37,23,H.3
2392,37,24,H.1
2393,37,25,H.5
2394,37,26,H.1
2395,37,27,H.4
2396,37,28,H.1
2397,37,29,H.5
2398,37,30,H.1
2399,37,31,H.1
2400,37,32,H.0
2401,37,33,H.5
2402,37,34,H.4
2403,37,35,H.4
2404,37,36,H.0
2405,37,37,H.3
2406,37,38,H.3
2407,37,39,H.3
2408,37,40,H.0
2409,37,41,H.5
2410,37,42,H.2
2411,37,43,H.2
2412,37,44,H.0
2413,37,45,H.5
2414,37,46,H.2
2415,37,47,H.2
2416,37,48,H.0
2417,37,49,H.5
2418,37,50,H.4
2419,37,51,H.4
2420,37,52,H.0
2421,37,53,H.5
2422,37,54,H.0
2423,37,55,H.3
2424,37,56,H.0
2425,37,57,H.5
2426,37,58,H.4
2427,37,59,H.4
2428,37,60,H.0
2429,37,61,H.5
2430,37,62,H.0
2431,37,63,H.4
2435,38,3,H.4
2436,38,4,H.3
2437,38,5,H.3
2438,38,6,H.3
2439,38,7,H.3
2440,38,8,H.2
2441,38,9,H.5
2442,38,10,H.2
2443,38,11,H.2
2444,38,12,H.2
2445,38,13,H.2
2446,38,14,H.2
2447,38,15,H.2
2448,38,16,H.1
2449,38,17,H.5
2450,38,18,H.4
2451,38,19,H.4
2452,38,20,H.1
2453,38,21,H.5
2454,38,22,H.1
2455,38,23,H.3
2456,38,24,H.1
2457,38,25,H.5
2458,38,26,H.1
2459,38,27,H.4
2460,38,28,H.1
2461,38,29,H.5
2462,38,30,H.1
2463,38,31,H.1
2464,38,32,H.0
2465,38,33,H.5
2466,38,34,H.4
2467,38,35,H.4
2468,38,36,H.0
2469,38,37,H.3
2470,38,38,H.3
2471,38,39,H.3
2472,38,40,H.0
2473,38,41,H.5
2474,38,42,H.2
2475,38,43,H.2
2476,38,44,H.0
2477,38,45,H.5
2478,38,46,H.2
2479,38,47,H.2
2480,38,48,H.0
2481,38,49,H.5
2482,38,50,H.4
2483,38,51,H.4
2484,38,52,H.0
2485,38,53,H.5
2486,38,54,H.0
2487,38,55,H.3
2488,38,56,H.0
2489,38,57,H.5
2490,38,58,H.4
2491,38,59,H.4
2492,38,60,H.0
2493,38,61,H.5
2494,38,62,H.0
2495,38,63,H.4
2499,39,3,H.4
2500,39,4,H.3
2501,39,5,H.3
2502,39,6,H.3
2503,39,7,H.3
2504,39,8,H.2
2505,39,9,H.5
2506,39,10,H.2
2507,39,11,H.2
2508,39,12,H.2
2509,39,13,H.2
2510,39,14,H.2
2511,39,15,H.2
2512,39,16,H.1
2513,39,17,H.5
2514,39,18,H.1
2515,39,19,H.4
2516,39,20,H.1
2517,39,21,H.5
2518,39,22,H.1
2519,39,23,H.3
2520,39,24,H.1
2521,39,25,H.5
2522,39,26,H.1
2523,39,27,H.4
2524,39,28,H.1
2525,39,29,H.5
2526,39,30,H.1
2527,39,31,H.1
2528,39,32,H.0
2529,39,33,H.5
2530,39,34,H.4
2531,39,35,H.4
2532,39,36,H.3
2533,39,37,H.3
2534,39,38,H.3
2535,39,39,H.3
2536,39,40,H.0
2537,39,41,H.5
2538,39,42,H.4
2539,39,43,H.4
2540,39,44,H.0
2541,39,45,H.2
2542,39,46,H.2
2543,39,47,H.2
2544,39,48,H.0
2545,39,49,H.5
2546,39,50,H.4
2547,39,51,H.4
2548,39,52,H.0
2549,39,53,H.5
2550,39,54,H.0
2551,39,55,H.3
2552,39,56,H.0
2553,39,57,H.5
2554,39,58,H.4
2555,39,59,H.4
2556,39,60,H.0
2557,39,61,H.5
2558,39,62,H.0
2559,39,63,H.3
2563,40,3,H.4
2564,40,4,H.3
2565,40,5,H.3
2566,40,6,H.3
2567,40,7,H.3
2569,40,9,H.5
2570,40,10,H.2
2571,40,11,H.2
2572,40,12,H.2
2573,40,13,H.2
2574,40,14,H.2
2575,40,15,H.2
2578,40,18,H.4
2579,40,19,H.4
2580,40,20,H.1
2581,40,21,H.5
2582,40,22,H.1
2583,40,23,H.1
2584,40,24,H.1
2585,40,25,H.5
2586,40,26,H.1
2587,40,27,H.4
2588,40,28,H.1
2589,40,29,H.5
2590,40,30,H.1
2591,40,31,H.1
2593,40,33,H.5
2594,40,34,H.4
2595,40,35,H.4
2596,40,36,H.0
2597,40,37,H.3
2598,40,38,H.3
2599,40,39,H.3
2601,40,41,H.5
2602,40,42,H.2
2603,40,43,H.2
2604,40,44,H.0
2605,40,45,H.5
2606,40,46,H.2
2607,40,47,H.2
2608,40,48,H.0
2609,40,49,H.5
2610,40,50,H.4
2611,40,51,H.4
2612,40,52,H.0
2613,40,53,H.5
2614,40,54,H.0
2615,40,55,H.3
2616,40,56,H.0
2617,40,57,H.5
2618,40,58,H.0
2619,40,59,H.4
2620,40,60,H.0
2621,40,61,H.5
2622,40,62,H.0
2623,40,63,H.4
2627,41,3,H.4
2628,41,4,H.3
2629,41,5,H.3
2630,41,6,H.3
2631,41,7,H.3
2633,41,9,H.5
2634,41,10,H.2
2635,41,11,H.2
2636,41,12,H.2
2637,41,13,H.2
2638,41,14,H.2
2639,41,15,H.2
2640,41,16,H.1
2641,41,17,H.5
2642,41,18,H.4
2643,41,19,H.4
2644,41,20,H.1
2645,41,21,H.5
2646,41,22,H.1
2647,41,23,H.3
2648,41,24,H.1
2649,41,25,H.5
2650,41,26,H.1
2651,41,27,H.4
2652,41,28,H.1
2653,41,29,H.5
2654,41,30,H.1
2655,41,31,H.1
2656,41,32,H.0
2657,41,33,H.5
2658,41,34,H.4
2659,41,35,H.4
2660,41,36,H.0
2661,41,37,H.3
2662,41,38,H.3
2663,41,39,H.3
2664,41,40,H.0
2665,41,41,H.5
2666,41,42,H.2
2667,41,43,H.2
2668,41,44,H.0
2669,41,45,H.5
2670,41,46,H.2
2671,41,47,H.2
2672,41,48,H.0
2673,41,49,H.5
2674,41,50,H.4
2675,41,51,H.4
2676,41,52,H.0
2677,41,53,H.5
2678,41,54,H.0
2679,41,55,H.3
2680,41,56,H.0
2681,41,57,H.5
2682,41,58,H.0
2683,41,59,H.4
2684,41,60,H.0
2685,41,61,H.5
2686,41,62,H.0
2687,41,63,H.4
2691,42,3,H.4
2693,42,5,H.3
2695,42,7,H.3
2696,42,8,H.2
2697,42,9,H.5
2698,42,10,H.2
2699,42,11,H.2
2700,42,12,H.2
2701,42,13,H.2
2702,42,14,H.2
2703,42,15,H.2
2704,42,16,H.1
2705,42,17,H.5
2706,42,18,H.1
2707,42,19,H.4
2708,42,20,H.1
2709,42,21,H.5
2710,42,22,H.1
2711,42,23,H.3
2712,42,24,H.1
2713,42,25,H.5
2714,42,26,H.1
2715,42,27,H.4
2716,42,28,H.1
2717,42,29,H.5
2718,42,30,H.1
2719,42,31,H.1
2720,42,32,H.0
2721,42,33,H.5
2722,42,34,H.4
2723,42,35,H.4
2724,42,36,H.3
2725,42,37,H.3
2726,42,38,H.3
2727,42,39,H.3
2728,42,40,H.0
2729,42,41,H.5
2730,42,42,H.2
2731,42,43,H.2
2732,42,44,H.0
2733,42,45,H.2
2734,42,46,H.2
2735,42,47,H.2
2736,42,48,H.0
2737,42,49,H.5
2738,42,50,H.4
2739,42,51,H.4
2740,42,52,H.0
2741,42,53,H.5
2742,42,54,H.0
2743,42,55,H.3
2744,42,56,H.0
2745,42,57,H.5
2746,42,58,H.4
2747,42,59,H.4
2748,42,60,H.0
2749,42,61,H.5
2750,42,62,H.0
2751,42,63,H.1
2755,43,3,H.4
2757,43,5,H.3
2759,43,7,H.3
2760,43,8,H.2
2761,43,9,H.5
2762,43,10,H.2
2763,43,11,H.2
2764,43,12,H.2
2765,43,13,H.2
2766,43,14,H.2
2767,43,15,H.2
2768,43,16,H.1
2769,43,17,H.5
2770,43,18,H.4
2771,43,19,H.4
2772,43,20,H.1
2773,43,21,H.5
2774,43,22,H.1
2775,43,23,H.3
2776,43,24,H.1
2777,43,25,H.5
2778,43,26,H.1
2779,43,27,H.4
2780,43,28,H.1
2781,43,29,H.5
2782,43,30,H.1
2783,43,31,H.1
2784,43,32,H.0
2785,43,33,H.5
2786,43,34,H.4
2787,43,35,H.4
2788,43,36,H.0
2789,43,37,H.3
2790,43,38,H.3
2791,43,39,H.3
2792,43,40,H.0
2793,43,41,H.5
2794,43,42,H.2
2795,43,43,H.2
2796,43,44,H.0
2797,43,45,H.5
2798,43,46,H.2
2799,43,47,H.2
2800,43,48,H.0
2801,43,49,H.5
2802,43,50,H.4
2803,43,51,H.4
2804,43,52,H.0
2805,43,53,H.5
2806,43,54,H.0
2807,43,55,H.3
2808,43,56,H.0
2809,43,57,H.5
2810,43,58,H.4
2811,43,59,H.4
2812,43,60,H.0
2813,43,61,H.5
2814,43,62,H.0
2815,43,63,H.4
2817,44,1,H.5
2818,44,2,H.4
2819,44,3,H.4
2821,44,5,H.3
2822,44,6,H.3
2823,44,7,H.3
2824,44,8,H.2
2825,44,9,H.5
2826,44,10,H.2
2827,44,11,H.2
2828,44,12,H.2
2829,44,13,H.2
2830,44,14,H.2
2831,44,15,H.2
2832,44,16,H.1
2833,44,17,H.5
2834,44,18,H.1
2835,44,19,H.4
2836,44,20,H.1
2837,44,21,H.3
2838,44,22,H.1
2839,44,23,H.3
2840,44,24,H.1
2841,44,25,H.5
2842,44,26,H.1
2843,44,27,H.4
2844,44,28,H.1
2845,44,29,H.5
2846,44,30,H.1
2847,44,31,H.1
2849,44,33,H.5
2850,44,34,H.4
2851,44,35,H.4
2853,44,37,H.3
2854,44,38,H.3
2855,44,39,H.3
2856,44,40,H.0
2857,44,41,H.5
2858,44,42,H.0
2859,44,43,H.4
2860,44,44,H.0
2861,44,45,H.2
2862,44,46,H.0
2863,44,47,H.2
2864,44,48,H.0
2865,44,49,H.5
2866,44,50,H.4
2867,44,51,H.4
2868,44,52,H.0
2869,44,53,H.3
2870,44,54,H.0
2871,44,55,H.3
2872,44,56,H.0
2873,44,57,H.5
2874,44,58,H.0
2875,44,59,H.4
2876,44,60,H.0
2877,44,61,H.5
2878,44,62,H.0
2879,44,63,H.3
2881,45,1,H.5
2882,45,2,H.4
2883,45,3,H.4
2885,45,5,H.3
2886,45,6,H.3
2887,45,7,H.3
2888,45,8,H.2
2889,45,9,H.5
2890,45,10,H.2
2891,45,11,H.2
2892,45,12,H.2
2893,45,13,H.2
2894,45,14,H.2
2895,45,15,H.2
2896,45,16,H.1
2897,45,17,H.5
2898,45,18,H.1
2899,45,19,H.4
2900,45,20,H.1
2901,45,21,H.3
2902,45,22,H.1
2903,45,23,H.3
2904,45,24,H.1
2905,45,25,H.5
2906,45,26,H.1
2907,45,27,H.4
2908,45,28,H.1
2909,45,29,H.5
2910,45,30,H.1
2911,45,31,H.1
2913,45,33,H.5
2914,45,34,H.4
2915,45,35,H.4
2917,45,37,H.3
2918,45,38,H.3
2919,45,39,H.3
2920,45,40,H.0
2921,45,41,H.5
2922,45,42,H.0
2923,45,43,H.4
2924,45,44,H.0
2925,45,45,H.2
2926,45,46,H.0
2927,45,47,H.2
2928,45,48,H.0
2929,45,49,H.5
2930,45,50,H.4
2931,45,51,H.4
2932,45,52,H.0
2933,45,53,H.3
2934,45,54,H.0
2935,45,55,H.3
2936,45,56,H.0
2937,45,57,H.5
2938,45,58,H.0
2939,45,59,H.4
2940,45,60,H.0
2941,45,61,H.5
2942,45,62,H.0
2943,45,63,H.2
2945,46,1,H.5
2946,46,2,H.4
2947,46,3,H.4
2949,46,5,H.3
2950,46,6,H.3
2951,46,7,H.3
2953,46,9,H.5
2954,46,10,H.2
2955,46,11,H.2
2956,46,12,H.2
2957,46,13,H.2
2958,46,14,H.2
2959,46,15,H.2
2960,46,16,H.1
2961,46,17,H.5
2962,46,18,H.4
2963,46,19,H.4
2964,46,20,H.1
2965,46,21,H.3
2966,46,22,H.1
2967,46,23,H.3
2968,46,24,H.1
2969,46,25,H.5
2970,46,26,H.1
2971,46,27,H.4
2972,46,28,H.1
2973,46,29,H.5
2974,46,30,H.1
2975,46,31,H.1
2976,46,32,H.0
2977,46,33,H.5
2978,46,34,H.4
2979,46,35,H.4
2980,46,36,H.0
2981,46,37,H.3
2982,46,38,H.3
2983,46,39,H.3
2984,46,40,H.0
2985,46,41,H.5
2986,46,42,H.0
2987,46,43,H.2
2988,46,44,H.0
2989,46,45,H.5
2990,46,46,H.0
2991,46,47,H.2
2992,46,48,H.0
2993,46,49,H.5
2994,46,50,H.4
2995,46,51,H.4
2996,46,52,H.0
2997,46,53,H.3
2998,46,54,H.0
2999,46,55,H.3
3000,46,56,H.0
3001,46,57,H.5
3002,46,58,H.0
3003,46,59,H.4
3004,46,60,H.0
3005,46,61,H.5
3006,46,62,H.0
3007,46,63,H.2
3009,47,1,H.5
3010,47,2,H.4
3011,47,3,H.4
3013,47,5,H.3
3014,47,6,H.3
3015,47,7,H.3
3017,47,9,H.5
3018,47,10,H.2
3019,47,11,H.2
3020,47,12,H.2
3021,47,13,H.2
3022,47,14,H.2
3023,47,15,H.2
3024,47,16,H.1
3025,47,17,H.5
3026,47,18,H.1
3027,47,19,H.4
3028,47,20,H.1
3029,47,21,H.3
3030,47,22,H.1
3031,47,23,H.3
3032,47,24,H.1
3033,47,25,H.5
3034,47,26,H.1
3035,47,27,H.1
3036,47,28,H.1
3037,47,29,H.5
3038,47,30,H.1
3039,47,31,H.1
3041,47,33,H.5
3042,47,34,H.4
3043,47,35,H.4
3045,47,37,H.3
3046,47,38,H.3
3047,47,39,H.3
3048,47,40,H.0
3049,47,41,H.5
3050,47,42,H.0
3051,47,43,H.2
3052,47,44,H.0
3053,47,45,H.2
3054,47,46,H.0
3055,47,47,H.2
3056,47,48,H.0
3057,47,49,H.5
3058,47,50,H.4
3059,47,51,H.4
3060,47,52,H.0
3061,47,53,H.3
3062,47,54,H.0
3063,47,55,H.3
3064,47,56,H.0
3065,47,57,H.5
3066,47,58,H.0
3067,47,59,H.4
3068,47,60,H.0
3069,47,61,H.5
3070,47,62,H.0
3071,47,63,H.5
3073,48,1,H.5
3074,48,2,H.4
3075,48,3,H.4
3077,48,5,H.3
3078,48,6,H.3
3079,48,7,H.3
3081,48,9,H.5
3082,48,10,H.2
3083,48,11,H.2
3084,48,12,H.2
3085,48,13,H.2
3086,48,14,H.2
3087,48,15,H.2
3089,48,17,H.5
3090,48,18,H.1
3091,48,19,H.4
3092,48,20,H.1
3094,48,22,H.1
3095,48,23,H.3
3097,48,25,H.5
3098,48,26,H.1
3099,48,27,H.1
3100,48,28,H.1
3101,48,29,H.5
3102,48,30,H.1
3103,48,31,H.1
3104,48,32,H.0
3105,48,33,H.5
3106,48,34,H.4
3107,48,35,H.4
3108,48,36,H.0
3109,48,37,H.3
3110,48,38,H.3
3111,48,39,H.3
3112,48,40,H.0
3113,48,41,H.5
3114,48,42,H.0
3115,48,43,H.2
3116,48,44,H.0
3117,48,45,H.5
3118,48,46,H.0
3119,48,47,H.2
3120,48,48,H.0
3121,48,49,H.5
3122,48,50,H.4
3123,48,51,H.4
3124,48,52,H.0
3125,48,53,H.3
3126,48,54,H.0
3127,48,55,H.3
3128,48,56,H.0
3129,48,57,H.5
3130,48,58,H.0
3131,48,59,H.4
3132,48,60,H.0
3133,48,61,H.5
3134,48,62,H.0
3135,48,63,H.5
3137,49,1,H.5
3138,49,2,H.4
3139,49,3,H.4
3141,49,5,H.3
3142,49,6,H.3
3143,49,7,H.3
3145,49,9,H.5
3146,49,10,H.2
3147,49,11,H.2
3148,49,12,H.2
3149,49,13,H.2
3150,49,14,H.2
3151,49,15,H.2
3152,49,16,H.1
3153,49,17,H.5
3154,49,18,H.4
3155,49,19,H.4
3156,49,20,H.1
3157,49,21,H.3
3158,49,22,H.1
3159,49,23,H.3
3160,49,24,H.1
3161,49,25,H.5
3162,49,26,H.1
3163,49,27,H.4
3164,49,28,H.1
3165,49,29,H.5
3166,49,30,H.1
3167,49,31,H.1
3168,49,32,H.0
3169,49,33,H.5
3170,49,34,H.4
3171,49,35,H.4
3172,49,36,H.0
3173,49,37,H.3
3174,49,38,H.3
3175,49,39,H.3
3176,49,40,H.0
3177,49,41,H.5
3178,49,42,H.0
3179,49,43,H.2
3180,49,44,H.0
3181,49,45,H.5
3182,49,46,H.0
3183,49,47,H.2
3184,49,48,H.0
3185,49,49,H.5
3186,49,50,H.4
3187,49,51,H.4
3188,49,52,H.0
3189,49,53,H.3
3190,49,54,H.3
3191,49,55,H.3
3192,49,56,H.0
3193,49,57,H.5
3194,49,58,H.0
3195,49,59,H.4
3196,49,60,H.0
3197,49,61,H.5
3198,49,62,H.0
3199,49,63,H.2
3201,50,1,H.5
3202,50,2,H.4
3203,50,3,H.4
3205,50,5,H.3
3206,50,6,H.3
3207,50,7,H.3
3209,50,9,H.5
3210,50,10,H.2
3211,50,11,H.2
3212,50,12,H.2
3213,50,13,H.2
3214,50,14,H.2
3215,50,15,H.2
3216,50,16,H.1
3217,50,17,H.5
3218,50,18,H.4
3219,50,19,H.4
3220,50,20,H.1
3221,50,21,H.3
3222,50,22,H.1
3223,50,23,H.3
3224,50,24,H.1
3225,50,25,H.5
3226,50,26,H.1
3227,50,27,H.4
3228,50,28,H.1
3229,50,29,H.5
3230,50,30,H.1
3231,50,31,H.1
3233,50,33,H.5
3234,50,34,H.4
3235,50,35,H.4
3236,50,36,H.3
3237,50,37,H.3
3238,50,38,H.3
3239,50,39,H.3
3240,50,40,H.0
3241,50,41,H.5
3242,50,42,H.0
3243,50,43,H.2
3244,50,44,H.0
3245,50,45,H.2
3246,50,46,H.0
3247,50,47,H.2
3248,50,48,H.0
3249,50,49,H.5
3250,50,50,H.4
3251,50,51,H.4
3252,50,52,H.0
3253,50,53,H.3
3254,50,54,H.0
3255,50,55,H.3
3256,50,56,H.0
3257,50,57,H.5
3258,50,58,H.0
3259,50,59,H.4
3260,50,60,H.0
3261,50,61,H.5
3262,50,62,H.0
3263,50,63,H.5
3265,51,1,H.5
3266,51,2,H.4
3267,51,3,H.4
3269,51,5,H.3
3270,51,6,H.3
3271,51,7,H.3
3273,51,9,H.5
3274,51,10,H.2
3275,51,11,H.2
3276,51,12,H.2
3277,51,13,H.2
3278,51,14,H.2
3279,51,15,H.2
3281,51,17,H.5
3282,51,18,H.4
3283,51,19,H.4
3284,51,20,H.1
3285,51,21,H.3
3286,51,22,H.1
3287,51,23,H.3
3289,51,25,H.5
3290,51,26,H.1
3291,51,27,H.4
3292,51,28,H.1
3293,51,29,H.5
3294,51,30,H.1
3295,51,31,H.1
3296,51,32,H.0
3297,51,33,H.5
3298,51,34,H.4
3299,51,35,H.4
3300,51,36,H.0
3301,51,37,H.3
3302,51,38,H.3
3303,51,39,H.3
3304,51,40,H.0
3305,51,41,H.5
3306,51,42,H.0
3307,51,43,H.2
3308,51,44,H.0
3309,51,45,H.5
3310,51,46,H.0
3311,51,47,H.2
3312,51,48,H.0
3313,51,49,H.5
3314,51,50,H.4
3315,51,51,H.4
3316,51,52,H.0
3317,51,53,H.3
3318,51,54,H.3
3319,51,55,H.3
3320,51,56,H.0
3321,51,57,H.5
3322,51,58,H.0
3323,51,59,H.4
3324,51,60,H.0
3325,51,61,H.5
3326,51,62,H.0
3327,51,63,H.5
3330,52,2,H.4
3331,52,3,H.4
3332,52,4,H.3
3333,52,5,H.3
3334,52,6,H.3
3335,52,7,H.3
3338,52,10,H.2
3339,52,11,H.2
3340,52,12,H.2
3341,52,13,H.2
3342,52,14,H.2
3343,52,15,H.2
3344,52,16,H.1
3345,52,17,H.5
3346,52,18,H.1
3347,52,19,H.4
3348,52,20,H.1
3349,52,21,H.5
3350,52,22,H.1
3351,52,23,H.1
3352,52,24,H.1
3353,52,25,H.5
3354,52,26,H.1
3355,52,27,H.1
3356,52,28,H.1
3357,52,29,H.5
3358,52,30,H.1
3359,52,31,H.1
3360,52,32,H.0
3361,52,33,H.5
3362,52,34,H.4
3363,52,35,H.4
3364,52,36,H.3
3365,52,37,H.3
3366,52,38,H.3
3367,52,39,H.3
3368,52,40,H.0
3369,52,41,H.5
3370,52,42,H.2
3371,52,43,H.2
3372,52,44,H.0
3373,52,45,H.2
3374,52,46,H.2
3375,52,47,H.2
3376,52,48,H.0
3377,52,49,H.5
3378,52,50,H.4
3379,52,51,H.4
3380,52,52,H.0
3381,52,53,H.5
3382,52,54,H.0
3383,52,55,H.3
3384,52,56,H.0
3385,52,57,H.5
3386,52,58,H.0
3387,52,59,H.4
3388,52,60,H.0
3389,52,61,H.5
3390,52,62,H.0
3391,52,63,H.1
3394,53,2,H.4
3395,53,3,H.4
3396,53,4,H.3
3397,53,5,H.3
3398,53,6,H.3
3399,53,7,H.3
3402,53,10,H.2
3403,53,11,H.2
3404,53,12,H.2
3405,53,13,H.2
3406,53,14,H.2
3407,53,15,H.2
3408,53,16,H.1
3409,53,17,H.5
3410,53,18,H.1
3411,53,19,H.4
3412,53,20,H.1
3413,53,21,H.5
3414,53,22,H.1
3415,53,23,H.1
3416,53,24,H.1
3417,53,25,H.5
3418,53,26,H.1
3419,53,27,H.1
3420,53,28,H.1
3421,53,29,H.5
3422,53,30,H.1
3423,53,31,H.1
3424,53,32,H.0
3425,53,33,H.5
3426,53,34,H.4
3427,53,35,H.4
3428,53,36,H.0
3429,53,37,H.3
3430,53,38,H.3
3431,53,39,H.3
3432,53,40,H.0
3433,53,41,H.5
3434,53,42,H.2
3435,53,43,H.2
3436,53,44,H.0
3437,53,45,H.5
3438,53,46,H.2
3439,53,47,H.2
3440,53,48,H.0
3441,53,49,H.5
3442,53,50,H.4
3443,53,51,H.4
3444,53,52,H.0
3445,53,53,H.5
3446,53,54,H.0
3447,53,55,H.3
3448,53,56,H.0
3449,53,57,H.5
3450,53,58,H.0
3451,53,59,H.4
3452,53,60,H.0
3453,53,61,H.5
3454,53,62,H.0
3455,53,63,H.1
3459,54,3,H.4
3460,54,4,H.3
3461,54,5,H.3
3462,54,6,H.3
3463,54,7,H.3
3464,54,8,H.2
3465,54,9,H.5
3466,54,10,H.2
3467,54,11,H.2
3468,54,12,H.2
3469,54,13,H.2
3470,54,14,H.2
3471,54,15,H.2
3472,54,16,H.1
3473,54,17,H.5
3474,54,18,H.4
3475,54,19,H.4
3476,54,20,H.1
3477,54,21,H.5
3478,54,22,H.1
3479,54,23,H.1
3480,54,24,H.1
3481,54,25,H.5
3482,54,26,H.1
3483,54,27,H.4
3484,54,28,H.1
3485,54,29,H.5
3486,54,30,H.1
3487,54,31,H.1
3488,54,32,H.0
3489,54,33,H.5
3490,54,34,H.4
3491,54,35,H.4
3492,54,36,H.0
3493,54,37,H.3
3494,54,38,H.3
3495,54,39,H.3
3496,54,40,H.0
3497,54,41,H.5
3498,54,42,H.2
3499,54,43,H.2
3500,54,44,H.0
3501,54,45,H.5
3502,54,46,H.2
3503,54,47,H.2
3504,54,48,H.0
3505,54,49,H.5
3506,54,50,H.4
3507,54,51,H.4
3508,54,52,H.0
3509,54,53,H.5
3510,54,54,H.0
3511,54,55,H.3
3512,54,56,H.0
3513,54,57,H.5
3514,54,58,H.4
3515,54,59,H.4
3516,54,60,H.0
3517,54,61,H.5
3518,54,62,H.0
3519,54,63,H.4
3523,55,3,H.4
3524,55,4,H.3
3525,55,5,H.3
3526,55,6,H.3
3527,55,7,H.3
3530,55,10,H.2
3531,55,11,H.2
3532,55,12,H.2
3533,55,13,H.2
3534,55,14,H.2
3535,55,15,H.2
3536,55,16,H.1
3537,55,17,H.5
3538,55,18,H.4
3539,55,19,H.4
3540,55,20,H.1
3541,55,21,H.5
3542,55,22,H.1
3543,55,23,H.1
3544,55,24,H.1
3545,55,25,H.5
3546,55,26,H.1
3547,55,27,H.1
3548,55,28,H.1
3549,55,29,H.5
3550,55,30,H.1
3551,55,31,H.1
3552,55,32,H.0
3553,55,33,H.5
3554,55,34,H.4
3555,55,35,H.4
3556,55,36,H.3
3557,55,37,H.3
3558,55,38,H.3
3559,55,39,H.3
3560,55,40,H.0
3561,55,41,H.5
3562,55,42,H.2
3563,55,43,H.2
3564,55,44,H.0
3565,55,45,H.2
3566,55,46,H.2
3567,55,47,H.2
3568,55,48,H.0
3569,55,49,H.5
3570,55,50,H.4
3571,55,51,H.4
3572,55,52,H.0
3573,55,53,H.5
3574,55,54,H.3
3575,55,55,H.3
3576,55,56,H.0
3577,55,57,H.5
3578,55,58,H.0
3579,55,59,H.4
3580,55,60,H.0
3581,55,61,H.5
3582,55,62,H.0
3583,55,63,H.1
3587,56,3,H.4
3589,56,5,H.3
3591,56,7,H.3
3592,56,8,H.2
3593,56,9,H.5
3594,56,10,H.2
3595,56,11,H.2
3596,56,12,H.2
3597,56,13,H.2
3598,56,14,H.2
3599,56,15,H.2
3600,56,16,H.1
3601,56,17,H.5
3602,56,18,H.4
3603,56,19,H.4
3604,56,20,H.1
3606,56,22,H.1
3607,56,23,H.1
3608,56,24,H.1
3609,56,25,H.5
3610,56,26,H.1
3611,56,27,H.4
3612,56,28,H.1
3613,56,29,H.5
3614,56,30,H.1
3615,56,31,H.1
3616,56,32,H.0
3617,56,33,H.5
3618,56,34,H.4
3619,56,35,H.4
3620,56,36,H.3
3621,56,37,H.3
3622,56,38,H.3
3623,56,39,H.3
3624,56,40,H.0
3625,56,41,H.5
3626,56,42,H.2
3627,56,43,H.2
3628,56,44,H.0
3629,56,45,H.2
3630,56,46,H.2
3631,56,47,H.2
3632,56,48,H.0
3633,56,49,H.5
3634,56,50,H.4
3635,56,51,H.4
3636,56,52,H.0
3637,56,53,H.5
3638,56,54,H.3
3639,56,55,H.3
3640,56,56,H.0
3641,56,57,H.5
3642,56,58,H.4
3643,56,59,H.4
3644,56,60,H.0
3645,56,61,H.5
3646,56,62,H.0
3647,56,63,H.1
