bit_index,row_id,keep_mask,ambiguous_outputs
0,0,0,CAP.0|D0.0|D1.0|PAR.0|PASS.0|TRI.0
1,0,1,CAP.5|TRI.5
2,0,2,CAP.4|TRI.4
3,0,3,CAP.4|TRI.4
4,0,4,CAP.3|PAR.3
8,0,8,CAP.2|D0.2|D1.2|PAR.2
12,0,12,CAP.2|PAR.2
16,0,16,CAP.1|D0.1|PASS.1
24,0,24,CAP.1|D0.1
32,0,32,CAP.0|PASS.0
48,0,48,CAP.0|PASS.0
64,1,0,CAP.0|D0.0|D1.0|PAR.0|PASS.0|TRI.0
65,1,1,CAP.5|D0.5|PASS.5
66,1,2,CAP.4|PASS.4
67,1,3,CAP.4|PASS.4
68,1,4,CAP.3|TRI.3
72,1,8,CAP.2|TRI.2
76,1,12,CAP.2|TRI.2
80,1,16,CAP.1|PAR.1
96,1,32,CAP.0|D0.0|D1.0|PAR.0
97,1,33,CAP.5|D0.5
112,1,48,CAP.0|PAR.0
128,2,0,CAP.0|D0.0|D1.0|PAR.0|PASS.0|TRI.0
129,2,1,CAP.5|D0.5|PASS.5
130,2,2,CAP.4|PASS.4
131,2,3,CAP.4|PASS.4
132,2,4,CAP.3|PAR.3|TRI.3
136,2,8,CAP.2|PAR.2|TRI.2
140,2,12,CAP.2|PAR.2|TRI.2
144,2,16,CAP.1|PAR.1
148,2,20,CAP.1|PAR.1
152,2,24,CAP.1|PAR.1
156,2,28,CAP.1|PAR.1
160,2,32,CAP.0|D0.0|D1.0|PAR.0
161,2,33,CAP.5|D0.5
164,2,36,CAP.3|PAR.3
168,2,40,CAP.0|PAR.0
172,2,44,CAP.0|PAR.0
176,2,48,CAP.0|PAR.0
180,2,52,CAP.0|PAR.0
184,2,56,CAP.0|PAR.0
188,2,60,CAP.0|PAR.0
192,3,0,CAP.0|D0.0|D1.0|PAR.0|PASS.0|TRI.0
193,3,1,CAP.5|D0.5|PASS.5
194,3,2,CAP.4|PASS.4
195,3,3,CAP.4|PASS.4
196,3,4,CAP.3|PASS.3|TRI.3
197,3,5,CAP.3|PASS.3
198,3,6,CAP.3|PASS.3
199,3,7,CAP.3|PASS.3
200,3,8,CAP.2|TRI.2
204,3,12,CAP.2|TRI.2
208,3,16,CAP.1|PAR.1
224,3,32,CAP.0|D0.0|D1.0|PAR.0
225,3,33,CAP.5|D0.5
228,3,36,CAP.3|PASS.0
240,3,48,CAP.0|PAR.0
256,4,0,CAP.0|D0.0|D1.0|PAR.0|PASS.0|TRI.0
257,4,1,CAP.5|PAR.5
258,4,2,CAP.4|D0.4|D1.4|PAR.4
259,4,3,CAP.4|PAR.4
260,4,4,CAP.3|D0.3|PASS.3
262,4,6,CAP.3|D0.3
264,4,8,CAP.2|PASS.2
268,4,12,CAP.2|PASS.2
272,4,16,CAP.1|TRI.1
288,4,32,CAP.0|TRI.0
304,4,48,CAP.0|TRI.0
320,5,0,CAP.0|D0.0|D1.0|PAR.0|PASS.0|TRI.0
321,5,1,CAP.5|PAR.5
322,5,2,CAP.4|D0.4|D1.4|PAR.4
323,5,3,CAP.4|PAR.4
324,5,4,CAP.3|D0.3|PASS.3
326,5,6,CAP.3|D0.3
328,5,8,CAP.2|PASS.2
332,5,12,CAP.2|PASS.2
336,5,16,CAP.1|PAR.1|TRI.1
337,5,17,CAP.5|PAR.5
338,5,18,CAP.1|PAR.1
339,5,19,CAP.4|PAR.4
352,5,32,CAP.0|PAR.0|TRI.0
353,5,33,CAP.5|PAR.5
354,5,34,CAP.4|PAR.4
355,5,35,CAP.4|PAR.4
368,5,48,CAP.0|PAR.0|TRI.0
369,5,49,CAP.5|PAR.5
370,5,50,CAP.4|PAR.4
371,5,51,CAP.4|PAR.4
384,6,0,CAP.0|D0.0|D1.0|PAR.0|PASS.0|TRI.0
385,6,1,CAP.5|PAR.5
386,6,2,CAP.4|D0.4|D1.4|PAR.4
387,6,3,CAP.4|PAR.4
388,6,4,CAP.3|D0.3|PASS.3
390,6,6,CAP.3|D0.3
392,6,8,CAP.2|PASS.2
396,6,12,CAP.2|PASS.2
400,6,16,CAP.1|PASS.1|TRI.1
402,6,18,CAP.1|PASS.4
404,6,20,CAP.1|PASS.1
408,6,24,CAP.1|PASS.1
412,6,28,CAP.1|PASS.1
416,6,32,CAP.0|TRI.0
432,6,48,CAP.0|TRI.0
448,7,0,CAP.0|D0.0|D1.0|PAR.0|PASS.0|TRI.0
449,7,1,CAP.5|PAR.5|TRI.5
450,7,2,CAP.4|PAR.4|TRI.4
451,7,3,CAP.4|PAR.4|TRI.4
452,7,4,CAP.3|PAR.3
453,7,5,CAP.3|PAR.3
454,7,6,CAP.3|PAR.3
455,7,7,CAP.3|PAR.3
456,7,8,CAP.2|D0.2|D1.2|PAR.2
457,7,9,CAP.5|PAR.5
458,7,10,CAP.2|PAR.2
459,7,11,CAP.2|PAR.2
460,7,12,CAP.2|PAR.2
461,7,13,CAP.2|PAR.2
462,7,14,CAP.2|PAR.2
463,7,15,CAP.2|PAR.2
464,7,16,CAP.1|D0.1|PASS.1
472,7,24,CAP.1|D0.1
480,7,32,CAP.0|PASS.0
496,7,48,CAP.0|PASS.0
512,8,0,CAP.0|D0.0|D1.0|PAR.0|PASS.0|TRI.0
513,8,1,CAP.5|PASS.5|TRI.5
514,8,2,CAP.4|TRI.4
515,8,3,CAP.4|TRI.4
516,8,4,CAP.3|PAR.3
520,8,8,CAP.2|D0.2|D1.2|PAR.2
521,8,9,CAP.5|PASS.2
524,8,12,CAP.2|PAR.2
528,8,16,CAP.1|D0.1|PASS.1
529,8,17,CAP.5|PASS.5
536,8,24,CAP.1|D0.1
544,8,32,CAP.0|PASS.0
545,8,33,CAP.5|PASS.5
560,8,48,CAP.0|PASS.0
561,8,49,CAP.5|PASS.5
576,9,0,CAP.0|D0.0|D1.0|PAR.0|PASS.0|TRI.0
577,9,1,CAP.5|D0.5|PASS.5
578,9,2,D0.4|D1.4|PAR.4
580,9,4,D0.3|D1.3|PASS.3
582,9,6,D0.3|D1.3
592,9,16,D0.1|D1.1
594,9,18,D0.1|D1.1
596,9,20,D0.1|D1.1
598,9,22,D0.1|D1.1
608,9,32,CAP.0|D0.0|D1.0|PAR.0
609,9,33,CAP.5|D0.5
610,9,34,D0.4|D1.4
612,9,36,D0.3|D1.3
614,9,38,D0.3|D1.3
624,9,48,D0.0|D1.0
626,9,50,D0.4|D1.4
628,9,52,D0.0|D1.0
630,9,54,D0.0|D1.0
640,10,0,CAP.0|D0.0|D1.0|PAR.0|PASS.0|TRI.0
641,10,1,CAP.5|D0.5|PASS.5
642,10,2,D0.4|D1.4|PAR.4
644,10,4,D0.3|D1.3|PASS.3
646,10,6,D0.3|D1.3
656,10,16,D0.1|D1.1
658,10,18,D0.1|D1.1
660,10,20,D0.1|D1.1
662,10,22,D0.1|D1.1
672,10,32,D0.0|D1.0|PASS.0|TRI.0
673,10,33,D0.5|PASS.5
674,10,34,D0.4|D1.4
676,10,36,D0.0|D1.0
678,10,38,D0.3|D1.3
688,10,48,D0.0|D1.0
690,10,50,D0.4|D1.4
692,10,52,D0.0|D1.0
694,10,54,D0.0|D1.0
704,11,0,CAP.0|D0.0|D1.0|PAR.0|PASS.0|TRI.0
705,11,1,CAP.5|D0.5|PASS.5
706,11,2,D0.4|D1.4|TRI.4
708,11,4,D0.3|D1.3|PASS.3
710,11,6,D0.3|D1.3
720,11,16,D0.1|D1.1
722,11,18,D0.4|D1.4
724,11,20,D0.1|D1.1
726,11,22,D0.1|D1.1
736,11,32,CAP.0|D0.0|D1.0|PAR.0
737,11,33,CAP.5|D0.5
738,11,34,D0.4|D1.4
740,11,36,D0.3|D1.3
742,11,38,D0.3|D1.3
752,11,48,D0.0|D1.0
754,11,50,D0.4|D1.4
756,11,52,D0.0|D1.0
758,11,54,D0.3|D1.3
768,12,0,CAP.0|D0.0|D1.0|PAR.0|PASS.0|TRI.0
769,12,1,D0.5|D1.5|PAR.5
770,12,2,D0.4|D1.4|PAR.4
771,12,3,D0.4|D1.4
776,12,8,D0.2|D1.2
777,12,9,D0.2|D1.2
778,12,10,D0.2|D1.2
779,12,11,D0.2|D1.2
784,12,16,D0.1|D1.1
785,12,17,D0.5|D1.5
786,12,18,D0.1|D1.1
787,12,19,D0.4|D1.4
792,12,24,D0.1|D1.1
793,12,25,D0.5|D1.5
794,12,26,D0.1|D1.1
795,12,27,D0.1|D1.1
832,13,0,CAP.0|D0.0|D1.0|PAR.0|PASS.0|TRI.0
833,13,1,D0.5|D1.5|PAR.5
834,13,2,D0.4|PAR.4
840,13,8,D0.2|D1.2|PAR.2
841,13,9,D0.5|D1.5
842,13,10,D0.2|PAR.2
848,13,16,D0.1|D1.1|PASS.1
849,13,17,D0.5|D1.5
856,13,24,D0.1|D1.1
857,13,25,D0.5|D1.5
896,14,0,CAP.0|D0.0|D1.0|PAR.0|PASS.0|TRI.0
897,14,1,D0.5|D1.5|PAR.5
898,14,2,D0.4|PAR.4
904,14,8,D0.2|D1.2|TRI.2
912,14,16,D0.1|D1.1|PASS.1
920,14,24,D0.1|D1.1
960,15,0,CAP.0|D0.0|D1.0|PAR.0|PASS.0|TRI.0
961,15,1,D0.5|D1.5|PASS.5
964,15,4,D0.3|D1.3|PAR.3
965,15,5,D0.3|D1.3
968,15,8,D0.2|PAR.2
992,15,32,D0.0|D1.0|PAR.0
993,15,33,D0.5|D1.5
996,15,36,D0.3|D1.3
997,15,37,D0.3|D1.3
1000,15,40,D0.0|PAR.0
1024,16,0,CAP.0|D0.0|D1.0|PAR.0|PASS.0|TRI.0
1025,16,1,D0.5|D1.5|PASS.5
1028,16,4,D0.3|D1.3
1029,16,5,D0.3|D1.3
1032,16,8,CAP.2|D0.2|D1.2|PAR.2
1033,16,9,D0.5|D1.5
1036,16,12,D0.2|D1.2
1037,16,13,D0.2|D1.2
1040,16,16,CAP.1|D0.1|PASS.1
1048,16,24,CAP.1|D0.1
1056,16,32,D0.0|D1.0|PAR.0
1057,16,33,D0.5|D1.5
1060,16,36,D0.3|D1.3
1061,16,37,D0.3|D1.3
1064,16,40,D0.0|D1.0
1065,16,41,D0.5|D1.5
1068,16,44,D0.0|D1.0
1069,16,45,D0.2|D1.2
1088,17,0,CAP.0|D0.0|D1.0|PAR.0|PASS.0|TRI.0
1089,17,1,D0.5|D1.5|PASS.5
1092,17,4,D0.3|D1.3
1093,17,5,D0.3|D1.3
1096,17,8,D0.2|D1.2|PASS.2|TRI.2
1097,17,9,D0.2|D1.2
1100,17,12,D0.2|D1.2
1101,17,13,D0.2|D1.2
1104,17,16,CAP.1|D0.1|PASS.1
1112,17,24,D0.1|PASS.1
1120,17,32,D0.0|D1.0|PAR.0
1121,17,33,D0.5|D1.5
1124,17,36,D0.3|D1.3
1125,17,37,D0.3|D1.3
1128,17,40,D0.0|D1.0
1129,17,41,D0.5|D1.5
1132,17,44,D0.0|D1.0
1133,17,45,D0.2|D1.2
1152,18,0,CAP.0|D0.0|D1.0|PAR.0|PASS.0|TRI.0
1154,18,2,D0.4|D1.4|PAR.4
1156,18,4,D0.3|D1.3|PASS.3
1158,18,6,D0.3|D1.3
1168,18,16,D0.1|D1.1|PAR.1
1170,18,18,D0.4|D1.4
1172,18,20,D0.1|D1.1
1174,18,22,D0.1|D1.1
1184,18,32,D0.0|PAR.0
1186,18,34,D0.4|PAR.4
1216,19,0,CAP.0|D0.0|D1.0|PAR.0|PASS.0|TRI.0
1218,19,2,D0.4|D1.4
1220,19,4,D0.3|D1.3
1222,19,6,D0.3|D1.3
1232,19,16,D0.1|D1.1|PAR.1
1234,19,18,D0.4|D1.4
1236,19,20,D0.1|D1.1
1238,19,22,D0.1|D1.1
1248,19,32,D0.0|D1.0|PAR.0
1250,19,34,D0.4|D1.4
1252,19,36,D0.3|D1.3
1254,19,38,D0.3|D1.3
1264,19,48,D0.0|D1.0
1266,19,50,D0.4|D1.4
1268,19,52,D0.0|D1.0
1270,19,54,D0.3|D1.3
1280,20,0,CAP.0|D0.0|D1.0|PAR.0|PASS.0|TRI.0
1282,20,2,D0.4|D1.4
1284,20,4,D0.3|D1.3
1286,20,6,D0.3|D1.3
1296,20,16,D0.1|D1.1|TRI.1
1298,20,18,D0.1|D1.1
1300,20,20,D0.1|D1.1
1302,20,22,D0.1|D1.1
1312,20,32,D0.0|D1.0|TRI.0
1314,20,34,D0.4|D1.4
1316,20,36,D0.0|D1.0
1318,20,38,D0.3|D1.3
1328,20,48,D0.0|D1.0
1330,20,50,D0.4|D1.4
1332,20,52,D0.0|D1.0
1334,20,54,D0.0|D1.0
1344,21,0,CAP.0|D0.0|D1.0|PAR.0|PASS.0|TRI.0
1346,21,2,D0.4|D1.4|TRI.4
1348,21,4,D0.3|D1.3|PASS.3
1350,21,6,D0.3|D1.3
1360,21,16,D0.1|D1.1|PAR.1
1376,21,32,D0.0|PAR.0
1408,22,0,CAP.0|D0.0|D1.0|PAR.0|PASS.0|TRI.0
1410,22,2,D0.4|D1.4|TRI.4
1412,22,4,D0.3|D1.3|PASS.3
1414,22,6,D0.3|D1.3
1424,22,16,D0.1|D1.1|TRI.1
1426,22,18,D0.4|D1.4
1428,22,20,D0.1|D1.1
1430,22,22,D0.1|D1.1
1440,22,32,D0.0|D1.0|TRI.0
1442,22,34,D0.4|D1.4|TRI.4
1444,22,36,D0.3|D1.3
1446,22,38,D0.3|D1.3
1456,22,48,D0.0|D1.0
1458,22,50,D0.4|D1.4
1460,22,52,D0.0|D1.0
1462,22,54,D0.0|D1.0
1472,23,0,CAP.0|D0.0|D1.0|PAR.0|PASS.0|TRI.0
1473,23,1,D0.5|D1.5
1474,23,2,CAP.4|D0.4|D1.4|PAR.4
1475,23,3,D0.4|D1.4
1476,23,4,CAP.3|D0.3|PASS.3
1478,23,6,CAP.3|D0.3
1480,23,8,D0.2|D1.2|PAR.2
1481,23,9,D0.5|D1.5
1482,23,10,D0.2|D1.2
1483,23,11,D0.2|D1.2
1488,23,16,D0.1|D1.1|PASS.1
1489,23,17,D0.5|D1.5
1490,23,18,D0.1|D1.1
1491,23,19,D0.4|D1.4
1496,23,24,D0.1|D1.1
1497,23,25,D0.5|D1.5
1498,23,26,D0.1|D1.1
1499,23,27,D0.4|D1.4
1536,24,0,CAP.0|D0.0|D1.0|PAR.0|PASS.0|TRI.0
1537,24,1,D0.5|D1.5
1538,24,2,CAP.4|D0.4|D1.4|PAR.4
1539,24,3,D0.4|D1.4
1540,24,4,CAP.3|D0.3|PASS.3
1542,24,6,CAP.3|D0.3
1544,24,8,D0.2|D1.2|TRI.2
1545,24,9,D0.2|D1.2
1546,24,10,D0.2|D1.2
1547,24,11,D0.2|D1.2
1552,24,16,D0.1|D1.1|PASS.1
1553,24,17,D0.5|D1.5
1554,24,18,D0.1|D1.1
1555,24,19,D0.4|D1.4
1560,24,24,D0.1|D1.1
1561,24,25,D0.5|D1.5
1562,24,26,D0.1|D1.1
1563,24,27,D0.1|D1.1
1600,25,0,CAP.0|D0.0|D1.0|PAR.0|PASS.0|TRI.0
1601,25,1,D0.5|D1.5
1602,25,2,D0.4|D1.4|PASS.4|TRI.4
1603,25,3,D0.4|D1.4
1604,25,4,CAP.3|D0.3|PASS.3
1606,25,6,D0.3|PASS.3
1608,25,8,D0.2|D1.2|PAR.2
1609,25,9,D0.5|D1.5
1610,25,10,D0.2|D1.2
1611,25,11,D0.2|D1.2
1616,25,16,D0.1|D1.1|PASS.1
1617,25,17,D0.5|D1.5
1618,25,18,D0.4|D1.4
1619,25,19,D0.4|D1.4
1624,25,24,D0.1|D1.1
1625,25,25,D0.5|D1.5
1626,25,26,D0.1|D1.1
1627,25,27,D0.4|D1.4
1664,26,0,CAP.0|D0.0|D1.0|PAR.0|PASS.0|TRI.0
1665,26,1,D0.5|D1.5
1668,26,4,D0.3|D1.3|PAR.3
1669,26,5,D0.3|D1.3
1672,26,8,D0.2|D1.2|PAR.2
1673,26,9,D0.5|D1.5
1676,26,12,D0.2|D1.2
1677,26,13,D0.2|D1.2
1696,26,32,D0.0|D1.0
1697,26,33,D0.5|D1.5
1700,26,36,D0.0|D1.0
1701,26,37,D0.3|D1.3
1704,26,40,D0.0|D1.0
1705,26,41,D0.5|D1.5
1708,26,44,D0.0|D1.0
1709,26,45,D0.5|D1.5
1728,27,0,CAP.0|D0.0|D1.0|PAR.0|PASS.0|TRI.0
1729,27,1,D0.5|D1.5
1732,27,4,D0.3|D1.3|TRI.3
1733,27,5,D0.3|D1.3
1736,27,8,D0.2|D1.2|TRI.2
1737,27,9,D0.2|D1.2
1740,27,12,D0.2|D1.2
1741,27,13,D0.2|D1.2
1760,27,32,D0.0|D1.0
1761,27,33,D0.5|D1.5
1764,27,36,D0.3|D1.3
1765,27,37,D0.3|D1.3
1768,27,40,D0.0|D1.0
1769,27,41,D0.5|D1.5
1772,27,44,D0.0|D1.0
1773,27,45,D0.2|D1.2
1792,28,0,CAP.0|D0.0|D1.0|PAR.0|PASS.0|TRI.0
1793,28,1,D0.5|D1.5|TRI.5
1794,28,2,D0.4|D1.4|TRI.4
1795,28,3,D0.4|D1.4
1800,28,8,D0.2|D1.2
1801,28,9,D0.5|D1.5
1802,28,10,D0.2|D1.2
1803,28,11,D0.2|D1.2
1808,28,16,D0.1|D1.1
1809,28,17,D0.5|D1.5
1810,28,18,D0.4|D1.4
1811,28,19,D0.4|D1.4
1816,28,24,D0.1|D1.1
1817,28,25,D0.5|D1.5
1818,28,26,D0.1|D1.1
1819,28,27,D0.4|D1.4
1856,29,0,CAP.0|D0.0|D1.0|PAR.0|PASS.0|TRI.0
1857,29,1,D0.5|D1.5|TRI.5
1858,29,2,D0.4|D1.4|TRI.4
1859,29,3,D0.4|D1.4
1864,29,8,D0.2|D1.2|TRI.2
1865,29,9,D0.5|D1.5
1866,29,10,D0.2|D1.2|TRI.2
1867,29,11,D0.2|D1.2
1872,29,16,D0.1|D1.1|PASS.1
1873,29,17,D0.5|D1.5
1874,29,18,D0.1|D1.1
1875,29,19,D0.4|D1.4
1880,29,24,D0.1|D1.1
1881,29,25,D0.5|D1.5
1882,29,26,D0.1|D1.1
1883,29,27,D0.4|D1.4
1920,30,0,CAP.0|D0.0|D1.0|PAR.0|PASS.0|TRI.0
1921,30,1,D0.5|D1.5|PASS.5
1924,30,4,D0.3|D1.3|PAR.3
1928,30,8,D0.2|PAR.2
1952,30,32,D0.0|D1.0|TRI.0
1953,30,33,D0.5|D1.5
1984,31,0,CAP.0|D0.0|D1.0|PAR.0|PASS.0|TRI.0
1985,31,1,D0.5|D1.5|PASS.5
1988,31,4,D0.3|D1.3
1989,31,5,D0.3|D1.3
1992,31,8,CAP.2|D0.2|D1.2|PAR.2
1993,31,9,D0.5|D1.5
1996,31,12,D0.2|D1.2
1997,31,13,D0.2|D1.2
2000,31,16,CAP.1|D0.1|PASS.1
2008,31,24,CAP.1|D0.1
2016,31,32,D0.0|D1.0|TRI.0
2017,31,33,D0.5|D1.5
2020,31,36,D0.0|D1.0
2021,31,37,D0.3|D1.3
2024,31,40,D0.0|D1.0
2025,31,41,D0.5|D1.5
2028,31,44,D0.0|D1.0
2029,31,45,D0.5|D1.5
2048,32,0,CAP.0|D0.0|D1.0|PAR.0|PASS.0|TRI.0
2049,32,1,D0.5|D1.5|PASS.5
2052,32,4,D0.3|D1.3|TRI.3
2053,32,5,D0.3|D1.3
2056,32,8,D0.2|D1.2|TRI.2
2057,32,9,D0.2|D1.2
2060,32,12,D0.2|D1.2
2061,32,13,D0.2|D1.2
2080,32,32,D0.0|D1.0|TRI.0
2081,32,33,D0.5|D1.5
2084,32,36,D0.3|D1.3
2085,32,37,D0.3|D1.3
2088,32,40,D0.0|D1.0|TRI.0
2089,32,41,D0.5|D1.5
2092,32,44,D0.0|D1.0
2093,32,45,D0.2|D1.2
2112,33,0,CAP.0|D0.0|D1.0|PAR.0|PASS.0|TRI.0
2113,33,1,D1.5|PAR.5
2114,33,2,D0.4|D1.4|PAR.4
2116,33,4,D0.3|D1.3|PASS.3
2118,33,6,D0.3|D1.3
2128,33,16,D0.1|D1.1|PAR.1
2129,33,17,D1.5|PAR.5
2130,33,18,D0.4|D1.4
2132,33,20,D0.1|D1.1
2134,33,22,D0.1|D1.1
2144,33,32,D0.0|D1.0|PAR.0
2146,33,34,D1.4|PAR.4
2160,33,48,D0.0|D1.0
2176,34,0,CAP.0|D0.0|D1.0|PAR.0|PASS.0|TRI.0
2177,34,1,D1.5|PAR.5
2178,34,2,D0.4|D1.4|PAR.4
2180,34,4,D0.3|D1.3|PASS.3
2182,34,6,D0.3|D1.3
2192,34,16,D0.1|D1.1|TRI.1
2208,34,32,D0.0|D1.0|TRI.0
2224,34,48,D0.0|D1.0
2240,35,0,CAP.0|D0.0|D1.0|PAR.0|PASS.0|TRI.0
2242,35,2,D0.4|D1.4|PAR.4
2244,35,4,D0.3|D1.3|PASS.3
2246,35,6,D0.3|D1.3
2256,35,16,D0.1|D1.1
2258,35,18,D0.1|D1.1
2260,35,20,D0.1|D1.1
2262,35,22,D0.1|D1.1
2272,35,32,CAP.0|D0.0|D1.0|PAR.0
2274,35,34,D0.4|D1.4
2276,35,36,D0.3|D1.3
2278,35,38,D0.3|D1.3
2288,35,48,D0.0|D1.0
2290,35,50,D0.4|D1.4
2292,35,52,D0.0|D1.0
2294,35,54,D0.0|D1.0
2304,36,0,CAP.0|D0.0|D1.0|PAR.0|PASS.0|TRI.0
2306,36,2,D0.4|D1.4|PAR.4
2308,36,4,D0.3|D1.3|PASS.3
2310,36,6,D0.3|D1.3
2320,36,16,D0.1|D1.1
2322,36,18,D0.1|D1.1
2324,36,20,D0.1|D1.1
2326,36,22,D0.1|D1.1
2336,36,32,D0.0|D1.0|PASS.0|TRI.0
2338,36,34,D0.4|D1.4
2340,36,36,D0.0|D1.0
2342,36,38,D0.3|D1.3
2352,36,48,D0.0|D1.0
2354,36,50,D0.4|D1.4
2356,36,52,D0.0|D1.0
2358,36,54,D0.0|D1.0
2368,37,0,CAP.0|D0.0|D1.0|PAR.0|PASS.0|TRI.0
2370,37,2,D0.4|D1.4|TRI.4
2372,37,4,D0.3|D1.3|PASS.3
2374,37,6,D0.3|D1.3
2384,37,16,D0.1|D1.1
2386,37,18,D0.4|D1.4
2388,37,20,D0.1|D1.1
2390,37,22,D0.1|D1.1
2400,37,32,CAP.0|D0.0|D1.0|PAR.0
2402,37,34,D0.4|D1.4
2404,37,36,D0.3|D1.3
2406,37,38,D0.3|D1.3
2416,37,48,D0.0|D1.0
2418,37,50,D0.4|D1.4
2420,37,52,D0.0|D1.0
2422,37,54,D0.3|D1.3
2432,38,0,CAP.0|D0.0|D1.0|PAR.0|PASS.0|TRI.0
2433,38,1,D0.5|D1.5|PAR.5
2434,38,2,D0.4|D1.4|PAR.4
2435,38,3,D0.4|D1.4
2436,38,4,D1.3|PAR.3
2437,38,5,D1.3|PAR.3
2440,38,8,D0.2|D1.2|PAR.2
2441,38,9,D0.5|D1.5
2442,38,10,D1.2|PAR.2
2448,38,16,D0.1|D1.1|PASS.1
2449,38,17,D0.5|D1.5
2456,38,24,D0.1|D1.1
2457,38,25,D0.5|D1.5
2496,39,0,CAP.0|D0.0|D1.0|PAR.0|PASS.0|TRI.0
2497,39,1,D0.5|D1.5|PAR.5
2498,39,2,D0.4|D1.4|PAR.4
2499,39,3,D0.4|D1.4
2504,39,8,D0.2|D1.2
2505,39,9,D0.2|D1.2
2506,39,10,D0.2|D1.2
2507,39,11,D0.2|D1.2
2512,39,16,D0.1|D1.1
2513,39,17,D0.5|D1.5
2514,39,18,D0.1|D1.1
2515,39,19,D0.4|D1.4
2520,39,24,D0.1|D1.1
2521,39,25,D0.5|D1.5
2522,39,26,D0.1|D1.1
2523,39,27,D0.1|D1.1
2560,40,0,CAP.0|D0.0|D1.0|PAR.0|PASS.0|TRI.0
2561,40,1,D0.5|D1.5|PASS.5
2564,40,4,D0.3|D1.3|PAR.3
2565,40,5,D0.3|D1.3
2568,40,8,D0.2|D1.2|PAR.2
2572,40,12,D0.2|D1.2
2576,40,16,D1.1|PAR.1
2580,40,20,D1.1|PAR.1
2592,40,32,D0.0|D1.0|PAR.0
2593,40,33,D0.5|D1.5
2596,40,36,D0.3|D1.3
2597,40,37,D0.3|D1.3
2600,40,40,D1.0|PAR.0
2624,41,0,CAP.0|D0.0|D1.0|PAR.0|PASS.0|TRI.0
2625,41,1,D0.5|D1.5|PASS.5
2628,41,4,D0.3|D1.3
2629,41,5,D0.3|D1.3
2632,41,8,CAP.2|D0.2|D1.2|PAR.2
2633,41,9,D0.5|D1.5
2636,41,12,D0.2|D1.2
2637,41,13,D0.2|D1.2
2656,41,32,D0.0|D1.0|PAR.0
2657,41,33,D0.5|D1.5
2660,41,36,D0.3|D1.3
2661,41,37,D0.3|D1.3
2664,41,40,D0.0|D1.0
2665,41,41,D0.5|D1.5
2668,41,44,D0.0|D1.0
2669,41,45,D0.2|D1.2
2688,42,0,CAP.0|D0.0|D1.0|PAR.0|PASS.0|TRI.0
2689,42,1,D0.5|D1.5|PASS.5
2692,42,4,D0.3|D1.3
2693,42,5,D0.3|D1.3
2696,42,8,D0.2|D1.2|PASS.2|TRI.2
2697,42,9,D0.2|D1.2
2700,42,12,D0.2|D1.2
2701,42,13,D0.2|D1.2
2720,42,32,D0.0|D1.0|PAR.0
2721,42,33,D0.5|D1.5
2724,42,36,D0.3|D1.3
2725,42,37,D0.3|D1.3
2728,42,40,D0.0|D1.0
2729,42,41,D0.5|D1.5
2732,42,44,D0.0|D1.0
2733,42,45,D0.2|D1.2
2752,43,0,CAP.0|D0.0|D1.0|PAR.0|PASS.0|TRI.0
2753,43,1,D0.5|D1.5|PASS.5
2756,43,4,D0.3|D1.3|TRI.3
2760,43,8,D0.2|D1.2|TRI.2
2764,43,12,D0.2|D1.2
2768,43,16,D1.1|PAR.1
2784,43,32,D0.0|D1.0|PAR.0
2785,43,33,D0.5|D1.5
2816,44,0,CAP.0|D0.0|D1.0|PAR.0|PASS.0|TRI.0
2817,44,1,D0.5|D1.5
2818,44,2,CAP.4|D0.4|D1.4|PAR.4
2819,44,3,D0.4|D1.4
2824,44,8,D0.2|D1.2|PAR.2
2825,44,9,D0.5|D1.5
2826,44,10,D0.2|D1.2
2827,44,11,D0.2|D1.2
2832,44,16,D0.1|D1.1|PASS.1
2833,44,17,D0.5|D1.5
2834,44,18,D0.1|D1.1
2835,44,19,D0.4|D1.4
2840,44,24,D0.1|D1.1
2841,44,25,D0.5|D1.5
2842,44,26,D0.1|D1.1
2843,44,27,D0.4|D1.4
2880,45,0,CAP.0|D0.0|D1.0|PAR.0|PASS.0|TRI.0
2881,45,1,D0.5|D1.5
2882,45,2,CAP.4|D0.4|D1.4|PAR.4
2883,45,3,D0.4|D1.4
2888,45,8,D0.2|D1.2|TRI.2
2889,45,9,D0.2|D1.2
2890,45,10,D0.2|D1.2
2891,45,11,D0.2|D1.2
2896,45,16,D0.1|D1.1|PASS.1
2897,45,17,D0.5|D1.5
2898,45,18,D0.1|D1.1
2899,45,19,D0.4|D1.4
2904,45,24,D0.1|D1.1
2905,45,25,D0.5|D1.5
2906,45,26,D0.1|D1.1
2907,45,27,D0.1|D1.1
2944,46,0,CAP.0|D0.0|D1.0|PAR.0|PASS.0|TRI.0
2945,46,1,D0.5|D1.5
2946,46,2,D0.4|D1.4|PASS.4|TRI.4
2947,46,3,D0.4|D1.4
2952,46,8,D0.2|D1.2|PAR.2
2953,46,9,D0.5|D1.5
2954,46,10,D0.2|D1.2
2955,46,11,D0.2|D1.2
2960,46,16,D0.1|D1.1|PASS.1
2961,46,17,D0.5|D1.5
2962,46,18,D0.4|D1.4
2963,46,19,D0.4|D1.4
2968,46,24,D0.1|D1.1
2969,46,25,D0.5|D1.5
2970,46,26,D0.1|D1.1
2971,46,27,D0.4|D1.4
3008,47,0,CAP.0|D0.0|D1.0|PAR.0|PASS.0|TRI.0
3010,47,2,D0.4|D1.4
3012,47,4,D0.3|D1.3
3014,47,6,D0.3|D1.3
3024,47,16,D0.1|D1.1|PAR.1
3026,47,18,D0.4|D1.4
3028,47,20,D0.1|D1.1
3030,47,22,D0.1|D1.1
3040,47,32,D0.0|D1.0|PAR.0
3042,47,34,D0.4|D1.4
3044,47,36,D0.3|D1.3
3046,47,38,D0.3|D1.3
3056,47,48,D0.0|D1.0
3058,47,50,D0.4|D1.4
3060,47,52,D0.0|D1.0
3062,47,54,D0.3|D1.3
3072,48,0,CAP.0|D0.0|D1.0|PAR.0|PASS.0|TRI.0
3074,48,2,D0.4|D1.4
3076,48,4,D0.3|D1.3
3078,48,6,D0.3|D1.3
3088,48,16,D0.1|D1.1|TRI.1
3090,48,18,D0.1|D1.1
3092,48,20,D0.1|D1.1
3094,48,22,D0.1|D1.1
3104,48,32,D0.0|D1.0|TRI.0
3106,48,34,D0.4|D1.4
3108,48,36,D0.0|D1.0
3110,48,38,D0.3|D1.3
3120,48,48,D0.0|D1.0
3122,48,50,D0.4|D1.4
3124,48,52,D0.0|D1.0
3126,48,54,D0.0|D1.0
3136,49,0,CAP.0|D0.0|D1.0|PAR.0|PASS.0|TRI.0
3138,49,2,D0.4|D1.4|TRI.4
3140,49,4,D0.3|D1.3|PASS.3
3142,49,6,D0.3|D1.3
3152,49,16,D0.1|D1.1|TRI.1
3154,49,18,D0.4|D1.4
3156,49,20,D0.1|D1.1
3158,49,22,D0.1|D1.1
3168,49,32,D0.0|D1.0|TRI.0
3170,49,34,D0.4|D1.4|TRI.4
3172,49,36,D0.3|D1.3
3174,49,38,D0.3|D1.3
3184,49,48,D0.0|D1.0
3186,49,50,D0.4|D1.4
3188,49,52,D0.0|D1.0
3190,49,54,D0.0|D1.0
3200,50,0,CAP.0|D0.0|D1.0|PAR.0|PASS.0|TRI.0
3201,50,1,D0.5|D1.5
3204,50,4,D0.3|D1.3|PAR.3
3205,50,5,D0.3|D1.3
3208,50,8,D0.2|D1.2|PAR.2
3209,50,9,D0.5|D1.5
3212,50,12,D0.2|D1.2
3213,50,13,D0.2|D1.2
3232,50,32,D0.0|D1.0
3233,50,33,D0.5|D1.5
3236,50,36,D0.0|D1.0
3237,50,37,D0.3|D1.3
3240,50,40,D0.0|D1.0
3241,50,41,D0.5|D1.5
3244,50,44,D0.0|D1.0
3245,50,45,D0.5|D1.5
3264,51,0,CAP.0|D0.0|D1.0|PAR.0|PASS.0|TRI.0
3265,51,1,D0.5|D1.5
3268,51,4,D0.3|D1.3|TRI.3
3269,51,5,D0.3|D1.3
3272,51,8,D0.2|D1.2|TRI.2
3273,51,9,D0.2|D1.2
3276,51,12,D0.2|D1.2
3277,51,13,D0.2|D1.2
3296,51,32,D0.0|D1.0
3297,51,33,D0.5|D1.5
3300,51,36,D0.3|D1.3
3301,51,37,D0.3|D1.3
3304,51,40,D0.0|D1.0
3305,51,41,D0.5|D1.5
3308,51,44,D0.0|D1.0
3309,51,45,D0.2|D1.2
3328,52,0,CAP.0|D0.0|D1.0|PAR.0|PASS.0|TRI.0
3329,52,1,D0.5|D1.5|TRI.5
3330,52,2,D0.4|D1.4|TRI.4
3331,52,3,D0.4|D1.4
3332,52,4,D1.3|PAR.3
3336,52,8,D0.2|D1.2|PAR.2
3344,52,16,D0.1|D1.1|PASS.1
3352,52,24,D0.1|D1.1
3392,53,0,CAP.0|D0.0|D1.0|PAR.0|PASS.0|TRI.0
3393,53,1,D0.5|D1.5|TRI.5
3394,53,2,D0.4|D1.4|TRI.4
3395,53,3,D0.4|D1.4
3400,53,8,D0.2|D1.2
3401,53,9,D0.5|D1.5
3402,53,10,D0.2|D1.2
3403,53,11,D0.2|D1.2
3408,53,16,D0.1|D1.1
3409,53,17,D0.5|D1.5
3410,53,18,D0.4|D1.4
3411,53,19,D0.4|D1.4
3416,53,24,D0.1|D1.1
3417,53,25,D0.5|D1.5
3418,53,26,D0.1|D1.1
3419,53,27,D0.4|D1.4
3456,54,0,CAP.0|D0.0|D1.0|PAR.0|PASS.0|TRI.0
3457,54,1,D0.5|D1.5|TRI.5
3458,54,2,D0.4|D1.4|TRI.4
3459,54,3,D0.4|D1.4
3464,54,8,D0.2|D1.2|TRI.2
3465,54,9,D0.5|D1.5
3466,54,10,D0.2|D1.2|TRI.2
3467,54,11,D0.2|D1.2
3472,54,16,D0.1|D1.1|PASS.1
3473,54,17,D0.5|D1.5
3474,54,18,D0.1|D1.1
3475,54,19,D0.4|D1.4
3480,54,24,D0.1|D1.1
3481,54,25,D0.5|D1.5
3482,54,26,D0.1|D1.1
3483,54,27,D0.4|D1.4
3520,55,0,CAP.0|D0.0|D1.0|PAR.0|PASS.0|TRI.0
3521,55,1,D0.5|D1.5|PASS.5
3524,55,4,D0.3|D1.3
3525,55,5,D0.3|D1.3
3528,55,8,CAP.2|D0.2|D1.2|PAR.2
3529,55,9,D0.5|D1.5
3532,55,12,D0.2|D1.2
3533,55,13,D0.2|D1.2
3552,55,32,D0.0|D1.0|TRI.0
3553,55,33,D0.5|D1.5
3556,55,36,D0.0|D1.0
3557,55,37,D0.3|D1.3
3560,55,40,D0.0|D1.0
3561,55,41,D0.5|D1.5
3564,55,44,D0.0|D1.0
3565,55,45,D0.5|D1.5
3584,56,0,CAP.0|D0.0|D1.0|PAR.0|PASS.0|TRI.0
3585,56,1,D0.5|D1.5|PASS.5
3588,56,4,D0.3|D1.3|TRI.3
3589,56,5,D0.3|D1.3
3592,56,8,D0.2|D1.2|TRI.2
3593,56,9,D0.2|D1.2
3596,56,12,D0.2|D1.2
3597,56,13,D0.2|D1.2
3616,56,32,D0.0|D1.0|TRI.0
3617,56,33,D0.5|D1.5
3620,56,36,D0.3|D1.3
3621,56,37,D0.3|D1.3
3624,56,40,D0.0|D1.0|TRI.0
3625,56,41,D0.5|D1.5
3628,56,44,D0.0|D1.0
3629,56,45,D0.2|D1.2
3648,57,0,CAP.0|D0.0|D1.0|PAR.0|PASS.0|TRI.0
3649,57,1,D1.5|PAR.5
3650,57,2,PAR.4|PASS.4|TRI.4
3652,57,4,PAR.3|PASS.3|TRI.3
3654,57,6,PAR.3|PASS.3|TRI.3
3656,57,8,D0.2|PAR.2
3664,57,16,D0.1|D1.1|PAR.1
3665,57,17,D1.5|PAR.5
3680,57,32,D0.0|D1.0|PAR.0
3688,57,40,D0.0|PAR.0
3712,58,0,CAP.0|D0.0|D1.0|PAR.0|PASS.0|TRI.0
3713,58,1,D1.5|PAR.5
3714,58,2,PAR.4|PASS.4|TRI.4
3716,58,4,PAR.3|PASS.3|TRI.3
3718,58,6,PAR.3|PASS.3|TRI.3
3720,58,8,D0.2|PAR.2
3728,58,16,D0.1|D1.1|PAR.1
3729,58,17,D1.5|PAR.5
3744,58,32,D0.0|D1.0|PAR.0
3752,58,40,D0.0|PAR.0
3776,59,0,CAP.0|D0.0|D1.0|PAR.0|PASS.0|TRI.0
3777,59,1,PAR.5|PASS.5|TRI.5
3778,59,2,D0.4|PAR.4
3780,59,4,D0.3|D1.3|PAR.3
3784,59,8,D0.2|D1.2|PAR.2
3786,59,10,D0.2|PAR.2
3792,59,16,D1.1|PAR.1
3796,59,20,D1.1|PAR.1
3808,59,32,PAR.0|PASS.0|TRI.0
3809,59,33,PAR.5|PASS.5|TRI.5
3840,60,0,CAP.0|D0.0|D1.0|PAR.0|PASS.0|TRI.0
3841,60,1,PAR.5|PASS.5|TRI.5
3842,60,2,PAR.4|TRI.4
3843,60,3,PAR.4|TRI.4
3844,60,4,CAP.3|PAR.3|TRI.3
3845,60,5,PAR.3|TRI.3
3846,60,6,PAR.3|TRI.3
3847,60,7,PAR.3|TRI.3
3848,60,8,CAP.2|PAR.2|TRI.2
3849,60,9,PAR.5|TRI.5
3850,60,10,PAR.2|TRI.2
3851,60,11,PAR.2|TRI.2
3852,60,12,CAP.2|PAR.2|TRI.2
3853,60,13,PAR.2|TRI.2
3854,60,14,PAR.2|TRI.2
3855,60,15,PAR.2|TRI.2
3856,60,16,CAP.1|PAR.1
3860,60,20,CAP.1|PAR.1
3864,60,24,CAP.1|PAR.1
3868,60,28,CAP.1|PAR.1
3872,60,32,CAP.0|D0.0|D1.0|PAR.0
3876,60,36,CAP.3|PAR.3
3880,60,40,CAP.0|PAR.0
3884,60,44,CAP.0|PAR.0
3888,60,48,CAP.0|PAR.0
3892,60,52,CAP.0|PAR.0
3896,60,56,CAP.0|PAR.0
3900,60,60,CAP.0|PAR.0
3904,61,0,CAP.0|D0.0|D1.0|PAR.0|PASS.0|TRI.0
3905,61,1,PAR.5|PASS.5|TRI.5
3906,61,2,PAR.4|PASS.4|TRI.4
3907,61,3,PAR.4|PASS.4|TRI.4
3908,61,4,CAP.3|PAR.3|TRI.3
3909,61,5,PAR.3|TRI.3
3910,61,6,PAR.3|TRI.3
3911,61,7,PAR.3|TRI.3
3912,61,8,CAP.2|PAR.2|TRI.2
3913,61,9,PAR.5|TRI.5
3914,61,10,PAR.2|TRI.2
3915,61,11,PAR.2|TRI.2
3916,61,12,CAP.2|PAR.2|TRI.2
3917,61,13,PAR.2|TRI.2
3918,61,14,PAR.2|TRI.2
3919,61,15,PAR.2|TRI.2
3920,61,16,CAP.1|PAR.1
3924,61,20,CAP.1|PAR.1
3928,61,24,CAP.1|PAR.1
3932,61,28,CAP.1|PAR.1
3936,61,32,CAP.0|D0.0|D1.0|PAR.0
3940,61,36,CAP.3|PAR.3
3944,61,40,CAP.0|PAR.0
3948,61,44,CAP.0|PAR.0
3952,61,48,CAP.0|PAR.0
3956,61,52,CAP.0|PAR.0
3960,61,56,CAP.0|PAR.0
3964,61,60,CAP.0|PAR.0
3968,62,0,CAP.0|D0.0|D1.0|PAR.0|PASS.0|TRI.0
3969,62,1,PAR.5|PASS.5|TRI.5
3970,62,2,D0.4|PAR.4
3972,62,4,D0.3|D1.3|PAR.3
3976,62,8,D0.2|D1.2|PAR.2
3978,62,10,D0.2|PAR.2
3984,62,16,D1.1|PAR.1
3988,62,20,D1.1|PAR.1
4000,62,32,PAR.0|PASS.0|TRI.0
4001,62,33,PAR.5|PASS.5|TRI.5
4032,63,0,CAP.0|D0.0|D1.0|PAR.0|PASS.0|TRI.0
4033,63,1,PAR.5|PASS.5|TRI.5
4034,63,2,D0.4|PAR.4
4036,63,4,D0.3|D1.3|PAR.3
4040,63,8,D0.2|D1.2|PAR.2
4042,63,10,D0.2|PAR.2
4048,63,16,CAP.1|PAR.1
4064,63,32,PAR.0|PASS.0|TRI.0
4065,63,33,PAR.5|PASS.5|TRI.5
4096,64,0,CAP.0|D0.0|D1.0|PAR.0|PASS.0|TRI.0
4097,64,1,PAR.5|PASS.5|TRI.5
4098,64,2,D0.4|D1.4|PAR.4
4100,64,4,D0.3|D1.3|PAR.3
4104,64,8,D0.2|D1.2|PAR.2
4106,64,10,D1.2|PAR.2
4112,64,16,CAP.1|PAR.1
4128,64,32,CAP.0|D0.0|D1.0|PAR.0
4144,64,48,CAP.0|PAR.0
4160,65,0,CAP.0|D0.0|D1.0|PAR.0|PASS.0|TRI.0
4161,65,1,PAR.5|PASS.5|TRI.5
4162,65,2,PAR.4|TRI.4
4163,65,3,PAR.4|TRI.4
4164,65,4,CAP.3|PAR.3|TRI.3
4165,65,5,PAR.3|TRI.3
4166,65,6,PAR.3|TRI.3
4167,65,7,PAR.3|TRI.3
4168,65,8,CAP.2|PAR.2|TRI.2
4169,65,9,PAR.5|TRI.5
4170,65,10,PAR.2|TRI.2
4171,65,11,PAR.2|TRI.2
4172,65,12,CAP.2|PAR.2|TRI.2
4173,65,13,PAR.2|TRI.2
4174,65,14,PAR.2|TRI.2
4175,65,15,PAR.2|TRI.2
4176,65,16,CAP.1|PAR.1
4180,65,20,CAP.1|PAR.1
4184,65,24,CAP.1|PAR.1
4188,65,28,CAP.1|PAR.1
4192,65,32,CAP.0|D0.0|D1.0|PAR.0
4196,65,36,CAP.3|PAR.3
4200,65,40,CAP.0|PAR.0
4204,65,44,CAP.0|PAR.0
4208,65,48,CAP.0|PAR.0
4212,65,52,CAP.0|PAR.0
4216,65,56,CAP.0|PAR.0
4220,65,60,CAP.0|PAR.0
4224,66,0,CAP.0|D0.0|D1.0|PAR.0|PASS.0|TRI.0
4225,66,1,D0.5|D1.5|PAR.5
4226,66,2,D0.4|D1.4|PAR.4
4228,66,4,D1.3|PAR.3
4229,66,5,D1.3|PAR.3
4232,66,8,PAR.2|PASS.2|TRI.2
4240,66,16,PAR.1|PASS.1|TRI.1
4248,66,24,PAR.1|PASS.1|TRI.1
4256,66,32,D0.0|PAR.0
4258,66,34,D0.4|PAR.4
4288,67,0,CAP.0|D0.0|D1.0|PAR.0|PASS.0|TRI.0
4289,67,1,D0.5|D1.5|PAR.5
4290,67,2,D0.4|D1.4|PAR.4
4292,67,4,D1.3|PAR.3
4293,67,5,D1.3|PAR.3
4296,67,8,PAR.2|PASS.2|TRI.2
4304,67,16,PAR.1|PASS.1|TRI.1
4312,67,24,PAR.1|PASS.1|TRI.1
4320,67,32,D0.0|PAR.0
4322,67,34,D0.4|PAR.4
4352,68,0,CAP.0|D0.0|D1.0|PAR.0|PASS.0|TRI.0
4353,68,1,D0.5|D1.5|PAR.5
4354,68,2,D0.4|D1.4|PAR.4
4356,68,4,CAP.3|PAR.3
4360,68,8,PAR.2|PASS.2|TRI.2
4368,68,16,PAR.1|PASS.1|TRI.1
4376,68,24,PAR.1|PASS.1|TRI.1
4384,68,32,D0.0|PAR.0
4386,68,34,D0.4|PAR.4
4416,69,0,CAP.0|D0.0|D1.0|PAR.0|PASS.0|TRI.0
4417,69,1,D0.5|D1.5|PAR.5
4418,69,2,D0.4|D1.4|PAR.4
4420,69,4,CAP.3|PAR.3
4424,69,8,CAP.2|D0.2|D1.2|PAR.2
4428,69,12,CAP.2|PAR.2
4432,69,16,PAR.1|PASS.1|TRI.1
4448,69,32,D0.0|D1.0|PAR.0
4450,69,34,D1.4|PAR.4
4480,70,0,CAP.0|D0.0|D1.0|PAR.0|PASS.0|TRI.0
4481,70,1,CAP.5|PAR.5
4482,70,2,PAR.4|PASS.4|TRI.4
4484,70,4,PAR.3|PASS.3|TRI.3
4486,70,6,PAR.3|PASS.3|TRI.3
4488,70,8,D0.2|PAR.2
4496,70,16,D0.1|D1.1|PAR.1
4512,70,32,D0.0|D1.0|PAR.0
4520,70,40,D0.0|PAR.0
4544,71,0,CAP.0|D0.0|D1.0|PAR.0|PASS.0|TRI.0
4545,71,1,CAP.5|PAR.5
4546,71,2,CAP.4|D0.4|D1.4|PAR.4
4547,71,3,CAP.4|PAR.4
4548,71,4,PAR.3|PASS.3|TRI.3
4552,71,8,PAR.2|TRI.2
4556,71,12,PAR.2|TRI.2
4560,71,16,CAP.1|PAR.1|TRI.1
4561,71,17,CAP.5|PAR.5
4562,71,18,CAP.1|PAR.1
4563,71,19,CAP.4|PAR.4
4564,71,20,PAR.1|TRI.1
4568,71,24,PAR.1|TRI.1
4572,71,28,PAR.1|TRI.1
4576,71,32,CAP.0|PAR.0|TRI.0
4577,71,33,CAP.5|PAR.5
4578,71,34,CAP.4|PAR.4
4579,71,35,CAP.4|PAR.4
4580,71,36,PAR.0|TRI.0
4584,71,40,PAR.0|TRI.0
4588,71,44,PAR.0|TRI.0
4592,71,48,CAP.0|PAR.0|TRI.0
4593,71,49,CAP.5|PAR.5
4594,71,50,CAP.4|PAR.4
4595,71,51,CAP.4|PAR.4
4596,71,52,PAR.0|TRI.0
4600,71,56,PAR.0|TRI.0
4604,71,60,PAR.0|TRI.0
4608,72,0,CAP.0|D0.0|D1.0|PAR.0|PASS.0|TRI.0
4609,72,1,CAP.5|PAR.5
4610,72,2,CAP.4|D0.4|D1.4|PAR.4
4611,72,3,CAP.4|PAR.4
4612,72,4,PAR.3|PASS.3|TRI.3
4616,72,8,PAR.2|PASS.2|TRI.2
4620,72,12,PAR.2|PASS.2|TRI.2
4624,72,16,CAP.1|PAR.1|TRI.1
4625,72,17,CAP.5|PAR.5
4626,72,18,CAP.1|PAR.1
4627,72,19,CAP.4|PAR.4
4628,72,20,PAR.1|TRI.1
4632,72,24,PAR.1|TRI.1
4636,72,28,PAR.1|TRI.1
4640,72,32,CAP.0|PAR.0|TRI.0
4641,72,33,CAP.5|PAR.5
4642,72,34,CAP.4|PAR.4
4643,72,35,CAP.4|PAR.4
4644,72,36,PAR.0|TRI.0
4648,72,40,PAR.0|TRI.0
4652,72,44,PAR.0|TRI.0
4656,72,48,CAP.0|PAR.0|TRI.0
4657,72,49,CAP.5|PAR.5
4658,72,50,CAP.4|PAR.4
4659,72,51,CAP.4|PAR.4
4660,72,52,PAR.0|TRI.0
4664,72,56,PAR.0|TRI.0
4668,72,60,PAR.0|TRI.0
4672,73,0,CAP.0|D0.0|D1.0|PAR.0|PASS.0|TRI.0
4673,73,1,CAP.5|PAR.5
4674,73,2,CAP.4|D0.4|D1.4|PAR.4
4675,73,3,CAP.4|PAR.4
4676,73,4,PAR.3|PASS.3|TRI.3
4680,73,8,D0.2|D1.2|PAR.2
4688,73,16,D0.1|D1.1|PAR.1
4704,73,32,D0.0|D1.0|PAR.0
4712,73,40,D1.0|PAR.0
4736,74,0,CAP.0|D0.0|D1.0|PAR.0|PASS.0|TRI.0
4737,74,1,CAP.5|PAR.5
4738,74,2,CAP.4|D0.4|D1.4|PAR.4
4739,74,3,CAP.4|PAR.4
4740,74,4,PAR.3|PASS.3|TRI.3
4744,74,8,PAR.2|TRI.2
4748,74,12,PAR.2|TRI.2
4752,74,16,CAP.1|PAR.1|TRI.1
4753,74,17,CAP.5|PAR.5
4754,74,18,CAP.1|PAR.1
4755,74,19,CAP.4|PAR.4
4756,74,20,PAR.1|TRI.1
4760,74,24,PAR.1|TRI.1
4764,74,28,PAR.1|TRI.1
4768,74,32,CAP.0|PAR.0|TRI.0
4769,74,33,CAP.5|PAR.5
4770,74,34,CAP.4|PAR.4
4771,74,35,CAP.4|PAR.4
4772,74,36,PAR.3|TRI.3
4776,74,40,PAR.0|TRI.0
4780,74,44,PAR.0|TRI.0
4784,74,48,CAP.0|PAR.0|TRI.0
4785,74,49,CAP.5|PAR.5
4786,74,50,CAP.4|PAR.4
4787,74,51,CAP.4|PAR.4
4788,74,52,PAR.0|TRI.0
4792,74,56,PAR.0|TRI.0
4796,74,60,PAR.0|TRI.0
4800,75,0,CAP.0|D0.0|D1.0|PAR.0|PASS.0|TRI.0
4801,75,1,CAP.5|PAR.5|TRI.5
4802,75,2,CAP.4|PAR.4|TRI.4
4803,75,3,CAP.4|PAR.4|TRI.4
4804,75,4,CAP.3|PAR.3
4805,75,5,CAP.3|PAR.3
4806,75,6,CAP.3|PAR.3
4807,75,7,CAP.3|PAR.3
4808,75,8,CAP.2|D0.2|D1.2|PAR.2
4809,75,9,CAP.5|PAR.5
4810,75,10,CAP.2|PAR.2
4811,75,11,CAP.2|PAR.2
4812,75,12,CAP.2|PAR.2
4813,75,13,CAP.2|PAR.2
4814,75,14,CAP.2|PAR.2
4815,75,15,CAP.2|PAR.2
4816,75,16,PAR.1|PASS.1|TRI.1
4817,75,17,PAR.5|TRI.5
4818,75,18,PAR.4|TRI.4
4819,75,19,PAR.4|TRI.4
4832,75,32,PAR.0|TRI.0
4833,75,33,PAR.5|TRI.5
4834,75,34,PAR.4|TRI.4
4835,75,35,PAR.4|TRI.4
4848,75,48,PAR.0|TRI.0
4849,75,49,PAR.5|TRI.5
4850,75,50,PAR.4|TRI.4
4851,75,51,PAR.4|TRI.4
4864,76,0,CAP.0|D0.0|D1.0|PAR.0|PASS.0|TRI.0
4865,76,1,CAP.5|PAR.5|TRI.5
4866,76,2,CAP.4|PAR.4|TRI.4
4867,76,3,CAP.4|PAR.4|TRI.4
4868,76,4,CAP.3|PAR.3
4869,76,5,CAP.3|PAR.3
4870,76,6,CAP.3|PAR.3
4871,76,7,CAP.3|PAR.3
4872,76,8,CAP.2|D0.2|D1.2|PAR.2
4873,76,9,CAP.5|PAR.5
4874,76,10,CAP.2|PAR.2
4875,76,11,CAP.2|PAR.2
4876,76,12,CAP.2|PAR.2
4877,76,13,CAP.2|PAR.2
4878,76,14,CAP.2|PAR.2
4879,76,15,CAP.2|PAR.2
4880,76,16,PAR.1|PASS.1|TRI.1
4881,76,17,PAR.5|TRI.5
4882,76,18,PAR.4|TRI.4
4883,76,19,PAR.4|TRI.4
4896,76,32,PAR.0|PASS.0|TRI.0
4897,76,33,PAR.5|TRI.5
4898,76,34,PAR.4|TRI.4
4899,76,35,PAR.4|TRI.4
4912,76,48,PAR.0|PASS.0|TRI.0
4913,76,49,PAR.5|TRI.5
4914,76,50,PAR.4|TRI.4
4915,76,51,PAR.4|TRI.4
4928,77,0,CAP.0|D0.0|D1.0|PAR.0|PASS.0|TRI.0
4929,77,1,CAP.5|PAR.5|TRI.5
4930,77,2,CAP.4|PAR.4|TRI.4
4931,77,3,CAP.4|PAR.4|TRI.4
4932,77,4,CAP.3|PAR.3
4933,77,5,CAP.3|PAR.3
4934,77,6,CAP.3|PAR.3
4935,77,7,CAP.3|PAR.3
4936,77,8,CAP.2|D0.2|D1.2|PAR.2
4937,77,9,CAP.5|PAR.5
4938,77,10,CAP.2|PAR.2
4939,77,11,CAP.2|PAR.2
4940,77,12,CAP.2|PAR.2
4941,77,13,CAP.2|PAR.2
4942,77,14,CAP.2|PAR.2
4943,77,15,CAP.2|PAR.2
4944,77,16,PAR.1|PASS.1|TRI.1
4945,77,17,PAR.5|TRI.5
4946,77,18,PAR.1|TRI.1
4947,77,19,PAR.4|TRI.4
4960,77,32,PAR.0|TRI.0
4961,77,33,PAR.5|TRI.5
4962,77,34,PAR.4|TRI.4
4963,77,35,PAR.4|TRI.4
4976,77,48,PAR.0|TRI.0
4977,77,49,PAR.5|TRI.5
4978,77,50,PAR.4|TRI.4
4979,77,51,PAR.4|TRI.4
4992,78,0,CAP.0|D0.0|D1.0|PAR.0|PASS.0|TRI.0
4994,78,2,D0.4|D1.4|PASS.4|TRI.4
4996,78,4,CAP.3|D0.3|PASS.3
4998,78,6,D0.3|PASS.3
5000,78,8,CAP.2|PASS.2
5001,78,9,PASS.2|PASS.5
5004,78,12,CAP.2|PASS.2
5008,78,16,CAP.1|PASS.1|TRI.1
5010,78,18,PASS.1|PASS.4|TRI.4
5012,78,20,CAP.1|PASS.1
5016,78,24,CAP.1|PASS.1
5019,78,27,PASS.1|PASS.4
5020,78,28,CAP.1|PASS.1
5056,79,0,CAP.0|D0.0|D1.0|PAR.0|PASS.0|TRI.0
5057,79,1,PAR.5|PASS.5|TRI.5
5058,79,2,PASS.4|TRI.4
5072,79,16,D0.1|D1.1|PASS.1
5088,79,32,PAR.0|PASS.0|TRI.0
5089,79,33,PAR.5|PASS.5|TRI.5
5120,80,0,CAP.0|D0.0|D1.0|PAR.0|PASS.0|TRI.0
5121,80,1,PAR.5|PASS.5|TRI.5
5122,80,2,PASS.4|TRI.4
5136,80,16,D0.1|D1.1|PASS.1
5152,80,32,PAR.0|PASS.0|TRI.0
5153,80,33,PAR.5|PASS.5|TRI.5
5184,81,0,CAP.0|D0.0|D1.0|PAR.0|PASS.0|TRI.0
5185,81,1,PAR.5|PASS.5|TRI.5
5186,81,2,PAR.4|PASS.4|TRI.4
5187,81,3,PAR.4|PASS.4|TRI.4
5200,81,16,D0.1|D1.1|PASS.1
5220,81,36,PASS.0|PASS.3|TRI.0
5248,82,0,CAP.0|D0.0|D1.0|PAR.0|PASS.0|TRI.0
5249,82,1,PAR.5|PASS.5|TRI.5
5250,82,2,PAR.4|PASS.4|TRI.4
5251,82,3,PAR.4|PASS.4|TRI.4
5264,82,16,D0.1|D1.1|PASS.1
5284,82,36,PASS.0|PASS.3|TRI.0
5312,83,0,CAP.0|D0.0|D1.0|PAR.0|PASS.0|TRI.0
5313,83,1,PAR.5|PASS.5|TRI.5
5314,83,2,PASS.4|TRI.4
5328,83,16,D0.1|D1.1|PASS.1
5344,83,32,PAR.0|PASS.0|TRI.0
5345,83,33,PAR.5|PASS.5|TRI.5
5376,84,0,CAP.0|D0.0|D1.0|PAR.0|PASS.0|TRI.0
5377,84,1,PAR.5|PASS.5|TRI.5
5378,84,2,PASS.4|TRI.4
5392,84,16,D0.1|D1.1|PASS.1
5408,84,32,PAR.0|PASS.0|TRI.0
5409,84,33,PAR.5|PASS.5|TRI.5
5440,85,0,CAP.0|D0.0|D1.0|PAR.0|PASS.0|TRI.0
5441,85,1,PAR.5|PASS.5|TRI.5
5442,85,2,PASS.4|TRI.4
5443,85,3,PASS.4|TRI.4
5456,85,16,D0.1|D1.1|PASS.1
5476,85,36,CAP.3|PASS.0
5504,86,0,CAP.0|D0.0|D1.0|PAR.0|PASS.0|TRI.0
5505,86,1,PAR.5|PASS.5|TRI.5
5506,86,2,PASS.4|TRI.4
5507,86,3,PASS.4|TRI.4
5520,86,16,D0.1|D1.1|PASS.1
5540,86,36,PASS.0|PASS.3|TRI.0
5568,87,0,CAP.0|D0.0|D1.0|PAR.0|PASS.0|TRI.0
5569,87,1,PAR.5|PASS.5|TRI.5
5570,87,2,PASS.4|TRI.4
5571,87,3,PASS.4|TRI.4
5584,87,16,D0.1|D1.1|PASS.1
5604,87,36,PASS.0|PASS.3|TRI.0
5632,88,0,CAP.0|D0.0|D1.0|PAR.0|PASS.0|TRI.0
5633,88,1,CAP.5|D0.5|PASS.5
5634,88,2,CAP.4|PASS.4
5635,88,3,CAP.4|PASS.4
5648,88,16,D0.1|D1.1|PASS.1
5668,88,36,PASS.0|PASS.3|TRI.0
5696,89,0,CAP.0|D0.0|D1.0|PAR.0|PASS.0|TRI.0
5697,89,1,CAP.5|D0.5|PASS.5
5698,89,2,CAP.4|PASS.4
5699,89,3,CAP.4|PASS.4
5712,89,16,D0.1|D1.1|PASS.1
5714,89,18,PASS.1|PASS.4
5717,89,21,PASS.1|TRI.3
5732,89,36,PASS.0|PASS.3|TRI.0
5750,89,54,PASS.0|PASS.3
5760,90,0,CAP.0|D0.0|D1.0|PAR.0|PASS.0|TRI.0
5761,90,1,CAP.5|D0.5|PASS.5
5762,90,2,CAP.4|PASS.4
5763,90,3,CAP.4|PASS.4
5764,90,4,CAP.3|PASS.3|TRI.3
5765,90,5,CAP.3|PASS.3
5766,90,6,CAP.3|PASS.3
5767,90,7,CAP.3|PASS.3
5778,90,18,PASS.1|PASS.4
5792,90,32,D0.0|D1.0|PASS.0|TRI.0
5793,90,33,D0.5|PASS.5
5796,90,36,PASS.0|PASS.3|TRI.0
5814,90,54,PASS.0|PASS.3
5824,91,0,CAP.0|D0.0|D1.0|PAR.0|PASS.0|TRI.0
5825,91,1,CAP.5|D0.5|PASS.5
5826,91,2,CAP.4|PASS.4
5827,91,3,CAP.4|PASS.4
5828,91,4,CAP.3|PASS.3|TRI.3
5829,91,5,CAP.3|PASS.3
5830,91,6,CAP.3|PASS.3
5831,91,7,CAP.3|PASS.3
5840,91,16,D0.1|D1.1|PASS.1
5888,92,0,CAP.0|D0.0|D1.0|PAR.0|PASS.0|TRI.0
5892,92,4,D0.3|D1.3|PASS.3
5896,92,8,PAR.2|PASS.2|TRI.2
5904,92,16,PAR.1|PASS.1|TRI.1
5912,92,24,PAR.1|PASS.1|TRI.1
5920,92,32,PASS.0|TRI.0
5952,93,0,CAP.0|D0.0|D1.0|PAR.0|PASS.0|TRI.0
5956,93,4,D0.3|D1.3|PASS.3
5960,93,8,PAR.2|PASS.2|TRI.2
5968,93,16,PAR.1|PASS.1|TRI.1
5976,93,24,PAR.1|PASS.1|TRI.1
5984,93,32,PASS.0|TRI.0
6016,94,0,CAP.0|D0.0|D1.0|PAR.0|PASS.0|TRI.0
6020,94,4,D0.3|D1.3|PASS.3
6025,94,9,CAP.5|PASS.2
6032,94,16,PAR.1|PASS.1|TRI.1
6048,94,32,PASS.0|TRI.0
6064,94,48,PASS.0|TRI.0
6080,95,0,CAP.0|D0.0|D1.0|PAR.0|PASS.0|TRI.0
6081,95,1,D0.5|D1.5|PASS.5
6082,95,2,PAR.4|PASS.4|TRI.4
6084,95,4,PAR.3|PASS.3|TRI.3
6086,95,6,PAR.3|PASS.3|TRI.3
6088,95,8,PASS.2|TRI.2
6144,96,0,CAP.0|D0.0|D1.0|PAR.0|PASS.0|TRI.0
6145,96,1,D0.5|D1.5|PASS.5
6146,96,2,PAR.4|PASS.4|TRI.4
6148,96,4,PAR.3|PASS.3|TRI.3
6150,96,6,PAR.3|PASS.3|TRI.3
6152,96,8,PASS.2|TRI.2
6208,97,0,CAP.0|D0.0|D1.0|PAR.0|PASS.0|TRI.0
6209,97,1,D0.5|D1.5|PASS.5
6212,97,4,PAR.3|PASS.3|TRI.3
6216,97,8,PAR.2|PASS.2|TRI.2
6220,97,12,PAR.2|PASS.2|TRI.2
6226,97,18,PASS.1|PASS.4|TRI.4
6272,98,0,CAP.0|D0.0|D1.0|PAR.0|PASS.0|TRI.0
6273,98,1,D0.5|D1.5|PASS.5
6276,98,4,PAR.3|PASS.3|TRI.3
6280,98,8,PASS.2|TRI.2
6284,98,12,PASS.2|TRI.2
6290,98,18,CAP.1|PASS.4
6336,99,0,CAP.0|D0.0|D1.0|PAR.0|PASS.0|TRI.0
6337,99,1,D0.5|D1.5|PASS.5
6340,99,4,PAR.3|PASS.3|TRI.3
6344,99,8,PASS.2|TRI.2
6348,99,12,PASS.2|TRI.2
6354,99,18,PASS.1|PASS.4|TRI.4
6400,100,0,CAP.0|D0.0|D1.0|PAR.0|PASS.0|TRI.0
6401,100,1,D0.5|D1.5|PASS.5
6404,100,4,CAP.3|D0.3|PASS.3
6408,100,8,CAP.2|PASS.2
6412,100,12,CAP.2|PASS.2
6418,100,18,PASS.1|PASS.4|TRI.4
6464,101,0,CAP.0|D0.0|D1.0|PAR.0|PASS.0|TRI.0
6465,101,1,CAP.5|PASS.5|TRI.5
6472,101,8,D0.2|D1.2|PASS.2|TRI.2
6473,101,9,PASS.2|PASS.5|TRI.2
6480,101,16,CAP.1|D0.1|PASS.1
6481,101,17,CAP.5|PASS.5
6488,101,24,D0.1|PASS.1
6496,101,32,CAP.0|PASS.0
6497,101,33,CAP.5|PASS.5
6500,101,36,PASS.0|PASS.3
6509,101,45,PASS.2|PASS.5
6512,101,48,CAP.0|PASS.0
6513,101,49,CAP.5|PASS.5
6528,102,0,CAP.0|D0.0|D1.0|PAR.0|PASS.0|TRI.0
6529,102,1,CAP.5|PASS.5|TRI.5
6532,102,4,D0.3|D1.3|PASS.3
6544,102,16,CAP.1|D0.1|PASS.1
6545,102,17,CAP.5|PASS.5
6560,102,32,CAP.0|PASS.0
6561,102,33,CAP.5|PASS.5
6576,102,48,CAP.0|PASS.0
6577,102,49,CAP.5|PASS.5
6592,103,0,CAP.0|D0.0|D1.0|PAR.0|PASS.0|TRI.0
6596,103,4,D0.3|D1.3|PASS.3
6601,103,9,PASS.2|PASS.5|TRI.2
6608,103,16,PAR.1|PASS.1|TRI.1
6624,103,32,PAR.0|PASS.0|TRI.0
6640,103,48,PAR.0|PASS.0|TRI.0
6656,104,0,CAP.0|D0.0|D1.0|PAR.0|PASS.0|TRI.0
6660,104,4,D0.3|D1.3|PASS.3
6665,104,9,PASS.2|PASS.5|TRI.2
6672,104,16,PAR.1|PASS.1|TRI.1
6688,104,32,PASS.0|TRI.0
6704,104,48,PASS.0|TRI.0
6720,105,0,CAP.0|D0.0|D1.0|PAR.0|PASS.0|TRI.0
6724,105,4,D0.3|D1.3|PASS.3
6729,105,9,PASS.2|PASS.5|TRI.2
6736,105,16,CAP.1|D0.1|PASS.1
6752,105,32,CAP.0|PASS.0
6768,105,48,CAP.0|PASS.0
6784,106,0,CAP.0|D0.0|D1.0|PAR.0|PASS.0|TRI.0
6788,106,4,D0.3|D1.3|PASS.3
6792,106,8,PAR.2|PASS.2|TRI.2
6800,106,16,PAR.1|PASS.1|TRI.1
6808,106,24,PAR.1|PASS.1|TRI.1
6816,106,32,PASS.0|TRI.0
6848,107,0,CAP.0|D0.0|D1.0|PAR.0|PASS.0|TRI.0
6852,107,4,D0.3|D1.3|PASS.3
6856,107,8,PAR.2|PASS.2|TRI.2
6864,107,16,PAR.1|PASS.1|TRI.1
6872,107,24,PAR.1|PASS.1|TRI.1
6880,107,32,PASS.0|TRI.0
6912,108,0,CAP.0|D0.0|D1.0|PAR.0|PASS.0|TRI.0
6916,108,4,D0.3|D1.3|PASS.3
6921,108,9,PASS.2|PASS.5|TRI.2
6928,108,16,PAR.1|PASS.1|TRI.1
6944,108,32,PAR.0|PASS.0|TRI.0
6960,108,48,PAR.0|PASS.0|TRI.0
6976,109,0,CAP.0|D0.0|D1.0|PAR.0|PASS.0|TRI.0
6980,109,4,D0.3|D1.3|PASS.3
6985,109,9,PASS.2|PASS.5|TRI.2
6992,109,16,PAR.1|PASS.1|TRI.1
7008,109,32,PASS.0|TRI.0
7024,109,48,PASS.0|TRI.0
7040,110,0,CAP.0|D0.0|D1.0|PAR.0|PASS.0|TRI.0
7044,110,4,D0.3|D1.3|PASS.3
7049,110,9,PASS.2|PASS.5|TRI.2
7056,110,16,CAP.1|D0.1|PASS.1
7061,110,21,PASS.3|TRI.5
7072,110,32,CAP.0|PASS.0
7076,110,36,PASS.0|PASS.3
7085,110,45,PASS.2|PASS.5
7088,110,48,CAP.0|PASS.0
7104,111,0,CAP.0|D0.0|D1.0|PAR.0|PASS.0|TRI.0
7105,111,1,D0.5|D1.5|PASS.5
7106,111,2,PAR.4|PASS.4|TRI.4
7108,111,4,PAR.3|PASS.3|TRI.3
7110,111,6,PAR.3|PASS.3|TRI.3
7112,111,8,PASS.2|TRI.2
7168,112,0,CAP.0|D0.0|D1.0|PAR.0|PASS.0|TRI.0
7169,112,1,D0.5|D1.5|PASS.5
7170,112,2,PAR.4|PASS.4|TRI.4
7172,112,4,PAR.3|PASS.3|TRI.3
7174,112,6,PAR.3|PASS.3|TRI.3
7176,112,8,PASS.2|TRI.2
7232,113,0,CAP.0|D0.0|D1.0|PAR.0|PASS.0|TRI.0
7233,113,1,D0.5|D1.5|PASS.5
7236,113,4,PAR.3|PASS.3|TRI.3
7240,113,8,PAR.2|PASS.2|TRI.2
7244,113,12,PAR.2|PASS.2|TRI.2
7250,113,18,PASS.1|PASS.4|TRI.4
7296,114,0,CAP.0|D0.0|D1.0|PAR.0|PASS.0|TRI.0
7297,114,1,D0.5|D1.5|PASS.5
7300,114,4,PAR.3|PASS.3|TRI.3
7304,114,8,PASS.2|TRI.2
7308,114,12,PASS.2|TRI.2
7314,114,18,PASS.1|PASS.4|TRI.4
7360,115,0,CAP.0|D0.0|D1.0|PAR.0|PASS.0|TRI.0
7361,115,1,D0.5|D1.5|PASS.5
7364,115,4,CAP.3|D0.3|PASS.3
7368,115,8,CAP.2|PASS.2
7369,115,9,PASS.2|PASS.5
7372,115,12,CAP.2|PASS.2
7378,115,18,PASS.1|PASS.4|TRI.4
7381,115,21,PASS.5|TRI.1
7387,115,27,PASS.1|PASS.4
7424,116,0,CAP.0|D0.0|D1.0|PAR.0|PASS.0|TRI.0
7425,116,1,D0.5|D1.5|PASS.5
7428,116,4,CAP.3|D0.3|PASS.3
7432,116,8,CAP.2|PASS.2
7436,116,12,CAP.2|PASS.2
7440,116,16,CAP.1|PASS.1|TRI.1
7444,116,20,CAP.1|PASS.1
7448,116,24,CAP.1|PASS.1
7452,116,28,CAP.1|PASS.1
7488,117,0,CAP.0|D0.0|D1.0|PAR.0|PASS.0|TRI.0
7489,117,1,CAP.5|TRI.5
7490,117,2,CAP.4|TRI.4
7491,117,3,CAP.4|TRI.4
7496,117,8,D0.2|D1.2|PASS.2|TRI.2
7504,117,16,PAR.1|PASS.1|TRI.1
7520,117,32,PAR.0|PASS.0|TRI.0
7536,117,48,PAR.0|PASS.0|TRI.0
7552,118,0,CAP.0|D0.0|D1.0|PAR.0|PASS.0|TRI.0
7553,118,1,CAP.5|TRI.5
7554,118,2,CAP.4|TRI.4
7555,118,3,CAP.4|TRI.4
7560,118,8,D0.2|D1.2|PASS.2|TRI.2
7568,118,16,PAR.1|PASS.1|TRI.1
7584,118,32,PASS.0|TRI.0
7600,118,48,PASS.0|TRI.0
7616,119,0,CAP.0|D0.0|D1.0|PAR.0|PASS.0|TRI.0
7617,119,1,PAR.5|PASS.5|TRI.5
7618,119,2,D0.4|D1.4|TRI.4
7620,119,4,D0.3|D1.3|TRI.3
7624,119,8,D0.2|D1.2|TRI.2
7626,119,10,D0.2|D1.2|TRI.2
7648,119,32,PAR.0|PASS.0|TRI.0
7649,119,33,PAR.5|PASS.5|TRI.5
7680,120,0,CAP.0|D0.0|D1.0|PAR.0|PASS.0|TRI.0
7681,120,1,PAR.5|PASS.5|TRI.5
7682,120,2,PAR.4|TRI.4
7683,120,3,PAR.4|TRI.4
7684,120,4,CAP.3|PAR.3|TRI.3
7685,120,5,PAR.3|TRI.3
7686,120,6,PAR.3|TRI.3
7687,120,7,PAR.3|TRI.3
7688,120,8,CAP.2|PAR.2|TRI.2
7689,120,9,PAR.5|TRI.5
7690,120,10,PAR.2|TRI.2
7691,120,11,PAR.2|TRI.2
7692,120,12,CAP.2|PAR.2|TRI.2
7693,120,13,PAR.2|TRI.2
7694,120,14,PAR.2|TRI.2
7695,120,15,PAR.2|TRI.2
7712,120,32,D0.0|D1.0|PASS.0|TRI.0
7744,121,0,CAP.0|D0.0|D1.0|PAR.0|PASS.0|TRI.0
7745,121,1,PAR.5|PASS.5|TRI.5
7746,121,2,PAR.4|PASS.4|TRI.4
7747,121,3,PAR.4|PASS.4|TRI.4
7748,121,4,CAP.3|TRI.3
7752,121,8,CAP.2|TRI.2
7756,121,12,CAP.2|TRI.2
7776,121,32,D0.0|D1.0|PASS.0|TRI.0
7808,122,0,CAP.0|D0.0|D1.0|PAR.0|PASS.0|TRI.0
7809,122,1,PAR.5|PASS.5|TRI.5
7810,122,2,PAR.4|PASS.4|TRI.4
7811,122,3,PAR.4|PASS.4|TRI.4
7812,122,4,CAP.3|PAR.3|TRI.3
7813,122,5,PAR.3|TRI.3
7814,122,6,PAR.3|TRI.3
7815,122,7,PAR.3|TRI.3
7816,122,8,CAP.2|PAR.2|TRI.2
7817,122,9,PAR.5|TRI.5
7818,122,10,PAR.2|TRI.2
7819,122,11,PAR.2|TRI.2
7820,122,12,CAP.2|PAR.2|TRI.2
7821,122,13,PAR.2|TRI.2
7822,122,14,PAR.2|TRI.2
7823,122,15,PAR.2|TRI.2
7840,122,32,D0.0|D1.0|PASS.0|TRI.0
7872,123,0,CAP.0|D0.0|D1.0|PAR.0|PASS.0|TRI.0
7873,123,1,PAR.5|PASS.5|TRI.5
7874,123,2,PAR.4|PASS.4|TRI.4
7875,123,3,PAR.4|PASS.4|TRI.4
7876,123,4,CAP.3|PASS.3|TRI.3
7880,123,8,CAP.2|TRI.2
7884,123,12,CAP.2|TRI.2
7904,123,32,D0.0|D1.0|PASS.0|TRI.0
7908,123,36,PASS.0|PASS.3|TRI.0
7936,124,0,CAP.0|D0.0|D1.0|PAR.0|PASS.0|TRI.0
7937,124,1,PAR.5|PASS.5|TRI.5
7938,124,2,D0.4|D1.4|TRI.4
7940,124,4,D0.3|D1.3|TRI.3
7944,124,8,D0.2|D1.2|TRI.2
7946,124,10,D0.2|D1.2|TRI.2
7957,124,21,PASS.5|TRI.1
7968,124,32,PAR.0|PASS.0|TRI.0
7969,124,33,PAR.5|PASS.5|TRI.5
8000,125,0,CAP.0|D0.0|D1.0|PAR.0|PASS.0|TRI.0
8001,125,1,PAR.5|PASS.5|TRI.5
8002,125,2,PAR.4|TRI.4
8003,125,3,PAR.4|TRI.4
8004,125,4,CAP.3|PAR.3|TRI.3
8005,125,5,PAR.3|TRI.3
8006,125,6,PAR.3|TRI.3
8007,125,7,PAR.3|TRI.3
8008,125,8,CAP.2|PAR.2|TRI.2
8009,125,9,PAR.5|TRI.5
8010,125,10,PAR.2|TRI.2
8011,125,11,PAR.2|TRI.2
8012,125,12,CAP.2|PAR.2|TRI.2
8013,125,13,PAR.2|TRI.2
8014,125,14,PAR.2|TRI.2
8015,125,15,PAR.2|TRI.2
8032,125,32,D0.0|D1.0|PASS.0|TRI.0
8064,126,0,CAP.0|D0.0|D1.0|PAR.0|PASS.0|TRI.0
8065,126,1,PAR.5|PASS.5|TRI.5
8066,126,2,PASS.4|TRI.4
8067,126,3,PASS.4|TRI.4
8068,126,4,CAP.3|TRI.3
8072,126,8,CAP.2|TRI.2
8076,126,12,CAP.2|TRI.2
8096,126,32,D0.0|D1.0|PASS.0|TRI.0
8128,127,0,CAP.0|D0.0|D1.0|PAR.0|PASS.0|TRI.0
8129,127,1,CAP.5|PAR.5|TRI.5
8130,127,2,CAP.4|PAR.4|TRI.4
8131,127,3,CAP.4|PAR.4|TRI.4
8136,127,8,D0.2|D1.2|PASS.2|TRI.2
8144,127,16,PAR.1|PASS.1|TRI.1
8145,127,17,PAR.5|TRI.5
8146,127,18,PAR.4|TRI.4
8147,127,19,PAR.4|TRI.4
8160,127,32,PAR.0|TRI.0
8161,127,33,PAR.5|TRI.5
8162,127,34,PAR.4|TRI.4
8163,127,35,PAR.4|TRI.4
8176,127,48,PAR.0|TRI.0
8177,127,49,PAR.5|TRI.5
8178,127,50,PAR.4|TRI.4
8179,127,51,PAR.4|TRI.4
8192,128,0,CAP.0|D0.0|D1.0|PAR.0|PASS.0|TRI.0
8193,128,1,CAP.5|PAR.5|TRI.5
8194,128,2,CAP.4|PAR.4|TRI.4
8195,128,3,CAP.4|PAR.4|TRI.4
8200,128,8,D0.2|D1.2|PASS.2|TRI.2
8208,128,16,PAR.1|PASS.1|TRI.1
8209,128,17,PAR.5|TRI.5
8210,128,18,PAR.4|TRI.4
8211,128,19,PAR.4|TRI.4
8224,128,32,PAR.0|PASS.0|TRI.0
8225,128,33,PAR.5|TRI.5
8226,128,34,PAR.4|TRI.4
8227,128,35,PAR.4|TRI.4
8240,128,48,PAR.0|PASS.0|TRI.0
8241,128,49,PAR.5|TRI.5
8242,128,50,PAR.4|TRI.4
8243,128,51,PAR.4|TRI.4
8256,129,0,CAP.0|D0.0|D1.0|PAR.0|PASS.0|TRI.0
8257,129,1,CAP.5|PAR.5|TRI.5
8258,129,2,CAP.4|PAR.4|TRI.4
8259,129,3,CAP.4|PAR.4|TRI.4
8264,129,8,D0.2|D1.2|PASS.2|TRI.2
8272,129,16,PAR.1|PASS.1|TRI.1
8273,129,17,PAR.5|TRI.5
8274,129,18,PAR.1|TRI.1
8275,129,19,PAR.4|TRI.4
8288,129,32,PAR.0|TRI.0
8289,129,33,PAR.5|TRI.5
8290,129,34,PAR.4|TRI.4
8291,129,35,PAR.4|TRI.4
8304,129,48,PAR.0|TRI.0
8305,129,49,PAR.5|TRI.5
8306,129,50,PAR.4|TRI.4
8307,129,51,PAR.4|TRI.4
8320,130,0,CAP.0|D0.0|D1.0|PAR.0|PASS.0|TRI.0
8321,130,1,CAP.5|PASS.5|TRI.5
8322,130,2,CAP.4|TRI.4
8323,130,3,CAP.4|TRI.4
8328,130,8,D0.2|D1.2|PASS.2|TRI.2
8329,130,9,PASS.2|PASS.5|TRI.2
8336,130,16,PAR.1|PASS.1|TRI.1
8352,130,32,PAR.0|PASS.0|TRI.0
8368,130,48,PAR.0|PASS.0|TRI.0
8384,131,0,CAP.0|D0.0|D1.0|PAR.0|PASS.0|TRI.0
8385,131,1,D0.5|D1.5|TRI.5
8386,131,2,D0.4|D1.4|TRI.4
8392,131,8,PAR.2|PASS.2|TRI.2
8400,131,16,PAR.1|PASS.1|TRI.1
8405,131,21,PASS.1|TRI.3
8408,131,24,PAR.1|PASS.1|TRI.1
8416,131,32,D0.0|D1.0|TRI.0
8418,131,34,D0.4|D1.4|TRI.4
8448,132,0,CAP.0|D0.0|D1.0|PAR.0|PASS.0|TRI.0
8449,132,1,D0.5|D1.5|TRI.5
8450,132,2,D0.4|D1.4|TRI.4
8456,132,8,PAR.2|PASS.2|TRI.2
8464,132,16,PAR.1|PASS.1|TRI.1
8472,132,24,PAR.1|PASS.1|TRI.1
8480,132,32,D0.0|D1.0|TRI.0
8482,132,34,D0.4|D1.4|TRI.4
8512,133,0,CAP.0|D0.0|D1.0|PAR.0|PASS.0|TRI.0
8514,133,2,PAR.4|PASS.4|TRI.4
8516,133,4,PAR.3|PASS.3|TRI.3
8518,133,6,PAR.3|PASS.3|TRI.3
8520,133,8,D0.2|D1.2|TRI.2
8528,133,16,D0.1|D1.1|TRI.1
8533,133,21,PASS.3|TRI.5
8544,133,32,D0.0|D1.0|TRI.0
8552,133,40,D0.0|D1.0|TRI.0
8576,134,0,CAP.0|D0.0|D1.0|PAR.0|PASS.0|TRI.0
8578,134,2,PAR.4|PASS.4|TRI.4
8580,134,4,PAR.3|PASS.3|TRI.3
8582,134,6,PAR.3|PASS.3|TRI.3
8584,134,8,D0.2|D1.2|TRI.2
8592,134,16,D0.1|D1.1|TRI.1
8608,134,32,D0.0|D1.0|TRI.0
8616,134,40,D0.0|D1.0|TRI.0
8640,135,0,CAP.0|D0.0|D1.0|PAR.0|PASS.0|TRI.0
8642,135,2,D0.4|D1.4|PASS.4|TRI.4
8644,135,4,PAR.3|PASS.3|TRI.3
8648,135,8,PAR.2|TRI.2
8652,135,12,PAR.2|TRI.2
8656,135,16,CAP.1|PAR.1|TRI.1
8660,135,20,PAR.1|TRI.1
8664,135,24,PAR.1|TRI.1
8668,135,28,PAR.1|TRI.1
8672,135,32,CAP.0|PAR.0|TRI.0
8676,135,36,PAR.0|TRI.0
8680,135,40,PAR.0|TRI.0
8684,135,44,PAR.0|TRI.0
8688,135,48,CAP.0|PAR.0|TRI.0
8692,135,52,PAR.0|TRI.0
8696,135,56,PAR.0|TRI.0
8700,135,60,PAR.0|TRI.0
8704,136,0,CAP.0|D0.0|D1.0|PAR.0|PASS.0|TRI.0
8706,136,2,D0.4|D1.4|PASS.4|TRI.4
8708,136,4,PAR.3|PASS.3|TRI.3
8712,136,8,PAR.2|PASS.2|TRI.2
8716,136,12,PAR.2|PASS.2|TRI.2
8720,136,16,CAP.1|TRI.1
8736,136,32,CAP.0|TRI.0
8752,136,48,CAP.0|TRI.0
8768,137,0,CAP.0|D0.0|D1.0|PAR.0|PASS.0|TRI.0
8770,137,2,D0.4|D1.4|PASS.4|TRI.4
8772,137,4,PAR.3|PASS.3|TRI.3
8776,137,8,PAR.2|PASS.2|TRI.2
8780,137,12,PAR.2|PASS.2|TRI.2
8784,137,16,CAP.1|PAR.1|TRI.1
8788,137,20,PAR.1|TRI.1
8792,137,24,PAR.1|TRI.1
8796,137,28,PAR.1|TRI.1
8800,137,32,CAP.0|PAR.0|TRI.0
8804,137,36,PAR.0|TRI.0
8808,137,40,PAR.0|TRI.0
8812,137,44,PAR.0|TRI.0
8816,137,48,CAP.0|PAR.0|TRI.0
8820,137,52,PAR.0|TRI.0
8824,137,56,PAR.0|TRI.0
8828,137,60,PAR.0|TRI.0
8832,138,0,CAP.0|D0.0|D1.0|PAR.0|PASS.0|TRI.0
8834,138,2,D0.4|D1.4|PASS.4|TRI.4
8836,138,4,PAR.3|PASS.3|TRI.3
8840,138,8,PAR.2|PASS.2|TRI.2
8844,138,12,PAR.2|PASS.2|TRI.2
8848,138,16,CAP.1|PASS.1|TRI.1
8850,138,18,PASS.1|PASS.4|TRI.4
8864,138,32,CAP.0|TRI.0
8880,138,48,CAP.0|TRI.0
8896,139,0,CAP.0|D0.0|D1.0|PAR.0|PASS.0|TRI.0
8898,139,2,D0.4|D1.4|PASS.4|TRI.4
8900,139,4,PAR.3|PASS.3|TRI.3
8904,139,8,PAR.2|TRI.2
8908,139,12,PAR.2|TRI.2
8912,139,16,CAP.1|PAR.1|TRI.1
8916,139,20,PAR.1|TRI.1
8920,139,24,PAR.1|TRI.1
8924,139,28,PAR.1|TRI.1
8928,139,32,CAP.0|PAR.0|TRI.0
8932,139,36,PAR.3|TRI.3
8936,139,40,PAR.0|TRI.0
8940,139,44,PAR.0|TRI.0
8944,139,48,CAP.0|PAR.0|TRI.0
8948,139,52,PAR.0|TRI.0
8952,139,56,PAR.0|TRI.0
8956,139,60,PAR.0|TRI.0
8960,140,0,CAP.0|D0.0|D1.0|PAR.0|PASS.0|TRI.0
8962,140,2,D0.4|D1.4|PASS.4|TRI.4
8964,140,4,PAR.3|PASS.3|TRI.3
8968,140,8,PASS.2|TRI.2
8972,140,12,PASS.2|TRI.2
8976,140,16,CAP.1|TRI.1
8992,140,32,CAP.0|TRI.0
9008,140,48,CAP.0|TRI.0
